state,postcode,individuals,taxable_individuals,total_taxable_income,avg_taxable_income,median_taxable_income,rank_australia,rank_state
ACT,2600,6205,6154,807622914,130157,89958,55,2
ACT,2601,3599,3554,260249690,72312,51399,835,24
ACT,2602,23679,23501,2134457988,90141,74570,303,7
ACT,2603,7828,7773,1115508646,142502,88305,41,1
ACT,2604,9332,9266,1007744872,107988,88009,139,4
ACT,2605,8200,8151,942381384,114925,80963,102,3
ACT,2606,9035,8960,792720816,87739,72304,340,10
ACT,2607,10012,9945,935612813,93449,72512,263,6
ACT,2609,550,545,47586289,86521,57812,365,12
ACT,2611,26207,26009,2348069775,89597,76952,310,9
ACT,2612,14005,13915,1322520403,94432,77846,247,5
ACT,2614,13799,13693,1172299290,84955,69062,386,13
ACT,2615,30859,30630,2336476072,75715,68610,669,21
ACT,2616,106,106,9272178,87473,62645,347,11
ACT,2617,26555,26311,1987925672,74861,64568,701,22
ACT,2900,3743,3723,273620650,73102,67816,795,23
ACT,2902,10125,10058,792556095,78277,67885,574,18
ACT,2903,6189,6135,483621771,78142,68815,579,19
ACT,2904,8718,8659,726910848,83380,71635,430,14
ACT,2905,18573,18463,1415522214,76214,69852,643,20
ACT,2906,11840,11764,931598895,78682,72181,551,16
ACT,2911,3099,3070,278762146,89952,78428,306,8
ACT,2912,6198,6135,437832825,70641,61720,927,25
ACT,2913,28097,27862,2204806218,78471,69253,568,17
ACT,2914,22042,21846,1836973350,83340,73488,432,15
NSW,1240,56,51,4353854,77747,33272,594,170
NSW,1355,58,55,5873166,101261,60130,183,77
NSW,1871,51,49,4037745,79171,41978,530,160
NSW,2000,25285,24712,2419248728,95679,42667,234,91
NSW,2001,226,215,36316533,160693,52806,22,12
NSW,2002,60,52,3514360,58573,23036,1773,426
NSW,2006,52,52,6632232,127543,51596,61,34
NSW,2007,5431,5303,325350177,59906,41716,1667,400
NSW,2008,6825,6707,476730331,69851,49587,974,255
NSW,2009,9275,9108,932881978,100580,63496,187,80
NSW,2010,19983,19784,2257081637,112950,74240,116,56
NSW,2011,13647,13513,1775619149,130111,75591,56,31
NSW,2012,70,70,8571986,122457,55529,75,42
NSW,2013,53,51,4166102,78606,64177,557,162
NSW,2014,51,50,6347562,124462,90000,71,38
NSW,2015,8544,8484,986506729,115462,86830,99,52
NSW,2016,9039,8953,863316003,95510,69312,237,93
NSW,2017,17647,17375,1474886686,83577,68607,425,135
NSW,2018,12526,12379,959862120,76630,62514,627,175
NSW,2019,8829,8753,750635745,85019,71705,385,128
NSW,2020,15085,14885,1019396695,67577,56032,1119,290
NSW,2021,10808,10704,1698479139,157150,85176,26,15
NSW,2022,10059,9968,1198198008,119117,67724,88,49
NSW,2023,7634,7550,1651713291,216363,83557,8,6
NSW,2024,7678,7615,1313498194,171073,83767,15,10
NSW,2025,5258,5195,1273837897,242267,87075,3,3
NSW,2026,24600,24355,3457170725,140535,75956,47,27
NSW,2027,5841,5767,1633798952,279712,88701,1,1
NSW,2028,3487,3437,892325216,255901,89364,2,2
NSW,2029,7046,6970,1118799486,158785,78771,24,13
NSW,2030,9905,9776,2345009230,236750,81490,5,4
NSW,2031,24089,23909,2822914021,117187,75558,95,50
NSW,2032,9354,9202,720830476,77061,53303,614,173
NSW,2033,8033,7926,724652984,90210,60337,302,111
NSW,2034,14720,14614,1829879380,124312,77466,72,39
NSW,2035,23103,22862,2320541699,100443,64195,188,81
NSW,2036,20465,20283,1713791020,83743,61544,419,133
NSW,2037,10863,10728,1117923737,102911,65844,173,75
NSW,2038,6416,6367,773491535,120557,80570,82,48
NSW,2039,5953,5907,775027250,130191,89684,54,30
NSW,2040,14629,14530,1654428663,113092,82581,112,55
NSW,2041,10634,10547,1686424453,158588,87962,25,14
NSW,2042,13350,13246,1275205985,95521,71699,236,92
NSW,2043,7260,7215,795660158,109595,92216,131,60
NSW,2044,5737,5695,510957028,89063,74324,319,113
NSW,2045,4249,4214,515006080,121206,68338,81,47
NSW,2046,17224,17101,1883033120,109326,73644,136,62
NSW,2047,8000,7932,976197213,122025,77809,77,44
NSW,2048,5309,5278,552414133,104052,75087,166,72
NSW,2049,8436,8387,810515521,96078,73804,228,89
NSW,2050,5939,5872,569069032,95819,76516,232,90
NSW,2052,175,171,5245370,29974,11992,2614,627
NSW,2057,188,178,14144051,75234,25659,687,194
NSW,2059,116,113,16453356,141839,86812,43,24
NSW,2060,11368,11235,1401255156,123263,80989,73,40
NSW,2061,4420,4348,689635964,156026,89272,28,16
NSW,2062,4776,4740,682034246,142804,88763,40,22
NSW,2063,4434,4381,916097759,206608,80810,11,8
NSW,2064,6389,6327,678916751,106263,70082,149,66
NSW,2065,23760,23511,2883590906,121363,84714,80,46
NSW,2066,23265,23084,3508251307,150795,80550,30,17
NSW,2067,18265,17892,1544964757,84586,54834,392,129
NSW,2068,11384,11254,1628456884,143048,76274,39,21
NSW,2069,10011,9897,1460277299,145867,72236,34,19
NSW,2070,10023,9886,1269198900,126629,67484,65,36
NSW,2071,9224,9088,1171316821,126986,62500,63,35
NSW,2072,6161,6061,645308210,104741,62794,161,71
NSW,2073,11684,11537,1435176488,122833,72099,74,41
NSW,2074,15618,15448,1974627161,126433,68277,66,37
NSW,2075,14255,14070,1576836841,110616,64662,126,58
NSW,2076,16245,16051,1861241554,114573,66445,104,54
NSW,2077,28061,27737,2144932398,76438,61673,635,177
NSW,2079,5275,5232,427177320,80981,65151,487,151
NSW,2080,1168,1161,93650558,80180,63347,506,156
NSW,2081,3582,3562,298697426,83388,64371,429,137
NSW,2082,3536,3520,293875746,83110,66203,436,139
NSW,2083,1051,1038,82595278,78587,54446,561,163
NSW,2084,2517,2501,337302749,134010,65838,50,28
NSW,2085,7461,7411,720530274,96573,62774,222,86
NSW,2086,9138,9076,887612303,97134,67031,214,84
NSW,2087,8436,8370,871241928,103277,64010,171,74
NSW,2088,20092,19871,3966280667,197406,82637,12,9
NSW,2089,8801,8712,1128663519,128243,81457,59,32
NSW,2090,9740,9651,1430047594,146822,82327,32,18
NSW,2092,4714,4672,765286049,162343,76454,20,11
NSW,2093,15824,15698,2248375891,142086,74816,42,23
NSW,2094,4362,4322,575526025,131941,77054,52,29
NSW,2095,12189,12083,1723080757,141364,79706,45,25
NSW,2096,10564,10493,1490095984,141054,78922,46,26
NSW,2097,10801,10722,1139479597,105498,65257,156,69
NSW,2099,28952,28727,2569430886,88748,63450,324,115
NSW,2100,14734,14641,1426996790,96851,65838,220,85
NSW,2101,12985,12886,1186810457,91399,63033,287,106
NSW,2102,5342,5310,503980455,94343,65165,249,97
NSW,2103,7533,7480,715525798,94986,61432,241,94
NSW,2104,2459,2438,299212512,121681,59499,78,45
NSW,2105,1429,1411,159973980,111948,60843,123,57
NSW,2106,6862,6812,718976976,104777,63096,160,70
NSW,2107,10487,10376,1343236953,128086,57227,60,33
NSW,2108,1304,1277,291240609,223344,65512,6,5
NSW,2109,65,65,3168650,48748,14815,2412,571
NSW,2110,6277,6210,1311278510,208902,80173,10,7
NSW,2111,10392,10307,1217688330,117176,76366,96,51
NSW,2112,24866,24548,2061084091,82888,62551,440,142
NSW,2113,19408,19138,1607154506,82809,63974,441,143
NSW,2114,17532,17320,1337846816,76309,60892,639,179
NSW,2115,7428,7351,549334843,73955,60726,755,208
NSW,2116,4396,4331,304082196,69172,57962,1013,263
NSW,2117,13537,13360,969041636,71585,55402,870,234
NSW,2118,17578,17308,1213275413,69022,52287,1021,266
NSW,2119,8097,8000,856569674,105789,67081,154,68
NSW,2120,13909,13786,1213069689,87215,66076,351,123
NSW,2121,23653,23322,1889438850,79882,58137,512,158
NSW,2122,21389,21045,1556967810,72793,50187,810,221
NSW,2124,357,349,19733619,55276,29521,2035,482
NSW,2125,11295,11166,1154590616,102221,64062,178,76
NSW,2126,12414,12284,1104796342,88996,65866,320,114
NSW,2127,15766,15514,1194720016,75778,64933,664,189
NSW,2128,1486,1462,89817348,60442,51765,1626,393
NSW,2130,5325,5300,502321099,94333,73240,250,98
NSW,2131,16072,15903,1159774643,72161,57773,841,227
NSW,2132,6857,6779,562239969,81995,60546,459,147
NSW,2133,6737,6665,495998073,73623,58376,769,214
NSW,2134,12375,12128,747820341,60430,45343,1627,394
NSW,2135,20170,19853,1655913849,82098,52860,457,146
NSW,2136,5187,5109,380918217,73437,57534,778,216
NSW,2137,18006,17799,1683463187,93495,64967,261,101
NSW,2138,13406,13176,1047105311,78107,58912,581,168
NSW,2140,15267,15039,965612160,63248,54023,1413,347
NSW,2141,22268,21907,1257381023,56466,46422,1931,459
NSW,2142,18092,17785,979104728,54118,47012,2128,501
NSW,2143,5476,5377,310428172,56689,46768,1911,453
NSW,2144,24829,24301,1174545326,47305,40289,2471,586
NSW,2145,53436,52710,3772806523,70604,59163,929,248
NSW,2146,12298,12173,839142436,68234,58764,1067,277
NSW,2147,22030,21818,1482479856,67294,57293,1151,294
NSW,2148,42147,41647,2523857895,59882,52793,1670,401
NSW,2149,88,87,6084960,69147,51763,1017,264
NSW,2150,26936,26489,1864675858,69226,59277,1010,262
NSW,2151,13147,12978,1002908927,76284,61159,640,180
NSW,2152,7014,6949,534857641,76256,63525,641,181
NSW,2153,39493,39152,3362361315,85138,66352,382,126
NSW,2154,26567,26301,2326157315,87558,62192,345,121
NSW,2155,50135,49652,4422472062,88211,71478,334,119
NSW,2156,8897,8818,974279537,109507,63266,133,61
NSW,2157,2598,2572,234691745,90336,58116,299,110
NSW,2158,5732,5677,701367847,122360,65447,76,43
NSW,2159,3320,3285,302261675,91043,57631,295,109
NSW,2160,22231,21853,1242035118,55870,46705,1985,468
NSW,2161,16993,16672,885153919,52089,43324,2253,530
NSW,2162,10087,9901,535256390,53064,43259,2196,520
NSW,2163,4735,4631,232626461,49129,42691,2399,565
NSW,2164,10212,10089,602733135,59022,49185,1744,418
NSW,2165,19558,19285,1017408295,52020,44428,2260,533
NSW,2166,27732,27335,1449463645,52267,45338,2234,525
NSW,2167,6307,6216,417524086,66200,58658,1215,308
NSW,2168,21262,20943,1150690818,54120,47605,2127,500
NSW,2170,61198,60413,3719544978,60779,52945,1593,388
NSW,2171,22365,22120,1532674453,68530,57887,1057,273
NSW,2172,1830,1816,171342914,93630,74937,256,100
NSW,2173,8776,8695,661735445,75403,67323,681,193
NSW,2174,8218,8131,613691531,74677,66085,708,198
NSW,2175,1140,1133,91389358,80166,58163,507,157
NSW,2176,24580,24323,1531818444,62320,50347,1495,367
NSW,2177,8639,8541,497268950,57561,50589,1835,440
NSW,2178,2222,2201,195372628,87926,58495,337,120
NSW,2179,13257,13078,939639691,70879,62889,909,242
NSW,2190,13504,13224,760493889,56316,43582,1937,460
NSW,2191,3543,3510,239226027,67521,52613,1127,291
NSW,2192,7991,7886,471035489,58946,48885,1750,419
NSW,2193,11377,11273,865054762,76035,58531,651,183
NSW,2194,16092,15868,861787316,53554,46009,2165,512
NSW,2195,14337,13941,664524004,46350,37236,2500,594
NSW,2196,18175,17881,994253254,54704,44903,2076,494
NSW,2197,4809,4734,269218288,55982,45128,1970,466
NSW,2198,4957,4886,303559926,61239,49154,1557,382
NSW,2199,9997,9821,550733994,55090,45305,2049,485
NSW,2200,25972,25505,1381231839,53182,44179,2186,517
NSW,2203,9162,9113,835549857,91197,72562,293,108
NSW,2204,17203,17097,1491677753,86710,69669,361,125
NSW,2205,17128,16892,1158382189,67631,55685,1112,286
NSW,2206,11907,11818,1000923739,84062,62143,408,132
NSW,2207,16812,16609,1206310403,71753,56096,864,230
NSW,2208,7743,7667,585840988,75661,57090,670,190
NSW,2209,9963,9849,643125295,64551,51360,1328,327
NSW,2210,19717,19502,1366623100,69312,54848,1006,259
NSW,2211,10754,10639,742156933,69012,56651,1024,267
NSW,2212,10312,10189,691442267,67052,55650,1163,299
NSW,2213,13949,13825,1052786163,75474,62323,677,192
NSW,2214,2471,2452,175602235,71065,61316,903,241
NSW,2216,19510,19268,1293525846,66301,54996,1208,307
NSW,2217,19804,19590,1403506101,70870,58431,910,243
NSW,2218,10924,10784,721435199,66041,55132,1226,311
NSW,2219,8330,8258,703559271,84461,61156,395,130
NSW,2220,24094,23680,1414608637,58712,48277,1760,423
NSW,2221,11056,10952,976883976,88358,58173,332,118
NSW,2222,8320,8229,563956098,67783,54956,1097,284
NSW,2223,14153,14049,1235493429,87296,63059,349,122
NSW,2224,9187,9117,871392500,94851,59574,242,95
NSW,2225,3571,3543,385287646,107893,73130,140,63
NSW,2226,8258,8209,754673721,91387,69978,288,107
NSW,2227,9775,9717,866877356,88683,68115,327,117
NSW,2228,13418,13333,1142005115,85110,65611,384,127
NSW,2229,20049,19912,1954397034,97481,67405,209,83
NSW,2230,21196,21049,2248333096,106073,69372,150,67
NSW,2231,1505,1491,125701133,83522,58517,426,136
NSW,2232,22529,22379,1855860693,82377,67804,448,144
NSW,2233,18734,18639,1463930932,78143,65638,578,166
NSW,2234,19991,19853,1681661654,84121,65884,407,131
NSW,2250,42751,42341,2960331492,69246,54952,1008,260
NSW,2251,19891,19751,1472914143,74049,53776,750,206
NSW,2256,8878,8776,589749439,66428,50842,1197,304
NSW,2257,16760,16591,1176569775,70201,50969,956,252
NSW,2258,3265,3240,232769027,71292,56021,889,239
NSW,2259,37663,37324,2398116740,63673,53514,1388,342
NSW,2260,16170,16044,1406294207,86969,58288,353,124
NSW,2261,31405,31158,2060984325,65626,52954,1261,317
NSW,2262,11358,11247,650195077,57246,51362,1861,445
NSW,2263,12701,12566,737911678,58099,50168,1799,435
NSW,2264,8913,8820,549924196,61699,48913,1531,376
NSW,2265,4569,4530,296157544,64819,55138,1311,324
NSW,2267,1672,1661,102650351,61394,46408,1546,380
NSW,2278,1588,1574,102372604,64466,57158,1337,330
NSW,2280,16184,16062,1142395199,70588,55478,932,249
NSW,2281,8699,8641,597992612,68743,52858,1042,271
NSW,2282,10030,9971,783864044,78152,57379,577,165
NSW,2283,13830,13704,932935732,67457,51803,1132,292
NSW,2284,7483,7442,515316208,68865,57643,1027,268
NSW,2285,20637,20496,1403566795,68012,59561,1081,281
NSW,2286,2726,2706,174303031,63941,56428,1374,337
NSW,2287,24734,24552,1633033448,66024,56553,1227,312
NSW,2289,12927,12842,979914917,75804,62504,660,186
NSW,2290,21185,21047,1550727290,73199,59044,792,220
NSW,2291,9476,9435,1039442678,109692,66902,130,59
NSW,2292,1761,1747,130867310,74314,63547,728,201
NSW,2293,2415,2399,183058913,75801,67200,662,188
NSW,2294,1293,1283,96078311,74307,61307,729,202
NSW,2295,4482,4449,325116882,72538,59837,822,224
NSW,2296,1441,1433,106918026,74197,61010,736,203
NSW,2297,1214,1199,89387137,73630,59772,768,213
NSW,2298,5865,5821,386966699,65979,57978,1231,315
NSW,2299,7200,7135,460613128,63974,53515,1372,336
NSW,2300,8948,8875,898401861,100403,63500,189,82
NSW,2302,963,960,68956327,71606,63648,869,233
NSW,2303,5887,5838,480284797,81584,57311,473,148
NSW,2304,9245,9178,611502605,66144,58225,1220,310
NSW,2305,8433,8388,700111093,83020,62198,437,140
NSW,2306,1144,1120,52583001,45964,41673,2511,597
NSW,2307,2644,2621,150029283,56743,51709,1904,451
NSW,2308,231,227,5200951,22515,17887,2617,628
NSW,2311,538,533,29092049,54074,40181,2131,502
NSW,2312,846,823,44082872,52107,43244,2250,529
NSW,2315,8884,8798,566835558,63804,45374,1381,339
NSW,2316,3780,3751,223923206,59239,47004,1726,415
NSW,2317,3686,3652,225531448,61186,45380,1561,384
NSW,2318,8444,8377,585819275,69377,57171,1001,258
NSW,2319,3503,3474,193254858,55168,46130,2044,484
NSW,2320,23629,23436,1710338840,72383,57864,828,226
NSW,2321,13004,12911,1078005787,82898,59925,439,141
NSW,2322,15123,15010,1035836854,68494,59619,1059,274
NSW,2323,15199,15069,1027788939,67622,57098,1114,288
NSW,2324,14095,13936,823718336,58440,48799,1781,430
NSW,2325,15975,15820,1003443038,62813,52074,1452,356
NSW,2326,4206,4167,261469081,62166,53796,1504,370
NSW,2327,4120,4081,245294022,59537,53375,1700,408
NSW,2328,1470,1453,99780555,67878,54937,1087,282
NSW,2329,1155,1134,62582077,54184,46809,2120,499
NSW,2330,12878,12755,1015452908,78852,58673,543,161
NSW,2333,7649,7545,565717123,73960,59014,754,207
NSW,2334,2151,2133,154159057,71669,61294,867,232
NSW,2335,5596,5550,437267350,78139,63993,580,167
NSW,2336,1440,1407,101584482,70545,55783,935,250
NSW,2337,4986,4920,503547561,100992,53653,186,79
NSW,2338,745,720,41779991,56081,43084,1961,465
NSW,2339,486,471,24789136,51006,42386,2320,546
NSW,2340,31445,31080,1965507499,62506,53433,1474,361
NSW,2341,703,690,37336196,53110,46385,2193,518
NSW,2342,314,308,17234703,54888,46219,2062,490
NSW,2343,2742,2667,146902150,53575,46659,2162,511
NSW,2344,455,439,24009186,52767,46912,2208,522
NSW,2345,430,420,24375541,56687,51976,1912,454
NSW,2346,1611,1579,83029110,51539,46288,2289,539
NSW,2347,821,786,36397641,44333,40898,2543,607
NSW,2350,14977,14760,934930840,62424,51116,1485,366
NSW,2352,1673,1651,99688045,59586,49494,1694,407
NSW,2353,637,630,34833086,54683,50436,2080,495
NSW,2354,2110,2044,102190847,48432,42439,2426,575
NSW,2355,357,345,16233386,45472,39017,2524,604
NSW,2356,57,57,2212370,38814,27370,2595,619
NSW,2357,2025,1966,100364584,49563,43818,2379,561
NSW,2358,2206,2164,113273458,51348,44885,2309,543
NSW,2359,390,379,14440536,37027,29887,2602,622
NSW,2360,7919,7785,421609019,53240,46828,2181,516
NSW,2361,454,437,15941070,35112,31836,2605,624
NSW,2365,2139,2079,105025801,49100,43118,2402,567
NSW,2369,387,379,17894930,46240,43228,2501,595
NSW,2370,3997,3902,183930519,46017,40036,2509,596
NSW,2371,578,557,22422513,38793,32341,2596,620
NSW,2372,2627,2549,118732983,45197,35976,2531,605
NSW,2379,189,179,10844377,57378,39278,1848,442
NSW,2380,6400,6332,452890837,70764,57119,915,245
NSW,2381,681,667,44248769,64976,53059,1301,323
NSW,2382,750,724,43919795,58560,49496,1774,427
NSW,2386,200,189,7399754,36999,42109,2603,623
NSW,2387,149,135,2260949,15174,43043,2621,629
NSW,2388,1443,1401,89446651,61987,51574,1519,373
NSW,2390,5084,4992,341972398,67264,55981,1153,296
NSW,2395,292,280,12496225,42795,38503,2565,611
NSW,2396,422,408,20827110,49353,41271,2391,563
NSW,2397,235,225,15011394,63878,49573,1377,338
NSW,2398,152,147,8759220,57626,50701,1831,439
NSW,2399,387,375,25540843,65997,55771,1229,313
NSW,2400,5573,5462,397386614,71306,57223,887,238
NSW,2401,185,169,7883423,42613,27487,2567,613
NSW,2402,958,920,48228454,50343,43732,2347,553
NSW,2403,352,332,15028040,42693,40059,2566,612
NSW,2404,894,865,38961060,43581,37009,2550,608
NSW,2405,276,260,19986979,72417,55327,826,225
NSW,2406,441,427,45844661,103956,56623,169,73
NSW,2408,220,204,11835958,53800,52557,2150,505
NSW,2409,364,350,21130606,58051,42555,1806,436
NSW,2410,116,108,5425016,46767,44638,2490,590
NSW,2411,55,51,2670243,48550,48120,2422,573
NSW,2415,217,210,9938000,45797,40617,2520,601
NSW,2420,2341,2289,148154098,63287,45018,1411,346
NSW,2421,1247,1235,84635838,67872,55381,1088,283
NSW,2422,2889,2809,140086168,48490,39223,2424,574
NSW,2423,1751,1721,83384723,47621,38274,2463,584
NSW,2424,244,233,9650651,39552,28985,2588,618
NSW,2425,1100,1085,62915696,57196,47942,1867,446
NSW,2426,400,394,18559520,46399,40691,2499,593
NSW,2427,1680,1660,85833920,51092,38121,2317,545
NSW,2428,13033,12879,717480801,55051,42465,2051,487
NSW,2429,5371,5282,265990688,49523,42771,2382,562
NSW,2430,19083,18882,1051137255,55082,45846,2050,486
NSW,2431,2924,2884,156682952,53585,43261,2161,510
NSW,2439,2110,2100,109208568,51758,43472,2273,536
NSW,2440,11285,11114,574643443,50921,44318,2327,547
NSW,2441,2596,2554,131128938,50512,40593,2340,549
NSW,2443,4571,4529,220448128,48228,39999,2439,577
NSW,2444,29926,29669,1881746553,62880,49519,1445,354
NSW,2445,4502,4458,257317364,57156,45411,1868,447
NSW,2446,8774,8661,488748961,55704,46757,2001,473
NSW,2447,4402,4336,222169702,50470,41598,2343,550
NSW,2448,4764,4703,288741074,60609,42496,1613,389
NSW,2449,1137,1109,48070509,42278,34333,2572,614
NSW,2450,28128,27837,1740747653,61887,48887,1522,374
NSW,2452,8468,8399,484849895,57257,48843,1860,444
NSW,2453,1565,1531,71530553,45706,36649,2522,602
NSW,2454,4586,4510,254443587,55483,42136,2016,477
NSW,2455,1712,1694,98029870,57260,47168,1859,443
NSW,2456,10486,10333,584602673,55751,46119,1996,471
NSW,2460,15916,15649,864036416,54287,46438,2113,497
NSW,2462,1319,1292,62864459,47661,39396,2462,583
NSW,2463,4550,4484,237446654,52186,42361,2245,528
NSW,2464,3988,3931,225391692,56517,43698,1924,457
NSW,2465,216,213,10548358,48835,39497,2410,570
NSW,2466,771,763,36510590,47355,36195,2469,585
NSW,2469,2080,1998,87363612,42002,34709,2576,615
NSW,2470,8321,8216,416336002,50034,47221,2369,560
NSW,2471,1459,1431,67852429,46506,40903,2495,591
NSW,2472,1065,1043,53942454,50650,45790,2339,548
NSW,2473,1669,1648,92853607,55634,45544,2009,475
NSW,2474,3601,3521,168504113,46794,38577,2489,589
NSW,2475,198,191,8552137,43193,34696,2557,609
NSW,2476,421,409,18939709,44987,34408,2537,606
NSW,2477,7671,7578,454615909,59264,47893,1723,414
NSW,2478,19475,19292,1256988354,64544,49374,1329,328
NSW,2479,3851,3794,343142009,89105,47320,318,112
NSW,2480,26181,25865,1465529713,55977,46821,1972,467
NSW,2481,10088,9954,752042656,74548,42411,716,200
NSW,2482,4626,4568,277776829,60047,36344,1651,396
NSW,2483,7265,7183,446619735,61476,44284,1543,379
NSW,2484,11266,11130,599997697,53257,43008,2180,515
NSW,2485,8861,8785,534575465,60329,47393,1634,395
NSW,2486,18847,18681,1139825161,60478,48852,1624,391
NSW,2487,9008,8914,701420746,77866,52050,589,169
NSW,2488,2104,2081,130110649,61840,49274,1527,375
NSW,2489,4374,4335,275596073,63008,49870,1434,349
NSW,2490,436,434,28060597,64359,54811,1349,332
NSW,2500,27778,27483,1917863986,69043,53280,1020,265
NSW,2502,6239,6177,353693888,56691,47923,1910,452
NSW,2505,2787,2774,191298694,68640,56726,1051,272
NSW,2506,3926,3892,233092788,59372,50262,1716,411
NSW,2508,5831,5798,485484207,83259,63756,433,138
NSW,2515,7473,7416,702423525,93995,62416,254,99
NSW,2516,4198,4179,388485281,92541,65639,275,103
NSW,2517,8077,8023,614807562,76118,59720,646,182
NSW,2518,11401,11312,813988844,71396,57207,883,237
NSW,2519,10336,10246,763513004,73869,56025,758,210
NSW,2520,136,135,10309187,75803,60242,661,187
NSW,2525,7487,7444,571375028,76316,60018,638,178
NSW,2526,10318,10255,769269743,74556,59650,713,199
NSW,2527,16529,16410,1130974910,68424,58771,1062,275
NSW,2528,12288,12208,764867874,62245,52106,1501,369
NSW,2529,17596,17520,1258000697,71494,57449,878,236
NSW,2530,20591,20451,1367860100,66430,55733,1196,303
NSW,2533,10403,10337,778455433,74830,52345,704,196
NSW,2534,3463,3425,275672147,79605,52686,521,159
NSW,2535,4505,4464,318605092,70723,46660,920,246
NSW,2536,10687,10558,591677253,55364,45000,2026,478
NSW,2537,7508,7460,434814876,57914,45981,1816,437
NSW,2538,1472,1452,93885901,63781,43955,1384,340
NSW,2539,11385,11265,612201854,53773,42330,2154,507
NSW,2540,25184,24958,1506619582,59824,48428,1674,403
NSW,2541,15457,15294,927685832,60017,50930,1654,397
NSW,2545,720,705,37090635,51515,43100,2291,540
NSW,2546,5387,5327,279571001,51897,39120,2265,534
NSW,2548,5123,5079,304475942,59433,47375,1713,409
NSW,2549,2448,2425,146384542,59798,47713,1677,404
NSW,2550,10343,10214,562057120,54342,45000,2105,496
NSW,2551,2111,2087,108852282,51564,43002,2286,538
NSW,2555,71,70,4463581,62867,45442,1446,355
NSW,2556,1411,1401,135821974,96259,52204,225,87
NSW,2557,13949,13805,1066582313,76463,66118,634,176
NSW,2558,6473,6412,405029253,62572,56966,1469,360
NSW,2559,1326,1294,70659400,53288,47848,2179,514
NSW,2560,46351,45791,2888287375,62313,55160,1496,368
NSW,2563,367,359,30711484,83683,67587,423,134
NSW,2564,7495,7364,418609290,55852,50995,1986,469
NSW,2565,20241,19962,1381477800,68251,59409,1065,276
NSW,2566,15979,15762,957282294,59909,54460,1666,399
NSW,2567,25495,25359,1925792382,75536,63932,672,191
NSW,2568,700,693,51839994,74057,55559,749,205
NSW,2569,839,832,60889762,72574,60179,820,223
NSW,2570,39447,39149,3042988866,77141,63930,611,172
NSW,2571,8388,8327,658937345,78557,63898,564,164
NSW,2572,3405,3381,236925544,69582,59518,988,256
NSW,2573,3598,3576,243231321,67602,58932,1117,289
NSW,2574,3527,3495,242656935,68800,56065,1033,269
NSW,2575,10945,10819,1053497025,96254,54808,226,88
NSW,2576,8733,8634,939971421,107634,50641,143,64
NSW,2577,10097,9968,746366779,73920,52742,757,209
NSW,2578,1729,1704,108197779,62578,42867,1468,359
NSW,2579,2649,2603,200940990,75855,52224,657,185
NSW,2580,17948,17730,1156785619,64452,54417,1339,331
NSW,2581,1539,1515,111732033,72600,60437,818,222
NSW,2582,8574,8472,663984166,77442,63883,597,171
NSW,2583,2631,2580,139699686,53098,43200,2195,519
NSW,2584,337,337,21042150,62440,50083,1481,365
NSW,2585,177,176,11421087,64526,47366,1331,329
NSW,2586,1585,1569,94091422,59364,46748,1718,413
NSW,2587,1512,1489,88825536,58747,48781,1758,422
NSW,2588,240,238,18233204,75972,52554,654,184
NSW,2590,3834,3781,222816226,58116,47831,1798,434
NSW,2594,6706,6591,385690593,57514,48205,1840,441
NSW,2618,968,958,140793979,145448,70255,35,20
NSW,2619,6429,6401,650675897,101210,86066,184,78
NSW,2620,30545,30312,2490558114,81537,70978,475,150
NSW,2621,4469,4432,410160168,91779,75968,281,105
NSW,2622,2536,2495,158444807,62478,49082,1476,362
NSW,2623,369,365,26614708,72127,64593,842,228
NSW,2624,69,66,3163967,45855,28192,2515,599
NSW,2625,215,210,14416798,67055,43681,1161,298
NSW,2626,337,330,22968052,68154,62811,1075,280
NSW,2627,3505,3470,242685907,69240,52802,1009,261
NSW,2628,1382,1366,84402455,61073,50428,1574,385
NSW,2629,260,253,13357162,51374,38386,2305,541
NSW,2630,5500,5449,372539976,67735,55693,1104,285
NSW,2631,357,352,17485321,48978,39491,2406,569
NSW,2632,1141,1120,66016668,57859,51266,1820,438
NSW,2633,186,183,8956622,48154,39602,2444,578
NSW,2640,25128,24917,1714346930,68225,55729,1068,278
NSW,2641,9382,9313,519143758,55334,50658,2033,480
NSW,2642,3474,3404,210037789,60460,50718,1625,392
NSW,2643,1829,1808,100230957,54801,49446,2069,491
NSW,2644,1493,1469,94956387,63601,49438,1396,343
NSW,2645,240,238,13676002,56983,46526,1885,449
NSW,2646,4102,4072,232145554,56593,48723,1918,455
NSW,2647,1486,1468,81649528,54946,46491,2058,489
NSW,2648,1318,1275,63447504,48139,43209,2445,579
NSW,2650,37509,37180,2578802494,68752,56714,1040,270
NSW,2651,1417,1413,89290154,63014,58091,1431,348
NSW,2652,3084,3018,189730025,61521,53501,1541,378
NSW,2653,1467,1443,86604136,59035,51073,1742,417
NSW,2655,851,839,47869398,56251,50650,1947,461
NSW,2656,755,737,48364000,64058,49872,1369,335
NSW,2658,796,781,42151827,52955,48275,2200,521
NSW,2659,531,524,27736440,52234,48125,2239,526
NSW,2660,900,884,53710055,59678,51045,1685,406
NSW,2661,141,141,12507889,88708,89889,326,116
NSW,2663,2764,2730,162278834,58712,52027,1761,424
NSW,2665,1204,1176,64764649,53791,43021,2151,506
NSW,2666,3288,3242,178259695,54215,46039,2119,498
NSW,2668,207,203,13726940,66314,50553,1207,306
NSW,2669,910,871,45563505,50070,41499,2368,559
NSW,2671,2435,2402,153153288,62897,51848,1443,353
NSW,2672,872,862,54072857,62010,49605,1518,372
NSW,2675,1047,1028,58310508,55693,48707,2003,474
NSW,2678,53,53,2460904,46432,23051,2498,592
NSW,2680,17209,17009,1032675218,60008,52858,1655,398
NSW,2681,1108,1096,63258449,57092,52458,1875,448
NSW,2700,2784,2731,157341672,56516,49092,1925,458
NSW,2701,1572,1549,98157519,62441,52040,1480,364
NSW,2702,425,423,27526472,64768,55404,1314,325
NSW,2703,431,427,24025364,55743,51292,1998,472
NSW,2705,6275,6173,366907245,58471,51698,1780,429
NSW,2706,695,685,41302407,59428,55921,1714,410
NSW,2707,857,826,39153175,45686,46040,2523,603
NSW,2710,5887,5768,325768012,55337,47956,2032,479
NSW,2711,1896,1851,118408300,62452,50795,1479,363
NSW,2712,745,724,38902456,52218,44257,2240,527
NSW,2713,1561,1528,78473743,50271,43099,2356,557
NSW,2714,1637,1607,88455922,54035,43134,2135,503
NSW,2715,850,838,49598002,58351,51652,1786,432
NSW,2716,632,623,35931146,56853,48011,1894,450
NSW,2717,604,594,30397206,50327,43384,2350,554
NSW,2720,4702,4670,303724164,64595,53938,1325,326
NSW,2721,111,108,3628805,32692,35125,2609,626
NSW,2722,1994,1961,111964293,56151,49087,1955,464
NSW,2725,177,173,11584927,65452,45172,1274,321
NSW,2726,184,183,10349745,56249,43081,1948,462
NSW,2727,261,250,16208968,62103,47897,1508,371
NSW,2729,1034,1021,61765493,59735,47971,1680,405
NSW,2730,793,777,39065729,49263,45762,2396,564
NSW,2731,4461,4405,279815614,62725,51170,1460,357
NSW,2732,1094,1067,53723481,49107,39257,2401,566
NSW,2733,359,348,18372722,51178,43825,2315,544
NSW,2734,231,227,21313974,92268,50235,278,104
NSW,2735,186,179,8756433,47078,44939,2480,588
NSW,2736,239,236,14020470,58663,44498,1765,425
NSW,2737,546,534,26134073,47865,39542,2454,580
NSW,2738,1387,1378,99507378,71743,59389,865,231
NSW,2739,905,879,53474678,59088,47712,1738,416
NSW,2745,19985,19838,1613309292,80726,67683,490,153
NSW,2747,31760,31459,2147934658,67630,60911,1113,287
NSW,2748,1225,1215,140805848,114944,62814,101,53
NSW,2749,10154,10057,726612393,71559,61773,873,235
NSW,2750,29155,28934,2076185204,71212,60923,894,240
NSW,2751,154,151,10161239,65982,56028,1230,314
NSW,2752,4082,4052,306669370,75127,67676,691,195
NSW,2753,10572,10484,741290744,70118,56468,960,253
NSW,2754,4577,4542,318239855,69530,59286,992,257
NSW,2756,21887,21733,1603625888,73268,59622,787,217
NSW,2757,559,556,39427327,70532,57432,936,251
NSW,2758,5751,5720,425952123,74066,60159,748,204
NSW,2759,16175,16029,1074170895,66409,60609,1200,305
NSW,2760,21067,20854,1289386339,61204,56767,1559,383
NSW,2761,21555,21353,1404230138,65146,59122,1291,322
NSW,2762,16073,15903,1310798628,81553,71492,474,149
NSW,2763,21209,21017,1565874208,73831,64487,762,212
NSW,2765,36249,35929,2928901423,80800,70521,489,152
NSW,2766,9850,9731,596844824,60593,55208,1616,390
NSW,2767,14185,14008,898578763,63347,55876,1405,345
NSW,2768,17326,17168,1425693912,82286,69143,451,145
NSW,2769,10036,9941,947090804,94369,81563,248,96
NSW,2770,31079,30512,1676977870,53959,49379,2139,504
NSW,2773,3825,3800,356215500,93128,67125,267,102
NSW,2774,7935,7879,637770905,80374,65532,498,155
NSW,2775,822,809,52366152,63706,47770,1385,341
NSW,2776,2504,2486,177361307,70831,59549,911,244
NSW,2777,10831,10750,795531813,73450,60784,777,215
NSW,2778,1592,1585,107086715,67266,56539,1152,295
NSW,2779,3015,2977,200699674,66567,56843,1189,301
NSW,2780,7765,7687,516913343,66570,48690,1188,300
NSW,2782,3655,3626,281512392,77021,50462,615,174
NSW,2783,1640,1626,104276407,63583,53627,1397,344
NSW,2784,810,803,53851901,66484,55439,1192,302
NSW,2785,2814,2781,180616492,64185,46480,1361,334
NSW,2786,744,734,45227495,60790,45528,1592,387
NSW,2787,2564,2524,156551875,61058,53737,1575,386
NSW,2790,7966,7874,521592284,65477,51183,1271,320
NSW,2791,191,188,13498672,70674,55547,924,247
NSW,2792,237,235,13848268,58432,45999,1783,431
NSW,2793,507,498,29875045,58925,44059,1752,420
NSW,2794,5846,5751,312458629,53448,47048,2172,513
NSW,2795,26194,25911,1715990656,65511,55707,1266,318
NSW,2797,256,250,14090495,55041,52018,2052,488
NSW,2798,1350,1326,108859302,80637,56885,492,154
NSW,2799,2473,2443,155563611,62905,54124,1442,352
NSW,2800,28390,28116,2097076238,73867,58065,759,211
NSW,2803,164,160,8251935,50317,37438,2352,555
NSW,2804,1536,1506,73450732,47819,45860,2456,581
NSW,2805,255,249,18355739,71983,51307,850,229
NSW,2806,481,471,24274482,50467,47202,2345,551
NSW,2807,226,219,10380867,45933,41146,2513,598
NSW,2808,88,87,4539020,51580,49194,2284,537
NSW,2809,127,125,13618085,107229,50835,147,65
NSW,2810,1687,1653,79682379,47233,42870,2474,587
NSW,2817,109,106,4339981,39816,39235,2587,617
NSW,2818,508,489,27811722,54747,52453,2073,493
NSW,2820,3368,3305,169591403,50354,44758,2346,552
NSW,2821,2650,2596,149925067,56576,49765,1920,456
NSW,2822,203,192,9691030,47739,45062,2458,582
NSW,2823,746,719,47972933,64307,51210,1355,333
NSW,2824,1235,1205,71818814,58153,49460,1797,433
NSW,2825,1373,1338,84684076,61678,51910,1533,377
NSW,2826,129,125,6913202,53591,52418,2160,509
NSW,2827,1960,1905,103217441,52662,44905,2217,523
NSW,2828,402,387,15345082,38172,40032,2599,621
NSW,2829,1579,1535,117970048,74712,47246,705,197
NSW,2830,26954,26706,1808314936,67089,57453,1158,297
NSW,2831,1210,1159,60585916,50071,45398,2367,558
NSW,2832,1261,1210,69052460,54760,47813,2072,492
NSW,2833,302,287,16782737,55572,47996,2011,476
NSW,2834,965,936,46999743,48704,39263,2413,572
NSW,2835,2115,2090,154897364,73238,59275,788,218
NSW,2836,345,341,20655178,59870,49041,1671,402
NSW,2838,69,68,3543936,51361,41587,2306,542
NSW,2839,542,523,28206955,52042,47564,2257,531
NSW,2840,1434,1412,83953427,58545,50858,1776,428
NSW,2842,343,331,17247058,50283,32586,2354,556
NSW,2843,668,647,34628637,51839,41209,2266,535
NSW,2844,696,678,36409034,52312,46651,2232,524
NSW,2845,1109,1095,75620136,68188,58086,1070,279
NSW,2846,155,150,8643037,55762,46087,1994,470
NSW,2847,1213,1204,76415576,62997,52772,1438,351
NSW,2848,607,598,31580402,52027,42972,2259,532
NSW,2849,842,818,45231040,53719,40427,2158,508
NSW,2850,11171,11032,782529959,70050,53432,963,254
NSW,2852,2054,2017,126090534,61388,48172,1547,381
NSW,2864,491,476,33092512,67398,55418,1143,293
NSW,2865,521,515,30690410,58907,54774,1753,421
NSW,2866,1764,1729,129144153,73211,52968,791,219
NSW,2867,326,319,18001474,55219,45785,2040,483
NSW,2868,349,343,14999373,42978,41333,2563,610
NSW,2869,736,705,30795490,41842,43211,2578,616
NSW,2870,6692,6625,421582536,62998,53484,1437,350
NSW,2871,5158,5073,306223066,59369,51314,1717,412
NSW,2873,387,364,17743498,45849,38384,2516,600
NSW,2874,248,238,11998347,48380,41924,2431,576
NSW,2875,441,427,21601559,48983,40493,2405,568
NSW,2876,256,240,8927962,34875,36011,2606,625
NSW,2877,1969,1910,108841200,55277,48693,2034,481
NSW,2878,177,173,11650371,65821,44978,1247,316
NSW,2879,235,231,15387975,65481,58561,1270,319
NSW,2880,9181,9098,607556663,66175,55659,1217,309
NSW,2898,323,321,20221060,62604,50795,1466,358
NSW,2899,1265,1251,71101009,56206,49471,1951,463
NT,0800,5687,5634,417522979,73417,62810,779,25
NT,0801,307,303,28060397,91402,67905,286,5
NT,0810,22848,22643,1767473977,77358,65801,602,18
NT,0811,133,132,12142471,91297,67719,289,6
NT,0812,11258,11163,813023488,72217,63421,840,28
NT,0814,73,72,6868830,94094,73131,251,2
NT,0820,14075,13961,1218194878,86550,71138,363,9
NT,0821,229,226,21401518,93456,60764,262,4
NT,0822,7431,7323,411997909,55443,41502,2018,37
NT,0828,1172,1158,103432887,88253,66600,333,7
NT,0829,580,576,40944577,70594,72114,930,31
NT,0830,11567,11450,845976291,73137,65957,794,26
NT,0831,356,355,33357399,93701,86140,255,3
NT,0832,12732,12647,1000641422,78593,72850,560,17
NT,0834,892,889,72328595,81086,69379,485,12
NT,0835,2690,2677,221934061,82503,71372,444,11
NT,0836,5481,5444,439221750,80135,70009,508,14
NT,0837,440,433,31819397,72317,59945,832,27
NT,0838,610,607,48148583,78932,69540,538,16
NT,0839,531,527,40854375,76939,67536,620,19
NT,0840,227,218,12335941,54343,42571,2104,38
NT,0841,361,359,26033668,72115,62839,843,29
NT,0845,290,284,16596535,57229,48191,1864,36
NT,0846,225,220,14330965,63693,48060,1386,35
NT,0847,166,161,8656235,52146,38183,2248,39
NT,0850,4387,4343,311282038,70956,64103,907,30
NT,0851,581,571,45883522,78973,65924,536,15
NT,0852,2215,2165,107072441,48340,39421,2433,43
NT,0853,535,534,44961460,84040,82181,409,10
NT,0854,428,420,21388030,49972,38674,2371,41
NT,0860,1411,1393,95381465,67598,61962,1118,33
NT,0861,95,95,7196867,75756,66969,666,21
NT,0862,263,256,13362208,50807,49443,2332,40
NT,0870,13580,13478,1014586558,74712,66628,706,24
NT,0871,581,576,43504870,74879,67295,699,23
NT,0872,4079,4019,201819361,49478,40173,2386,42
NT,0873,820,811,61542494,75052,66229,694,22
NT,0874,180,179,15630988,86839,83116,358,8
NT,0875,947,937,63946460,67525,58984,1126,34
NT,0880,1706,1692,138126635,80965,63696,488,13
NT,0881,1089,1088,83438718,76620,62075,628,20
NT,0885,610,608,59310249,97230,83173,212,1
NT,0886,637,635,43882203,68889,62141,1026,32
QLD,4000,17049,16700,1279697153,75060,46355,692,85
QLD,4001,451,443,35076465,77775,37807,592,75
QLD,4004,66,64,7612990,115348,44673,100,7
QLD,4005,12853,12723,1655353770,128791,76314,58,4
QLD,4006,20621,20398,1704783575,82672,62424,443,48
QLD,4007,11414,11286,1521123620,133268,70261,51,3
QLD,4008,211,209,14986617,71027,62290,904,116
QLD,4009,85,85,6960523,81889,53130,462,50
QLD,4010,2812,2789,225976420,80361,65257,501,62
QLD,4011,11153,11046,1251055411,112172,69694,120,8
QLD,4012,16421,16288,1397955712,85132,68306,383,40
QLD,4013,3479,3459,284791591,81860,65286,465,52
QLD,4014,8930,8866,718606100,80471,69388,496,60
QLD,4017,23669,23484,1727697018,72994,60908,801,102
QLD,4018,8758,8656,555089337,63381,56074,1403,201
QLD,4019,12341,12212,808442653,65509,54309,1267,176
QLD,4020,16593,16430,1198790724,72247,54711,838,108
QLD,4021,5296,5215,304785964,57550,51318,1837,271
QLD,4022,3962,3922,220913756,55758,49427,1995,300
QLD,4025,133,132,7414058,55745,43580,1997,301
QLD,4030,13228,13149,1222887244,92447,67068,276,28
QLD,4031,9788,9704,870552671,88941,69950,322,35
QLD,4032,12446,12325,842560725,67697,57822,1108,145
QLD,4034,29943,29689,2083768901,69591,59095,987,126
QLD,4035,18702,18574,1615296651,86370,65838,368,39
QLD,4036,4538,4504,294342497,64862,58848,1307,186
QLD,4037,5245,5211,421539920,80370,65918,500,61
QLD,4051,19923,19784,1981959926,99481,70891,196,16
QLD,4053,31637,31396,2567618790,81159,66944,480,58
QLD,4054,8864,8791,634868030,71623,62039,868,112
QLD,4055,14302,14215,1169247223,81754,68494,467,54
QLD,4059,9351,9235,785513885,84003,56083,410,44
QLD,4060,9123,9058,999637458,109573,72258,132,10
QLD,4061,11401,11294,1056037882,92627,67743,273,27
QLD,4064,9293,9220,1000037507,107612,69072,144,12
QLD,4065,6668,6626,848917470,127312,79617,62,5
QLD,4066,13523,13386,1217947381,90065,60523,304,33
QLD,4067,7209,7066,567874441,78773,43332,548,71
QLD,4068,17620,17404,1708646880,96972,59844,217,20
QLD,4069,23556,23311,2575391691,109331,70287,135,11
QLD,4070,7831,7751,641089788,81866,65293,464,51
QLD,4073,5989,5945,519304534,86710,66536,362,38
QLD,4074,15724,15578,1196723134,76108,62146,648,79
QLD,4075,16572,16423,1496660586,90313,67339,300,32
QLD,4076,3009,2967,178149908,59206,52675,1727,254
QLD,4077,20301,20015,1072475780,52829,47178,2205,335
QLD,4078,16320,16129,1025519978,62838,55822,1448,210
QLD,4101,25477,25129,2101085488,82470,56987,445,49
QLD,4102,8228,8140,550059369,66852,53495,1172,151
QLD,4103,10720,10619,794821290,74144,58628,741,92
QLD,4104,5022,4980,469630116,93515,62221,260,25
QLD,4105,9410,9339,766632148,81470,65611,477,56
QLD,4106,1096,1085,66496754,60672,53527,1608,237
QLD,4107,4548,4507,327316090,71969,61591,852,109
QLD,4108,4498,4425,255094668,56713,48012,1908,287
QLD,4109,26552,26046,1475011088,55552,42822,2013,304
QLD,4110,12042,11906,743005221,61701,54756,1530,224
QLD,4111,733,717,39837759,54349,44108,2103,316
QLD,4112,5275,5175,336719589,63833,50443,1379,198
QLD,4113,20073,19729,1216770274,60617,48501,1612,238
QLD,4114,14818,14512,680459417,45921,42885,2514,399
QLD,4115,13091,12917,828838965,63314,54509,1409,203
QLD,4116,17736,17452,1073437816,60523,49651,1620,239
QLD,4117,1625,1592,97970152,60289,54009,1637,240
QLD,4118,19850,19619,1184517399,59673,53742,1686,249
QLD,4119,4388,4320,285114548,64976,52631,1302,184
QLD,4120,7653,7578,605759685,79153,64741,531,67
QLD,4121,17147,17028,1572871349,91729,69756,282,29
QLD,4122,30503,30148,2116825040,69397,56286,999,127
QLD,4123,15238,15018,1061237574,69644,56654,983,125
QLD,4124,16025,15834,1052788070,65697,58014,1256,171
QLD,4125,9848,9711,560585136,56924,51408,1889,283
QLD,4127,16347,16167,1039341597,63580,53999,1398,200
QLD,4128,11031,10932,768891928,69703,59656,978,123
QLD,4129,4546,4501,279747664,61537,56259,1539,225
QLD,4130,5960,5918,471462291,79104,62802,534,69
QLD,4131,6580,6478,349427465,53104,48210,2194,329
QLD,4132,14847,14593,760144750,51199,48571,2314,350
QLD,4133,15306,15085,863018449,56384,51442,1934,290
QLD,4151,13191,13083,1204085725,91281,67941,291,30
QLD,4152,32216,31955,2850626174,88485,67355,331,36
QLD,4153,3020,2998,239921365,79444,64775,528,66
QLD,4154,7315,7253,699965553,95689,74437,233,22
QLD,4155,1095,1087,153241196,139946,70950,48,2
QLD,4156,2388,2358,222580489,93208,63980,266,26
QLD,4157,12443,12355,843807381,67814,59110,1091,141
QLD,4158,2370,2344,164017451,69206,58959,1011,129
QLD,4159,9264,9202,689770611,74457,60772,724,90
QLD,4160,12589,12491,1005238597,79851,60098,513,64
QLD,4161,10199,10102,670581587,65750,58710,1249,169
QLD,4163,10218,10102,895087765,87599,55707,343,37
QLD,4164,12466,12389,920128162,73811,61617,764,94
QLD,4165,24850,24674,1745389929,70237,58266,952,122
QLD,4169,12658,12524,1155145383,91258,60516,292,31
QLD,4170,19237,19098,1919355128,99774,73208,194,15
QLD,4171,11937,11825,1508548622,126376,79235,67,6
QLD,4172,3499,3480,294744100,84237,68271,404,43
QLD,4173,5536,5479,401837787,72586,63445,819,105
QLD,4174,2140,2122,157361111,73533,64895,773,97
QLD,4178,16941,16797,1283093277,75739,62624,668,81
QLD,4179,12728,12635,1077853970,84684,64658,391,41
QLD,4183,1328,1312,74260856,55919,40983,1979,299
QLD,4184,3906,3807,180339685,46170,34958,2506,397
QLD,4205,3190,3143,173375545,54350,50451,2102,315
QLD,4207,42688,42174,2590198736,60677,53838,1604,235
QLD,4208,15865,15705,1129449158,71191,59150,896,114
QLD,4209,48953,48362,3117793817,63690,54610,1387,199
QLD,4210,15030,14890,1042284980,69347,57145,1005,128
QLD,4211,40218,39795,2571682714,63944,53380,1373,196
QLD,4212,23018,22703,1794726192,77971,55111,584,74
QLD,4213,19840,19644,1408416985,70989,53964,905,117
QLD,4214,25407,25105,1607558723,63272,50487,1412,204
QLD,4215,37109,36589,2150995755,57964,47075,1811,269
QLD,4216,25144,24843,1818387991,72319,52063,831,107
QLD,4217,32639,32132,2458066401,75311,47505,684,83
QLD,4218,26021,25669,2182990701,83893,54210,415,46
QLD,4219,129,127,8135485,63066,50220,1427,206
QLD,4220,22351,22174,1677322155,75045,55984,695,86
QLD,4221,19442,19294,1465945758,75401,54879,682,82
QLD,4223,9957,9889,755357251,75862,53451,656,80
QLD,4224,4862,4812,355139789,73044,54881,798,100
QLD,4225,6176,6128,412600296,66807,49514,1176,152
QLD,4226,24128,23850,1593795742,66056,52685,1225,162
QLD,4227,15456,15299,1040377822,67312,54355,1150,148
QLD,4228,3637,3591,297092284,81686,54746,470,55
QLD,4230,104,103,7143984,68692,48588,1045,133
QLD,4270,2777,2746,187607056,67557,55010,1122,146
QLD,4271,303,299,18146973,59891,45960,1669,245
QLD,4272,4661,4611,307091924,65885,46905,1244,166
QLD,4275,2569,2529,167371892,65151,51090,1290,181
QLD,4280,14224,14041,923361565,64916,57386,1305,185
QLD,4285,13083,12901,801984860,61300,52087,1552,228
QLD,4287,381,370,19989686,52466,44423,2226,340
QLD,4300,44582,44048,3020183215,67744,59815,1101,144
QLD,4301,22705,22354,1278410393,56305,52744,1939,292
QLD,4303,2123,2083,109201295,51437,48357,2300,346
QLD,4304,10290,10137,588831842,57224,52452,1865,280
QLD,4305,37641,37229,2285770392,60726,54628,1598,234
QLD,4306,30038,29742,2115489565,70427,62124,944,120
QLD,4307,1097,1080,63684778,58054,50120,1805,267
QLD,4309,2087,2053,115503253,55344,47225,2031,306
QLD,4310,3601,3546,200404443,55652,45363,2007,303
QLD,4311,5986,5881,350684181,58584,49053,1769,260
QLD,4312,1448,1423,78449618,54178,43015,2122,319
QLD,4313,1267,1232,63058404,49770,40682,2375,362
QLD,4314,1363,1330,65879906,48334,37160,2434,378
QLD,4340,3606,3548,212605723,58959,50282,1748,258
QLD,4341,9559,9436,567563740,59375,52734,1715,252
QLD,4342,1567,1548,85484801,54553,48341,2090,312
QLD,4343,7830,7711,398086688,50841,43772,2331,353
QLD,4344,1736,1705,103707476,59739,51014,1679,248
QLD,4346,672,665,44035653,65529,60077,1263,175
QLD,4347,1043,1022,50379664,48303,41575,2436,380
QLD,4350,69283,68598,4586619268,66201,53994,1214,160
QLD,4352,20834,20540,1396029194,67007,56220,1164,150
QLD,4353,305,298,13731017,45020,41040,2534,404
QLD,4354,724,710,37224358,51415,45165,2303,347
QLD,4355,1471,1440,68850195,46805,39051,2488,391
QLD,4356,3193,3130,191570192,59997,49735,1657,241
QLD,4357,1664,1616,82798108,49758,43395,2376,363
QLD,4358,1841,1805,115022430,62478,54525,1477,215
QLD,4359,820,786,41645520,50787,48333,2334,354
QLD,4360,440,423,22287848,50654,37800,2338,355
QLD,4361,1639,1578,77263883,47141,39731,2479,388
QLD,4362,1502,1460,69171326,46053,40503,2507,398
QLD,4363,433,423,25061410,57879,49082,1818,270
QLD,4364,186,182,14263036,76683,58388,625,76
QLD,4365,272,268,13496286,49619,44848,2377,364
QLD,4370,11234,11015,593714298,52850,45630,2203,334
QLD,4371,459,442,21717156,47314,38959,2470,386
QLD,4372,104,93,4519538,43457,36409,2555,414
QLD,4373,587,572,28724497,48934,40811,2407,373
QLD,4374,281,268,12216599,43475,39774,2553,412
QLD,4375,137,122,5018858,36634,28452,2604,427
QLD,4376,198,191,8606770,43469,35055,2554,413
QLD,4377,363,352,16372617,45104,36924,2533,403
QLD,4378,272,266,12456327,45795,39707,2521,400
QLD,4380,4675,4576,230869241,49384,39766,2390,370
QLD,4381,339,335,15838086,46720,36838,2492,392
QLD,4382,328,322,16245479,49529,40228,2380,366
QLD,4383,301,297,12360356,41064,38342,2584,421
QLD,4385,641,615,30052370,46884,37132,2485,390
QLD,4387,701,687,33230791,47405,40926,2467,385
QLD,4388,237,220,22566536,95217,40721,239,23
QLD,4390,4629,4537,291908519,63061,54024,1428,207
QLD,4400,1332,1310,83630876,62786,56046,1455,211
QLD,4401,3432,3373,183832613,53564,49529,2164,325
QLD,4402,158,152,6723724,42555,27439,2568,417
QLD,4403,490,473,26062969,53190,47637,2185,326
QLD,4404,306,287,17515746,57241,53560,1862,279
QLD,4405,8842,8718,546543279,61812,53285,1529,223
QLD,4406,762,718,38470254,50486,43760,2342,356
QLD,4407,340,329,19892491,58507,46707,1777,262
QLD,4408,377,359,18327379,48614,39219,2417,376
QLD,4410,697,661,36038430,51705,40142,2275,344
QLD,4411,187,177,11038213,59028,47548,1743,256
QLD,4412,145,137,8493597,58577,52046,1771,261
QLD,4413,4894,4799,325072858,66423,52873,1199,158
QLD,4415,1229,1196,70207577,57126,49311,1871,281
QLD,4416,310,305,16782726,54138,52475,2125,320
QLD,4417,335,315,17727238,52917,49804,2202,333
QLD,4418,65,65,2829573,43532,42758,2552,411
QLD,4419,553,523,23804753,43047,40990,2560,416
QLD,4420,745,718,53599894,71946,51562,853,110
QLD,4421,1166,1120,50295991,43136,37160,2559,415
QLD,4422,302,276,21225664,70284,45893,950,121
QLD,4423,134,120,2494365,18615,26833,2619,432
QLD,4424,117,109,6170847,52742,42261,2211,337
QLD,4425,149,137,6578346,44150,30631,2545,408
QLD,4426,68,61,1382059,20324,37398,2618,431
QLD,4427,205,196,8041726,39228,40080,2592,423
QLD,4428,378,362,19413779,51359,49300,2307,348
QLD,4454,476,469,28530034,59937,48322,1662,243
QLD,4455,5658,5542,371401094,65642,57222,1260,174
QLD,4462,61,55,3240526,53123,42203,2191,328
QLD,4465,765,733,39257154,51317,42245,2310,349
QLD,4467,110,99,4322177,39293,39963,2591,422
QLD,4468,215,199,9662146,44940,41840,2538,406
QLD,4470,2052,2024,124508312,60677,54737,1605,236
QLD,4472,832,811,47752946,57395,48510,1847,276
QLD,4477,273,269,15040992,55095,48280,2048,308
QLD,4478,305,297,18619918,61049,55560,1576,231
QLD,4480,491,481,27911226,56846,56105,1895,285
QLD,4481,88,88,3739682,42496,46219,2569,418
QLD,4482,90,90,5932879,65921,58768,1239,165
QLD,4486,393,378,18935747,48183,50643,2442,383
QLD,4487,1937,1880,121164251,62553,52897,1470,213
QLD,4488,136,134,5086116,37398,40918,2601,426
QLD,4490,694,679,36478322,52562,47791,2221,339
QLD,4491,53,49,2211793,41732,39058,2579,420
QLD,4492,170,167,11250456,66179,59738,1216,161
QLD,4494,99,93,400648,4047,41122,2622,434
QLD,4496,174,172,29161029,167592,59777,18,1
QLD,4497,208,202,12203993,58673,49320,1764,259
QLD,4498,117,115,1807578,15449,49476,2620,433
QLD,4500,29018,28795,1972091865,67961,59262,1083,138
QLD,4501,4050,4013,247514544,61115,56288,1567,230
QLD,4502,5451,5404,350283747,64260,56733,1358,193
QLD,4503,33704,33366,2134496428,63331,56969,1407,202
QLD,4504,13639,13526,938527939,68812,60493,1031,132
QLD,4505,16847,16685,1083107049,64291,56216,1356,192
QLD,4506,15737,15529,902227839,57332,50652,1851,278
QLD,4507,10799,10658,620627452,57471,41939,1843,273
QLD,4508,10726,10599,589988878,55005,50018,2053,309
QLD,4509,24336,24073,1713965202,70429,59720,943,119
QLD,4510,33030,32571,1852523959,56086,49438,1960,296
QLD,4511,5464,5388,313427594,57362,47864,1850,277
QLD,4512,2422,2398,149788464,61845,49364,1526,222
QLD,4514,4712,4651,289427008,61423,52290,1544,226
QLD,4515,3118,3075,190182308,60995,47636,1577,232
QLD,4516,2923,2888,194911305,66682,57054,1181,153
QLD,4517,541,536,34089362,63012,53860,1432,209
QLD,4518,3617,3577,232035479,64151,51937,1363,195
QLD,4519,5777,5711,361171126,62519,50311,1473,214
QLD,4520,9343,9262,927523587,99275,63614,201,18
QLD,4521,3444,3399,258362746,75018,59613,697,87
QLD,4550,3151,3117,191850076,60885,52062,1587,233
QLD,4551,44299,43890,2908563275,65658,52001,1259,173
QLD,4552,5503,5408,336552644,61158,40179,1565,229
QLD,4553,8769,8694,602347668,68691,56983,1046,134
QLD,4554,1342,1329,82319662,61341,49081,1550,227
QLD,4555,5452,5400,369649546,67801,53075,1093,142
QLD,4556,30625,30351,2183481390,71297,52436,888,113
QLD,4557,13314,13213,955895669,71796,53813,861,111
QLD,4558,15540,15413,1000497859,64382,50732,1347,190
QLD,4559,4759,4714,313394838,65853,51355,1246,168
QLD,4560,23043,22792,1378617922,59828,49097,1673,246
QLD,4561,6077,6000,403916200,66466,52454,1194,157
QLD,4562,6173,6095,425090982,68863,46733,1028,131
QLD,4563,6259,6180,402081356,64241,45696,1359,194
QLD,4564,7611,7529,497713047,65394,49660,1276,178
QLD,4565,9218,9107,549654725,59628,44761,1692,251
QLD,4566,5893,5812,487193453,82673,45143,442,47
QLD,4567,8621,8502,961683013,111551,49856,124,9
QLD,4568,2466,2438,139312812,56493,46006,1926,288
QLD,4569,1077,1062,60575477,56245,43137,1949,294
QLD,4570,27006,26498,1453077958,53806,44766,2149,324
QLD,4571,576,566,27782031,48233,40763,2438,382
QLD,4572,3003,2970,222598033,74125,51772,744,93
QLD,4573,20505,20296,1502784172,73289,52496,784,99
QLD,4574,933,923,52304085,56060,43775,1965,297
QLD,4575,18910,18766,1506692830,79677,53863,519,65
QLD,4580,2416,2377,114134193,47241,33998,2472,387
QLD,4581,874,859,49075620,56151,43710,1956,295
QLD,4600,496,479,22326531,45013,37292,2535,405
QLD,4601,663,633,37602952,56716,36833,1907,286
QLD,4605,2253,2185,104021374,46170,40701,2505,396
QLD,4606,1277,1236,63217541,49505,45036,2385,369
QLD,4608,536,523,25855240,48237,42608,2437,381
QLD,4610,8741,8595,486772190,55688,46133,2004,302
QLD,4611,89,86,3369389,37858,34119,2600,425
QLD,4612,161,153,5235039,32516,25015,2610,429
QLD,4613,394,379,12310032,31244,31098,2612,430
QLD,4614,546,528,25411851,46542,38427,2494,393
QLD,4615,3467,3379,174462271,50321,40882,2351,358
QLD,4620,235,223,10335731,43982,37322,2546,409
QLD,4621,917,881,40309260,43958,32604,2547,410
QLD,4625,1608,1578,77718001,48332,39637,2435,379
QLD,4626,1458,1411,61236159,42000,38447,2577,419
QLD,4627,418,403,16279152,38945,34584,2593,424
QLD,4630,1378,1303,64615834,46891,38365,2484,389
QLD,4650,17849,17580,940967304,52718,45472,2214,338
QLD,4655,36170,35699,2058736811,56918,46138,1891,284
QLD,4659,2653,2602,129165842,48687,37707,2414,375
QLD,4660,4537,4419,228256649,50310,37960,2353,359
QLD,4662,414,404,20808912,50263,39400,2357,360
QLD,4670,48428,47795,2866480221,59191,47240,1728,255
QLD,4671,3443,3345,155856332,45268,34797,2528,402
QLD,4673,372,357,17184920,46196,39067,2504,395
QLD,4674,888,851,40345923,45435,32794,2526,401
QLD,4676,82,79,5388946,65719,32899,1254,170
QLD,4677,2801,2756,162386955,57975,40006,1810,268
QLD,4678,497,491,28358475,57059,41494,1877,282
QLD,4680,33863,33457,2655950239,78432,63324,569,72
QLD,4694,97,95,6591281,67951,51282,1084,139
QLD,4695,657,646,46279592,70441,60272,941,118
QLD,4697,92,85,4467389,48559,44768,2421,377
QLD,4699,276,269,17327630,62781,51435,1456,212
QLD,4700,9833,9725,715642868,72780,58464,811,104
QLD,4701,26073,25834,1767038787,67773,57589,1098,143
QLD,4702,17433,17079,1182301132,67820,56675,1090,140
QLD,4703,15602,15437,1163445737,74570,57554,712,88
QLD,4704,93,91,7086684,76201,49945,644,78
QLD,4705,259,247,11634722,44922,50425,2539,407
QLD,4707,120,119,6381723,53181,44135,2187,327
QLD,4709,470,467,46712547,99388,85023,198,17
QLD,4710,3041,3006,207535337,68246,51491,1066,135
QLD,4711,1102,1095,86422060,78423,66161,570,73
QLD,4712,199,191,10548306,53007,51223,2198,331
QLD,4713,282,278,14387389,51019,43923,2319,351
QLD,4714,1274,1254,74336673,58349,47454,1787,264
QLD,4715,4283,4192,304900718,71189,57018,897,115
QLD,4716,514,502,28955577,56334,49042,1936,291
QLD,4717,2761,2737,268140544,97117,89201,215,19
QLD,4718,1379,1357,101770401,73800,58499,765,95
QLD,4719,646,621,37092819,57419,50228,1846,275
QLD,4720,9884,9769,802713188,81213,63868,479,57
QLD,4721,2235,2202,163224938,73031,61902,799,101
QLD,4722,1077,1057,75042677,69678,60587,980,124
QLD,4723,909,878,58059657,63872,57440,1378,197
QLD,4724,397,388,23793901,59934,52408,1663,244
QLD,4725,875,862,56888858,65016,56936,1298,182
QLD,4726,249,238,12331477,49524,46350,2381,367
QLD,4727,166,157,8684176,52314,46144,2231,341
QLD,4728,131,125,7609232,58086,51807,1802,266
QLD,4730,1946,1909,125197414,64336,57826,1350,191
QLD,4731,102,98,4882649,47869,46078,2453,384
QLD,4732,81,77,2819946,34814,34926,2607,428
QLD,4735,699,684,40843912,58432,54060,1782,263
QLD,4736,88,87,5759880,65453,60725,1273,177
QLD,4737,5288,5216,397842691,75235,61088,686,84
QLD,4738,750,730,50005337,66674,53443,1183,154
QLD,4739,220,215,11943912,54291,40861,2112,318
QLD,4740,56190,55739,4446190127,79128,63980,532,68
QLD,4741,4388,4331,322946794,73598,58747,771,96
QLD,4742,603,592,48556460,80525,69701,495,59
QLD,4743,181,180,16930385,93538,95291,258,24
QLD,4744,5149,5113,544837741,105814,93441,153,13
QLD,4745,1507,1499,145973152,96863,86835,219,21
QLD,4746,860,853,86072755,100085,90988,191,14
QLD,4750,3796,3769,289452203,76252,64031,642,77
QLD,4751,3033,3012,239074769,78825,66375,544,70
QLD,4753,2912,2895,245796725,84408,69884,399,42
QLD,4754,1452,1429,107873213,74293,64060,731,91
QLD,4756,413,395,24694055,59792,49071,1678,247
QLD,4757,207,202,10745162,51909,38533,2264,342
QLD,4798,490,484,32175690,65665,53749,1258,172
QLD,4799,711,688,42130899,59256,45818,1724,253
QLD,4800,6658,6584,442756194,66500,53049,1191,156
QLD,4801,131,130,6755993,51572,51588,2285,345
QLD,4802,8323,8251,561187348,67426,51991,1139,147
QLD,4803,803,798,52060125,64832,55008,1310,187
QLD,4804,1095,1081,79794025,72871,55367,806,103
QLD,4805,7159,7064,461686742,64490,49464,1334,188
QLD,4806,2235,2204,139546734,62437,53575,1483,216
QLD,4807,6748,6671,447143770,66263,52949,1211,159
QLD,4808,685,679,42502775,62048,55914,1514,221
QLD,4809,608,596,34344148,56487,55299,1928,289
QLD,4810,14523,14420,1188594001,81842,63377,466,53
QLD,4811,7950,7887,584091813,73471,62347,775,98
QLD,4812,11692,11605,785655867,67196,57574,1155,149
QLD,4813,263,263,19594377,74503,74893,720,89
QLD,4814,27317,27082,1862280158,68173,57836,1073,136
QLD,4815,12188,12071,759675275,62330,55788,1492,217
QLD,4816,5410,5324,353424949,65328,54420,1280,180
QLD,4817,19546,19395,1332210123,68158,60335,1074,137
QLD,4818,20757,20613,1503100205,72414,65154,827,106
QLD,4819,1593,1569,81173798,50957,38259,2323,352
QLD,4820,5570,5498,359103525,64471,54308,1336,189
QLD,4821,901,877,53745502,59651,54058,1688,250
QLD,4822,535,522,28226895,52761,54129,2209,336
QLD,4823,531,516,28613373,53886,47791,2144,322
QLD,4824,1702,1691,136055739,79939,67822,511,63
QLD,4825,11191,11100,940023509,83998,73220,411,45
QLD,4828,93,92,6044211,64992,57351,1300,183
QLD,4829,290,286,19129258,65963,59484,1233,163
QLD,4830,585,580,31037934,53056,40468,2197,330
QLD,4849,767,757,37977615,49514,39311,2384,368
QLD,4850,6263,6180,359685740,57430,49008,1845,274
QLD,4852,2638,2598,146147639,55401,44084,2020,305
QLD,4854,3412,3365,190933048,55959,46502,1976,298
QLD,4855,500,495,24971710,49943,42635,2372,361
QLD,4856,379,367,20061203,52932,45156,2201,332
QLD,4858,915,905,54843141,59938,51203,1661,242
QLD,4859,326,322,15978347,49013,42355,2403,372
QLD,4860,6313,6223,340325265,53909,44562,2143,321
QLD,4861,856,846,46703191,54560,45779,2088,311
QLD,4865,5434,5383,357925244,65868,57461,1245,167
QLD,4868,13370,13262,845293158,63223,54830,1417,205
QLD,4869,12765,12670,794349611,62229,56376,1503,220
QLD,4870,47931,47520,3193766411,66633,53612,1184,155
QLD,4871,6007,5894,311397407,51839,43613,2267,343
QLD,4872,2560,2482,129197798,50468,40950,2344,357
QLD,4873,4241,4190,231122154,54497,45986,2093,314
QLD,4874,3175,3158,285806628,90018,84187,305,34
QLD,4875,3133,3099,195102329,62273,52725,1498,218
QLD,4876,1132,1123,60926475,53822,47823,2148,323
QLD,4877,4000,3958,225215246,56304,45184,1940,293
QLD,4878,9708,9632,634286115,65336,55331,1279,179
QLD,4879,14543,14417,1005622596,69148,56242,1016,130
QLD,4880,8463,8363,462540207,54654,46075,2083,310
QLD,4881,2891,2863,170488292,58972,45018,1746,257
QLD,4882,2092,2067,131880047,63040,49622,1430,208
QLD,4883,5283,5205,287968480,54509,45117,2092,313
QLD,4884,1350,1326,78510990,58156,46215,1796,265
QLD,4885,2584,2526,142507739,55150,43498,2045,307
QLD,4886,538,519,24990910,46452,36008,2497,394
QLD,4887,1052,1041,51767646,49209,40242,2397,371
QLD,4888,1487,1452,73707921,49568,38939,2378,365
QLD,4890,789,784,49102002,62233,55691,1502,219
QLD,4891,351,349,20192701,57529,52222,1839,272
QLD,4892,1626,1608,79519952,48905,37200,2408,374
QLD,4895,2388,2352,129688532,54308,46072,2108,317
QLD,9726,113,112,7451164,65940,51279,1238,164
SA,5000,14466,14076,885169342,61190,42696,1560,164
SA,5001,120,119,17944240,149535,62372,31,1
SA,5006,4509,4460,522432479,115864,63267,97,3
SA,5007,5458,5414,386240731,70766,60484,914,70
SA,5008,8876,8799,560577924,63157,54205,1424,139
SA,5009,3477,3447,218766985,62918,54823,1441,143
SA,5010,3331,3286,178191327,53495,48868,2169,272
SA,5011,9389,9293,618629353,65889,59492,1243,111
SA,5012,7003,6907,354889402,50677,45893,2337,296
SA,5013,6227,6175,354318729,56900,52015,1892,226
SA,5014,7723,7660,482210154,62438,56578,1482,150
SA,5015,4147,4111,281900271,67977,61075,1082,93
SA,5016,5753,5725,404185787,70257,61403,951,75
SA,5017,2732,2708,167363876,61261,54015,1555,163
SA,5018,3598,3568,240711149,66901,57601,1170,103
SA,5019,5592,5566,403022877,72071,58682,845,66
SA,5020,2095,2077,163801403,78187,57822,576,44
SA,5021,4548,4510,332343341,73075,56290,797,60
SA,5022,10656,10566,952560894,89392,61591,312,17
SA,5023,11302,11192,688519984,60920,53846,1585,171
SA,5024,9573,9524,693769641,72472,57701,824,64
SA,5025,5891,5834,398005860,67562,57244,1120,99
SA,5031,6675,6611,454544617,68097,56904,1077,92
SA,5032,8949,8871,606459079,67768,55489,1099,97
SA,5033,5848,5795,352467878,60272,53525,1639,178
SA,5034,6955,6904,637474848,91657,61553,283,15
SA,5035,4254,4217,299623899,70433,57634,942,73
SA,5037,7648,7592,489290910,63976,55733,1371,130
SA,5038,11826,11685,734839295,62138,54409,1506,155
SA,5039,5818,5767,385305272,66226,55897,1212,106
SA,5040,1432,1423,120028106,83819,52016,417,29
SA,5041,8767,8703,691344592,78858,61057,542,38
SA,5042,7628,7549,454673295,59606,50904,1693,189
SA,5043,12702,12599,755053587,59444,52439,1711,194
SA,5044,7584,7528,642414102,84707,60576,389,24
SA,5045,10892,10817,892979280,81985,57899,460,33
SA,5046,6120,6065,394169738,64407,56428,1345,125
SA,5047,5492,5435,334759738,60954,53692,1583,170
SA,5048,9735,9681,730481267,75037,57128,696,55
SA,5049,6827,6777,497549509,72880,55730,805,61
SA,5050,3757,3721,268092366,71358,53687,886,68
SA,5051,10169,10095,786049100,77299,62254,604,49
SA,5052,4292,4259,337676453,78676,61401,552,40
SA,5061,6944,6869,826005637,118952,66910,89,2
SA,5062,10335,10238,1032979064,99950,62300,192,7
SA,5063,8323,8250,702616489,84419,60432,397,26
SA,5064,6956,6876,683291374,98231,58206,206,11
SA,5065,7452,7349,725736498,97388,58409,211,12
SA,5066,8560,8461,852841801,99631,63907,195,8
SA,5067,7574,7487,676376699,89302,62697,316,18
SA,5068,8441,8348,750915194,88960,58041,321,20
SA,5069,5618,5571,554057018,98622,64104,204,10
SA,5070,9989,9868,711726608,71251,54580,892,69
SA,5071,83,82,7402372,89185,59107,317,19
SA,5072,9225,9117,698908225,75762,56408,665,53
SA,5073,10991,10840,719426416,65456,54068,1272,114
SA,5074,9284,9170,551969080,59454,52620,1708,192
SA,5075,7291,7213,453906060,62256,53023,1500,154
SA,5076,6536,6483,444116328,67949,56431,1085,94
SA,5081,6680,6613,734710213,109987,64065,127,5
SA,5082,10963,10864,861741857,78605,60139,558,42
SA,5083,5318,5263,364767721,68591,56958,1055,90
SA,5084,6354,6253,327120992,51483,46509,2294,292
SA,5085,15930,15745,973499257,61111,54320,1568,166
SA,5086,10964,10847,655771028,59811,52642,1675,185
SA,5087,8214,8122,495778011,60358,53035,1630,177
SA,5088,2430,2401,135675675,55834,51581,1988,245
SA,5089,4564,4537,313198583,68624,55534,1052,89
SA,5090,4530,4492,263054422,58069,52276,1804,208
SA,5091,4988,4960,324509027,65058,57139,1295,117
SA,5092,11579,11440,665907527,57510,52522,1841,216
SA,5093,5827,5777,320227661,54956,50465,2057,258
SA,5094,565,563,29786236,52719,47019,2213,275
SA,5095,13806,13650,844357754,61159,53888,1564,165
SA,5096,8445,8354,492075744,58268,51550,1789,204
SA,5097,8552,8479,519168936,60707,55161,1600,172
SA,5098,7721,7621,427981141,55431,50667,2019,253
SA,5106,73,73,4200483,57541,43886,1838,215
SA,5107,10364,10233,538839174,51991,47662,2261,285
SA,5108,23066,22746,1185957115,51416,48419,2302,293
SA,5109,11622,11510,649460570,55882,51136,1983,243
SA,5110,4921,4867,273779968,55635,49915,2008,250
SA,5111,227,227,17575124,77423,75931,598,47
SA,5112,9498,9375,476278573,50145,46293,2362,301
SA,5113,8816,8673,403798989,45803,43458,2519,322
SA,5114,21492,21258,1248200089,58077,52934,1803,207
SA,5115,8298,8191,466574131,56227,53723,1950,237
SA,5116,6469,6414,392545370,60681,55212,1603,173
SA,5117,3490,3466,240866255,69016,62319,1022,86
SA,5118,12029,11926,773628602,64314,56264,1354,127
SA,5120,2212,2191,140015474,63298,55573,1410,136
SA,5121,1477,1461,85238664,57711,52998,1826,213
SA,5125,12533,12456,875520546,69857,59496,972,80
SA,5126,4646,4624,295497976,63603,56753,1395,134
SA,5127,4953,4924,317573116,64117,56715,1364,128
SA,5131,691,686,49619535,71808,52487,859,67
SA,5132,303,299,29407069,97053,52979,216,13
SA,5133,280,277,19682141,70293,56024,948,74
SA,5134,286,279,24368017,85203,56585,381,23
SA,5136,329,325,25881634,78668,61499,553,41
SA,5137,376,374,31550951,83912,57977,413,28
SA,5138,201,198,12591217,62643,49386,1464,147
SA,5139,155,154,9533439,61506,45883,1542,160
SA,5140,298,295,22665215,76058,62959,650,51
SA,5141,469,468,38997984,83151,60300,435,31
SA,5142,428,426,31861066,74442,53394,725,58
SA,5144,238,238,20092858,84424,58144,396,25
SA,5150,54,54,4929617,91289,58567,290,16
SA,5151,290,288,24283704,83737,60297,422,30
SA,5152,4265,4227,423998125,99413,66630,197,9
SA,5153,4394,4354,350364839,79737,54387,515,37
SA,5154,2318,2299,216930421,93585,65043,257,14
SA,5155,2528,2508,183749971,72686,59825,813,63
SA,5156,658,655,48866541,74265,59373,732,59
SA,5157,2099,2090,146217417,69661,51598,982,81
SA,5158,15984,15872,1029482611,64407,57155,1344,124
SA,5159,21173,21012,1371701874,64785,55749,1313,120
SA,5160,126,124,9510848,75483,55804,675,54
SA,5161,6011,5970,347140915,57751,53046,1824,212
SA,5162,20493,20319,1150271259,56130,51782,1957,238
SA,5163,8068,7973,445400015,55206,50486,2043,257
SA,5164,2330,2303,112766195,48398,45522,2429,307
SA,5165,3433,3396,193847959,56466,50609,1930,234
SA,5166,1051,1041,57447414,54660,49648,2082,263
SA,5167,3888,3863,245320390,63097,54632,1426,141
SA,5168,3230,3201,185910475,57557,51304,1836,214
SA,5169,12499,12405,763750256,61105,54798,1570,168
SA,5170,774,762,44750998,57818,49301,1822,210
SA,5171,3916,3878,248484767,63454,50121,1402,135
SA,5172,2785,2752,182969209,65698,49389,1255,113
SA,5173,7562,7501,431204449,57023,48812,1880,224
SA,5174,1792,1774,106738148,59564,50233,1697,190
SA,5201,1558,1538,97080885,62311,53306,1497,153
SA,5202,604,598,36121876,59804,46925,1676,186
SA,5203,780,766,40412865,51811,39805,2269,286
SA,5204,1859,1828,93374282,50228,38515,2360,300
SA,5210,1225,1212,69826896,57002,48433,1883,225
SA,5211,9149,9039,489026779,53451,41579,2171,273
SA,5212,1195,1183,63009172,52727,40849,2212,274
SA,5213,815,808,48993366,60115,44363,1648,182
SA,5214,4949,4886,248586974,50230,39077,2359,299
SA,5220,208,205,9362444,45012,44197,2536,325
SA,5221,214,211,11034340,51562,40473,2287,290
SA,5222,478,472,25199148,52718,39705,2215,276
SA,5223,2340,2289,118191387,50509,42430,2341,297
SA,5231,749,735,52437159,70010,58199,967,77
SA,5232,276,271,18957934,68688,51860,1047,88
SA,5233,944,931,64741928,68583,51094,1056,91
SA,5234,913,897,56248324,61608,51805,1537,158
SA,5235,1592,1571,94137153,59131,49977,1735,198
SA,5236,181,180,10737300,59322,44284,1720,196
SA,5237,215,210,10225638,47561,43424,2464,314
SA,5238,2351,2304,114811325,48835,41423,2409,304
SA,5240,371,366,23141837,62377,52223,1487,151
SA,5241,1622,1603,99803437,61531,51042,1540,159
SA,5242,1048,1033,82528292,78748,57104,549,39
SA,5243,622,616,54024103,86855,56607,357,22
SA,5244,2974,2932,196528989,66082,52953,1223,108
SA,5245,2010,1994,156698790,77960,53023,585,45
SA,5250,2381,2363,178256669,74866,58907,700,57
SA,5251,13203,13110,879098925,66583,56179,1187,104
SA,5252,4249,4205,265686968,62529,54374,1472,149
SA,5253,10644,10503,549055845,51584,46076,2282,289
SA,5254,1500,1475,82356420,54904,45666,2060,260
SA,5255,6229,6154,367179145,58947,49022,1749,201
SA,5256,774,765,35988519,46497,39168,2496,318
SA,5259,609,597,29584304,48579,42361,2419,305
SA,5260,1025,1011,57294885,55897,43316,1980,242
SA,5261,240,235,15100530,62919,47198,1440,142
SA,5262,282,275,16706228,59242,51361,1725,197
SA,5263,129,127,7766815,60208,43307,1641,180
SA,5264,788,776,41198206,52282,41881,2233,280
SA,5265,215,211,11312611,52617,45548,2219,278
SA,5266,405,398,29251318,72225,53485,839,65
SA,5267,1291,1254,70871756,54897,47849,2061,261
SA,5268,2714,2680,162105209,59729,47617,1682,187
SA,5269,138,135,7264039,52638,46867,2218,277
SA,5270,412,404,22452196,54496,49501,2094,265
SA,5271,5113,5053,303981935,59453,47639,1709,193
SA,5272,555,551,38579067,69512,51086,993,82
SA,5273,89,85,6231087,70012,49507,966,76
SA,5275,1490,1477,94101192,63155,45143,1425,140
SA,5276,935,921,57383539,61373,50256,1548,162
SA,5277,1773,1752,101192823,57074,50106,1876,221
SA,5278,334,329,20741604,62101,45485,1510,156
SA,5279,270,266,14660522,54298,44760,2109,266
SA,5280,4366,4316,247070692,56590,46585,1919,232
SA,5290,15469,15334,900590461,58219,50567,1793,205
SA,5291,5804,5738,365001376,62888,53419,1444,144
SA,5301,348,335,19682709,56560,38362,1921,233
SA,5302,536,524,29950200,55877,50481,1984,244
SA,5303,165,164,9749817,59090,52367,1736,199
SA,5304,581,569,33336019,57377,48072,1849,217
SA,5306,57,56,2738977,48052,43994,2451,311
SA,5307,294,280,12480086,42449,37201,2570,328
SA,5308,72,70,1952317,27116,23597,2616,331
SA,5309,51,46,1539074,30178,28749,2613,330
SA,5311,194,194,9099834,46906,41492,2483,316
SA,5320,328,322,16954576,51691,41878,2276,288
SA,5321,165,165,7727732,46835,42990,2486,317
SA,5322,486,482,26297969,54111,47296,2129,269
SA,5330,1959,1934,100918096,51515,44965,2290,291
SA,5331,161,161,9222812,57285,49482,1855,219
SA,5332,223,220,9932144,44539,42843,2541,326
SA,5333,3575,3533,196361753,54926,48841,2059,259
SA,5340,820,801,44289717,54012,48247,2137,270
SA,5341,4701,4653,247076602,52558,46982,2222,279
SA,5342,721,716,39342025,54566,47948,2085,264
SA,5343,2841,2817,157369186,55392,49369,2024,254
SA,5344,512,508,25331396,49475,45849,2387,303
SA,5345,1997,1977,103448049,51802,45687,2271,287
SA,5346,225,223,11323552,50327,47287,2349,298
SA,5350,359,353,25080129,69861,60215,971,79
SA,5351,3896,3860,254158251,65236,57807,1287,116
SA,5352,3318,3298,232227825,69990,54950,968,78
SA,5353,2446,2410,148408848,60674,48482,1607,174
SA,5354,160,157,7553418,47209,47449,2475,315
SA,5355,5248,5202,318318519,60655,53262,1610,175
SA,5356,485,473,24933528,51409,48857,2304,294
SA,5357,217,212,10353092,47710,43560,2460,313
SA,5360,825,817,53633773,65011,55846,1299,119
SA,5371,977,970,63545185,65041,55156,1296,118
SA,5372,1609,1592,100740608,62611,55401,1465,148
SA,5373,2020,2002,120501441,59654,50432,1687,188
SA,5374,867,848,43470397,50139,42579,2364,302
SA,5381,182,176,7827195,43007,30519,2561,327
SA,5400,673,665,44247410,65747,54191,1251,112
SA,5401,477,467,28616992,59994,49679,1658,183
SA,5410,198,198,11869425,59947,53766,1660,184
SA,5411,195,192,11037333,56602,46193,1917,231
SA,5412,687,682,39377430,57318,46602,1853,218
SA,5413,492,485,25649771,52134,39411,2249,283
SA,5414,95,93,5378737,56618,53895,1914,229
SA,5415,160,156,8347243,52170,44531,2247,282
SA,5416,148,148,6842725,46235,42490,2503,319
SA,5417,865,850,45069516,52103,41514,2251,284
SA,5418,56,53,2543550,45421,36305,2527,323
SA,5419,122,120,6373914,52245,37324,2237,281
SA,5421,55,53,2644540,48083,29790,2448,309
SA,5422,688,673,33409946,48561,42577,2420,306
SA,5431,498,481,23934126,48060,40066,2450,310
SA,5432,97,90,6170012,63608,41366,1394,133
SA,5433,691,677,41142449,59540,45535,1699,191
SA,5434,240,239,14058482,58577,51385,1770,203
SA,5440,120,118,5428089,45234,37530,2529,324
SA,5451,467,460,25929020,55523,44280,2015,252
SA,5452,319,318,17804456,55813,44082,1991,247
SA,5453,3188,3163,205060265,64323,51173,1352,126
SA,5454,219,216,12544343,57280,51508,1857,220
SA,5460,430,427,26964495,62708,50616,1461,146
SA,5461,1526,1502,90695225,59433,47167,1712,195
SA,5462,344,339,19043135,55358,48285,2030,255
SA,5464,332,329,22505481,67788,54929,1096,96
SA,5470,76,76,4319340,56833,45221,1896,228
SA,5471,63,57,4949477,78563,68657,562,43
SA,5472,94,94,5098933,54244,41960,2115,267
SA,5473,392,386,22357772,57035,46825,1879,223
SA,5480,481,477,26849033,55819,46010,1990,246
SA,5481,312,311,15902088,50968,38221,2322,295
SA,5482,316,305,21390806,67692,45382,1109,98
SA,5483,195,193,10518426,53941,44502,2141,271
SA,5485,356,351,19828138,55697,47283,2002,249
SA,5490,84,83,5540335,65956,54454,1234,110
SA,5491,1142,1133,76575628,67054,52099,1162,102
SA,5495,279,267,15500201,55556,42819,2012,251
SA,5501,5454,5395,348023849,63811,55241,1380,131
SA,5502,1006,984,62253404,61882,49970,1524,157
SA,5510,61,60,4135218,67790,54729,1095,95
SA,5520,273,270,18864978,69102,45151,1018,85
SA,5521,63,62,5146677,81693,52056,469,34
SA,5522,803,789,54242552,67550,47851,1123,100
SA,5523,1069,1046,69101846,64642,52130,1322,122
SA,5540,7723,7647,452592560,58603,49905,1768,202
SA,5550,562,550,30822796,54845,48841,2065,262
SA,5552,202,199,16253666,80464,56829,497,35
SA,5554,3123,3088,181435987,58097,48441,1800,206
SA,5555,307,307,21630660,70458,48216,940,72
SA,5556,2241,2212,127480976,56886,43672,1893,227
SA,5558,2705,2681,152208765,56269,44258,1944,236
SA,5560,254,252,17468382,68773,49549,1038,87
SA,5570,251,245,13590065,54144,41931,2124,268
SA,5571,990,980,66698301,67372,45963,1145,101
SA,5572,98,98,8592367,87677,63392,342,21
SA,5573,1204,1191,87735432,72870,48536,807,62
SA,5575,1327,1307,74306144,55996,42007,1969,241
SA,5576,646,640,38910838,60234,47127,1640,179
SA,5577,337,326,18886216,56042,40843,1966,240
SA,5580,246,242,13791589,56063,39507,1963,239
SA,5581,314,312,17911668,57044,42577,1878,222
SA,5582,282,278,15727000,55770,42736,1993,248
SA,5583,400,393,19094707,47737,36927,2459,312
SA,5600,3688,3673,284968415,77269,65611,605,50
SA,5601,59,58,3479349,58972,51620,1747,200
SA,5602,752,743,43563885,57931,48227,1812,209
SA,5603,273,264,16517529,60504,47211,1621,176
SA,5604,133,133,8000546,60154,50706,1645,181
SA,5605,1104,1089,63781707,57773,46505,1823,211
SA,5606,9015,8926,569749281,63200,50256,1421,138
SA,5607,2900,2852,177216921,61109,50743,1569,167
SA,5608,6375,6304,400560123,62833,52404,1449,145
SA,5609,1164,1151,90559466,77800,69469,590,46
SA,5630,88,88,5821244,66151,55428,1219,107
SA,5631,726,716,58216423,80188,56989,504,36
SA,5632,153,152,15672784,102437,69602,177,6
SA,5633,198,186,13141725,66372,44368,1203,105
SA,5640,649,638,41300710,63637,54643,1391,132
SA,5641,642,619,40580744,63210,51683,1418,137
SA,5642,145,141,9039790,62343,44651,1489,152
SA,5650,106,103,7366378,69494,58616,994,83
SA,5651,84,82,6365789,75783,59087,663,52
SA,5652,437,432,32751802,74947,53356,698,56
SA,5654,124,119,7948690,64102,54659,1365,129
SA,5655,62,61,4014143,64744,45138,1315,121
SA,5661,83,81,6991170,84231,60456,405,27
SA,5670,303,299,16741288,55252,43651,2036,256
SA,5671,122,121,10058145,82444,60133,446,32
SA,5680,1426,1411,86926012,60958,47605,1582,169
SA,5690,2280,2263,148850304,65285,53959,1284,115
SA,5700,5900,5852,362323360,61411,52230,1545,161
SA,5701,50,48,2419600,48392,47047,2430,308
SA,5710,1344,1338,93225852,69364,61981,1002,84
SA,5720,135,134,10448476,77396,73636,599,48
SA,5722,177,177,11426686,64558,42094,1326,123
SA,5723,799,793,44974784,56289,49884,1941,235
SA,5724,102,101,4687937,45960,36415,2512,320
SA,5725,2384,2365,269413460,113009,103714,115,4
SA,5730,57,56,2215188,38863,33083,2594,329
SA,5731,110,110,6227645,56615,44594,1915,230
SA,5732,69,69,3163291,45845,36049,2517,321
SA,5733,67,66,4734827,70669,50087,926,71
SA,5734,56,56,3694281,65969,54573,1232,109
TAS,7000,10435,10348,779418185,74693,56603,707,7
TAS,7001,407,405,14105017,34656,2816,2608,113
TAS,7004,5295,5247,417672749,78881,57207,541,5
TAS,7005,9401,9307,817357225,86944,53357,354,1
TAS,7007,2196,2179,174355478,79397,57709,529,4
TAS,7008,8533,8478,603128454,70682,58012,922,10
TAS,7009,8507,8421,496506222,58364,53498,1785,56
TAS,7010,10668,10548,578030699,54184,50630,2121,82
TAS,7011,9188,9104,521919487,56804,53110,1897,66
TAS,7012,550,546,33595380,61083,59844,1572,39
TAS,7015,7011,6965,470588402,67121,55857,1156,20
TAS,7016,1484,1464,76913274,51828,50676,2268,90
TAS,7017,4051,4019,264231223,65226,58354,1288,23
TAS,7018,14526,14427,966131815,66511,56004,1190,21
TAS,7019,4649,4600,260392206,56010,53929,1967,71
TAS,7020,1814,1806,127085573,70058,55693,962,12
TAS,7021,1643,1639,115834045,70502,59627,937,11
TAS,7022,589,584,37969008,64464,55370,1338,25
TAS,7023,237,237,15075634,63610,47492,1393,32
TAS,7024,358,356,26560974,74193,59127,738,8
TAS,7025,1201,1192,77390381,64438,52836,1341,26
TAS,7026,670,664,38275288,57127,53054,1870,63
TAS,7027,174,172,8311322,47766,46498,2457,105
TAS,7030,10793,10680,606221949,56168,51596,1954,70
TAS,7050,9234,9162,579031769,62706,53666,1462,34
TAS,7051,99,99,6419388,64842,49449,1308,24
TAS,7052,4813,4776,334440390,69487,55458,995,15
TAS,7053,2343,2330,186778869,79718,58175,518,3
TAS,7054,5825,5788,393266337,67514,56727,1128,18
TAS,7055,332,326,20587614,62011,59007,1517,36
TAS,7109,5970,5887,341714873,57239,48363,1863,62
TAS,7112,1944,1929,100053330,51468,40175,2297,94
TAS,7113,742,730,38182127,51458,42912,2298,95
TAS,7116,1375,1360,70815637,51502,43193,2293,93
TAS,7117,534,527,30407253,56942,44473,1888,65
TAS,7120,1031,1011,52887302,51297,44487,2311,97
TAS,7140,6643,6563,361757793,54457,49238,2097,80
TAS,7150,1949,1931,116255816,59649,48279,1689,48
TAS,7155,594,588,38265241,64420,48539,1343,27
TAS,7162,440,435,26451183,60116,39604,1647,46
TAS,7163,231,227,13374600,57899,43521,1817,59
TAS,7170,3832,3806,300020871,78294,61682,572,6
TAS,7171,2320,2306,141268818,60892,56266,1586,40
TAS,7172,2678,2650,155262073,57977,52921,1809,57
TAS,7173,4596,4562,271847652,59149,52379,1733,49
TAS,7174,112,110,5394568,48166,44578,2443,104
TAS,7175,152,150,8614117,56672,43323,1913,67
TAS,7176,110,110,6201444,56377,44467,1935,69
TAS,7177,275,270,13516662,49152,45211,2398,102
TAS,7178,180,178,9563567,53131,37649,2189,87
TAS,7179,249,247,12865755,51670,42173,2278,91
TAS,7180,84,83,3864388,46005,37372,2510,108
TAS,7182,134,130,5759585,42982,40512,2562,110
TAS,7184,473,467,26439330,55897,38478,1981,74
TAS,7185,76,75,4178890,54985,37417,2055,77
TAS,7186,93,93,4053418,43585,36764,2549,109
TAS,7187,74,74,2916621,39414,38228,2590,112
TAS,7190,1948,1919,96036924,49300,41862,2393,101
TAS,7209,244,235,14408918,59053,45846,1740,50
TAS,7210,550,541,30783254,55970,45135,1973,73
TAS,7211,128,127,8913087,69633,47252,985,14
TAS,7212,1094,1085,79777680,72923,50919,803,9
TAS,7213,163,157,7671839,47067,45939,2481,107
TAS,7214,284,282,13749354,48413,39651,2428,103
TAS,7215,2358,2300,120856239,51254,38232,2312,98
TAS,7216,1923,1890,90829717,47233,36920,2473,106
TAS,7248,8931,8837,449591499,50341,45917,2348,99
TAS,7249,8136,8067,510901619,62795,55036,1454,33
TAS,7250,31417,31197,2128016959,67735,54387,1103,17
TAS,7252,1926,1906,127671567,66288,51858,1209,22
TAS,7253,2494,2464,138151458,55394,46291,2023,75
TAS,7254,320,315,16655421,52048,46567,2256,89
TAS,7255,524,509,33362922,63670,48166,1389,31
TAS,7256,1026,1014,63961643,62341,52232,1491,35
TAS,7257,54,53,2277926,42184,37400,2574,111
TAS,7258,625,620,54246688,86795,57752,359,2
TAS,7259,318,313,17244321,54227,48262,2118,81
TAS,7260,1812,1790,98012001,54091,45660,2130,83
TAS,7261,154,150,7918187,51417,39566,2301,96
TAS,7262,1131,1119,66066888,58415,49652,1784,55
TAS,7263,355,348,19144534,53928,43957,2142,84
TAS,7264,308,301,15472178,50234,42499,2358,100
TAS,7265,150,144,8459158,56394,44765,1933,68
TAS,7267,488,481,28757725,58930,52812,1751,51
TAS,7268,684,671,41484687,60650,50249,1611,42
TAS,7270,2341,2302,129309037,55237,43562,2038,76
TAS,7275,2019,1992,115042090,56980,47370,1886,64
TAS,7276,382,377,22012100,57623,48213,1832,60
TAS,7277,4111,4075,262262031,63795,53722,1382,30
TAS,7290,1494,1482,90359332,60481,55434,1623,45
TAS,7291,480,471,33485752,69762,53958,977,13
TAS,7292,427,416,23914967,56007,47258,1968,72
TAS,7300,2453,2437,156793280,63919,54666,1376,29
TAS,7301,2731,2699,160809927,58883,51534,1754,52
TAS,7302,1242,1226,66071869,53198,48400,2183,86
TAS,7303,1771,1748,97351522,54970,48287,2056,78
TAS,7304,3663,3601,199873765,54566,43892,2086,79
TAS,7305,677,666,35266946,52093,46938,2252,88
TAS,7306,2531,2492,130592099,51597,44796,2280,92
TAS,7307,6839,6766,418776969,61234,50347,1558,38
TAS,7310,16671,16518,965755177,57930,49449,1813,58
TAS,7315,8838,8755,518054960,58617,49454,1767,54
TAS,7316,3868,3826,239239251,61851,51926,1525,37
TAS,7320,9877,9762,598535623,60599,51799,1615,43
TAS,7321,2786,2735,167254020,60034,49470,1652,47
TAS,7322,2126,2116,128678595,60526,52036,1619,44
TAS,7325,4870,4823,285896641,58706,49665,1762,53
TAS,7330,3964,3911,227147046,57302,50318,1854,61
TAS,7331,383,380,20579646,53733,50819,2157,85
TAS,7467,885,876,53871047,60871,48730,1589,41
TAS,7468,425,418,27236361,64086,53815,1367,28
TAS,7469,395,387,26549325,67213,53137,1154,19
TAS,7470,343,340,23386528,68182,53742,1072,16
VIC,3000,38739,37842,2196590108,56702,36107,1909,484
VIC,3001,160,159,18171306,113571,57969,109,25
VIC,3002,3711,3673,538093200,145000,78557,36,10
VIC,3003,6727,6617,466803385,69393,55461,1000,231
VIC,3004,9435,9251,844836398,89543,64624,311,79
VIC,3006,20145,19775,1523760210,75640,58169,671,146
VIC,3008,12107,11836,943063893,77894,60656,587,130
VIC,3011,17951,17742,1234395310,68765,56703,1039,242
VIC,3012,18169,17992,1348707176,74231,62454,734,162
VIC,3013,10028,9970,968740691,96604,76870,221,60
VIC,3015,11831,11748,1119717124,94643,76439,246,66
VIC,3016,10601,10511,1115835527,105258,71811,158,42
VIC,3018,8483,8404,707159962,83362,67816,431,103
VIC,3019,6144,6079,355832416,57915,50440,1815,456
VIC,3020,26433,26095,1513622156,57263,50141,1858,467
VIC,3021,28972,28544,1456516300,50273,45184,2355,632
VIC,3022,2058,2027,120381432,58494,51375,1779,447
VIC,3023,37364,36932,2354274291,63009,54315,1433,349
VIC,3024,23553,23217,1547939133,65722,57089,1253,299
VIC,3025,7496,7403,611783293,81615,62464,471,107
VIC,3026,3534,3484,228296024,64600,54783,1324,321
VIC,3027,6625,6505,473444015,71463,58703,880,196
VIC,3028,16939,16741,1090253160,64363,57324,1348,330
VIC,3029,88530,86957,5272762334,59559,51577,1698,425
VIC,3030,76627,75577,5450186802,71126,59270,899,199
VIC,3031,12177,12078,1029317059,84530,67204,393,95
VIC,3032,20712,20524,1706670148,82400,62880,447,104
VIC,3033,8939,8886,688043619,76971,61648,617,135
VIC,3034,7029,6963,521021854,74125,59254,745,167
VIC,3036,3843,3810,340987746,88730,62962,325,81
VIC,3037,30231,29947,2000183344,66163,56685,1218,290
VIC,3038,16564,16424,1116423825,67401,56341,1142,268
VIC,3039,11377,11305,1108037273,97393,69390,210,59
VIC,3040,18608,18465,1795803134,96507,67311,224,61
VIC,3041,8813,8753,800101586,90787,66769,296,75
VIC,3042,10557,10474,817018222,77391,64747,600,131
VIC,3043,10324,10240,672489382,65138,56769,1292,310
VIC,3044,18063,17930,1437156868,79564,66013,522,115
VIC,3046,23070,22758,1508981874,65409,57223,1275,304
VIC,3047,10463,10239,506103508,48371,41755,2432,653
VIC,3048,7900,7733,387194513,49012,43214,2404,645
VIC,3049,5964,5917,403275166,67618,58481,1116,257
VIC,3051,10442,10316,749689563,71796,52739,862,190
VIC,3052,4074,4011,301912462,74107,49638,746,168
VIC,3053,12638,12385,692768395,54816,35354,2066,527
VIC,3054,5928,5880,626762038,105729,64947,155,40
VIC,3055,10133,10068,777959303,76775,62667,623,138
VIC,3056,18648,18501,1512120638,81088,65116,484,109
VIC,3057,10078,10019,845942366,83940,70540,412,99
VIC,3058,22783,22604,1762499390,77360,62085,601,132
VIC,3059,13810,13648,1017383464,73670,58222,767,171
VIC,3060,7829,7629,462335756,59054,48811,1739,440
VIC,3061,2381,2334,127714494,53639,44803,2159,567
VIC,3062,86,83,10753288,125038,81654,70,17
VIC,3063,377,375,28455260,75478,53624,676,147
VIC,3064,69206,68018,4008226959,57917,50931,1814,455
VIC,3065,7351,7283,746251202,101517,68972,182,52
VIC,3066,6963,6903,637774427,91595,74601,284,74
VIC,3067,6992,6919,624734668,89350,70745,314,80
VIC,3068,13044,12964,1393583027,106837,72980,148,39
VIC,3070,16965,16861,1686070890,99385,71523,199,56
VIC,3071,12290,12222,1037380596,84409,66458,398,96
VIC,3072,22017,21824,1607902317,73030,60360,800,175
VIC,3073,30372,30079,2036632057,67056,57304,1160,273
VIC,3074,10854,10688,600920750,55364,48548,2027,517
VIC,3075,12200,12015,686652347,56283,50400,1942,490
VIC,3076,19265,19008,1142820432,59321,52866,1721,432
VIC,3078,8513,8461,866111573,101740,71409,181,51
VIC,3079,12046,11939,1298725778,107814,69147,141,35
VIC,3081,8603,8501,583286859,67800,58274,1094,251
VIC,3082,17402,17230,1096437312,63006,54611,1435,350
VIC,3083,19770,19513,1249641552,63209,51903,1419,345
VIC,3084,17397,17259,1570781898,90290,65428,301,77
VIC,3085,8714,8644,682993088,78379,62342,571,128
VIC,3086,72,72,6169120,85682,68851,374,92
VIC,3087,5446,5414,404601302,74293,63729,730,161
VIC,3088,16968,16846,1297870791,76489,64006,633,142
VIC,3089,8310,8258,660909378,79532,64156,524,116
VIC,3090,1806,1795,181010634,100227,67629,190,54
VIC,3091,1132,1118,131032942,115753,62659,98,24
VIC,3093,2584,2567,257900447,99807,64369,193,55
VIC,3094,5672,5629,445822124,78601,63160,559,126
VIC,3095,18474,18320,1596532340,86421,62901,366,91
VIC,3096,1243,1233,93024318,74839,56021,703,153
VIC,3097,976,963,96148057,98512,56506,205,57
VIC,3099,3104,3083,231652796,74630,57271,711,155
VIC,3101,17054,16797,2215830396,129930,66789,57,14
VIC,3102,4529,4465,464623798,102589,62546,175,48
VIC,3103,10807,10560,1039045793,96146,51752,227,62
VIC,3104,14109,13858,1307528403,92673,54759,272,70
VIC,3105,7150,7061,550412215,76981,54816,616,134
VIC,3106,11159,10981,1036265893,92864,53887,270,69
VIC,3107,8913,8804,658936726,73930,53308,756,170
VIC,3108,17043,16740,1140325508,66909,48000,1169,277
VIC,3109,19629,19302,1314032608,66943,48787,1168,276
VIC,3111,8197,8116,686405898,83739,54421,421,101
VIC,3113,5648,5600,527129320,93330,60081,265,68
VIC,3114,2650,2629,275714994,104043,64959,167,46
VIC,3115,2656,2631,284923683,107275,62639,146,38
VIC,3116,7553,7498,534186224,70725,58321,919,206
VIC,3121,22700,22531,2332192892,102740,76146,174,47
VIC,3122,17147,16980,2175455517,126871,67828,64,15
VIC,3123,10825,10700,1316757718,121640,70253,79,18
VIC,3124,15719,15488,1771883191,112722,64556,118,30
VIC,3125,10300,10134,680531796,66071,46183,1224,293
VIC,3126,5548,5424,785297787,141546,64347,44,11
VIC,3127,13163,12987,1371942706,104227,63786,163,43
VIC,3128,15542,15202,965207105,62103,45002,1509,368
VIC,3129,11509,11335,856090357,74384,51798,727,160
VIC,3130,21634,21392,1701638542,78656,56752,555,124
VIC,3131,14544,14379,1013259021,69669,55130,981,223
VIC,3132,11075,10971,839743974,75823,60265,658,145
VIC,3133,14588,14408,1039428318,71252,53159,891,197
VIC,3134,22283,22070,1678523754,75328,58488,683,148
VIC,3135,12779,12685,945979621,74026,59945,751,169
VIC,3136,28662,28451,2016786725,70364,58724,946,211
VIC,3137,9156,9084,619841290,67698,58682,1107,255
VIC,3138,14225,14117,962790527,67683,57886,1110,256
VIC,3139,9095,9018,582849080,64085,54367,1368,333
VIC,3140,11250,11176,775602652,68942,58165,1025,238
VIC,3141,19168,18929,2304119248,120207,70962,84,20
VIC,3142,9857,9704,2380576390,241511,79456,4,1
VIC,3143,6978,6893,936092536,134149,79221,49,12
VIC,3144,7996,7914,1208469538,151134,75639,29,8
VIC,3145,16265,16089,1836607138,112918,64999,117,29
VIC,3146,17774,17625,2139472510,120371,71148,83,19
VIC,3147,9621,9530,911889884,94781,63688,243,65
VIC,3148,6313,6250,453674449,71864,58042,857,188
VIC,3149,23653,23299,1811531250,76588,55600,630,141
VIC,3150,41444,40661,2877820989,69439,47859,996,228
VIC,3151,7478,7354,471155259,63006,48529,1436,351
VIC,3152,22481,22191,1522235322,67712,53023,1106,254
VIC,3153,13229,13111,854884149,64622,57464,1323,320
VIC,3154,2668,2647,187312206,70207,58839,955,214
VIC,3155,14535,14400,933596258,64231,57263,1360,331
VIC,3156,24155,23960,1705051554,70588,58061,933,209
VIC,3158,4286,4255,305158553,71199,58216,895,198
VIC,3159,1643,1631,121810084,74139,59696,742,165
VIC,3160,5710,5661,416306114,72908,59891,804,176
VIC,3161,11974,11827,1421770701,118738,68036,91,21
VIC,3162,12130,12026,1235569411,101861,65561,180,50
VIC,3163,23118,22891,1858002384,80370,62520,499,111
VIC,3165,18867,18684,1548709897,82086,63943,458,106
VIC,3166,16179,16021,1276494787,78898,59914,540,121
VIC,3167,6267,6194,448585104,71579,59145,872,193
VIC,3168,14949,14670,758644844,50749,41927,2335,630
VIC,3169,13192,13039,787625664,59705,51376,1683,421
VIC,3170,12431,12286,842061536,67739,55918,1102,252
VIC,3171,13371,13143,669989052,50108,43981,2366,636
VIC,3172,13977,13815,842977691,60312,50033,1635,408
VIC,3173,18732,18481,1174355828,62693,53261,1463,357
VIC,3174,23483,23140,1231850374,52457,47629,2227,592
VIC,3175,29279,28786,1588830769,54265,47072,2114,549
VIC,3177,6402,6290,319636387,49928,45728,2373,638
VIC,3178,22083,21890,1563903766,70819,59286,912,202
VIC,3179,3887,3851,252024591,64838,54967,1309,315
VIC,3180,4945,4896,315461843,63794,54144,1383,335
VIC,3181,14721,14594,1502315524,102053,73144,179,49
VIC,3182,17664,17466,1535227224,86913,62528,356,89
VIC,3183,12787,12666,1178190920,92140,63636,279,72
VIC,3184,10957,10871,1141858675,104213,73958,165,45
VIC,3185,9265,9180,995109170,107405,70145,145,37
VIC,3186,16895,16654,2711408787,160486,72357,23,7
VIC,3187,11005,10903,1233195300,112058,66092,121,31
VIC,3188,12043,11941,1419122045,117838,67495,94,23
VIC,3189,4221,4181,330111884,78207,62518,575,129
VIC,3190,7826,7783,693052514,88558,68570,330,83
VIC,3191,7234,7171,857161933,118491,68307,92,22
VIC,3192,15411,15293,1214086123,78780,63283,547,122
VIC,3193,13876,13767,1536563436,110735,64755,125,32
VIC,3194,8902,8836,722238112,81132,63151,482,108
VIC,3195,23908,23756,2014857644,84275,63862,403,98
VIC,3196,16541,16413,1275714569,77124,64044,612,133
VIC,3197,7715,7658,614511778,79652,61676,520,114
VIC,3198,10232,10146,690109628,67446,58897,1135,264
VIC,3199,32875,32639,2217552986,67454,56108,1134,263
VIC,3200,2698,2667,145869279,54066,50314,2132,554
VIC,3201,13627,13516,865167595,63489,58079,1400,338
VIC,3202,1750,1741,131754219,75288,61823,685,149
VIC,3204,21774,21523,1928832185,88584,64169,328,82
VIC,3205,9063,8920,979164202,108040,69917,138,34
VIC,3206,6954,6874,1170193251,168276,80173,17,4
VIC,3207,12089,11955,1366679836,113052,77736,113,27
VIC,3211,784,779,68301631,87119,56198,352,87
VIC,3212,12028,11958,827798324,68823,58848,1030,240
VIC,3213,2900,2880,208376210,71854,54590,858,189
VIC,3214,12031,11888,618879124,51440,47472,2299,618
VIC,3215,12952,12849,873771761,67462,56015,1130,262
VIC,3216,37474,37206,2567441838,68513,54564,1058,246
VIC,3217,16795,16672,1164690359,69347,61386,1004,233
VIC,3218,9737,9673,749372880,76961,62611,618,136
VIC,3219,11592,11494,700079329,60393,52286,1628,403
VIC,3220,11702,11613,1122861479,95955,60426,229,63
VIC,3221,1343,1336,124343938,92587,58859,274,71
VIC,3222,10910,10827,723813263,66344,52638,1205,288
VIC,3223,5676,5611,337494217,59460,45132,1707,430
VIC,3224,8993,8937,558384642,62091,52458,1511,369
VIC,3225,3569,3538,286220386,80196,48207,503,112
VIC,3226,11073,11003,821455871,74185,55495,739,164
VIC,3227,3480,3447,352133981,101188,58896,185,53
VIC,3228,15540,15434,1364649050,87815,61128,339,85
VIC,3230,1966,1947,157388896,80055,49394,510,113
VIC,3231,1020,1009,72159178,70744,45228,917,205
VIC,3232,902,888,68900405,76386,47914,636,143
VIC,3233,1486,1466,83603193,56261,43701,1946,493
VIC,3234,131,127,9040937,69015,45648,1023,237
VIC,3235,279,274,17373967,62272,43170,1499,365
VIC,3236,156,155,8035482,51510,44677,2292,615
VIC,3237,169,165,8448921,49994,37438,2370,637
VIC,3238,170,164,9513567,55962,34093,1975,501
VIC,3239,277,264,16639087,60069,44028,1649,414
VIC,3240,1506,1492,109357319,72614,55391,817,179
VIC,3241,2010,1982,125580901,62478,49565,1478,361
VIC,3242,668,660,42124437,63061,46854,1429,348
VIC,3243,257,257,14460604,56267,46392,1945,492
VIC,3249,2247,2207,127541243,56761,47449,1902,481
VIC,3250,7733,7658,464407867,60055,50693,1650,415
VIC,3251,352,345,18451070,52418,45281,2228,593
VIC,3254,193,191,11338699,58750,54278,1757,443
VIC,3260,2835,2793,167728212,59163,49260,1731,436
VIC,3264,1404,1389,86092953,61320,49201,1551,380
VIC,3265,1688,1659,106965199,63368,52009,1404,340
VIC,3266,1857,1837,109872345,59167,48565,1730,435
VIC,3267,174,171,10133629,58239,51536,1791,450
VIC,3268,1824,1778,103101629,56525,46959,1923,486
VIC,3269,440,434,27644505,62828,48537,1450,353
VIC,3270,176,171,18956581,107708,45482,142,36
VIC,3271,130,128,5837528,44904,35223,2540,678
VIC,3272,923,902,48170767,52189,44584,2244,601
VIC,3273,100,96,5121148,51211,38739,2313,620
VIC,3274,153,147,6431508,42036,39420,2575,687
VIC,3275,330,330,20621565,62490,53447,1475,360
VIC,3276,312,305,17700380,56732,49739,1905,482
VIC,3277,1175,1162,84916042,72269,51904,837,182
VIC,3278,205,203,12695392,61929,49789,1520,372
VIC,3279,233,231,15487361,66469,49586,1193,285
VIC,3280,21156,21014,1318571648,62326,51938,1493,364
VIC,3281,1255,1242,87813080,69971,54140,969,217
VIC,3282,1832,1818,110582077,60361,51095,1629,404
VIC,3283,871,861,58165069,66780,54044,1179,283
VIC,3284,2269,2240,148263434,65343,48353,1278,306
VIC,3285,793,785,49074408,61885,48382,1523,373
VIC,3286,354,346,20611479,58225,42693,1792,451
VIC,3287,291,284,13997707,48102,44309,2446,656
VIC,3289,469,461,23887408,50933,43653,2325,625
VIC,3292,95,95,4900249,51582,37926,2283,613
VIC,3293,198,195,10890283,55001,46022,2054,524
VIC,3294,653,641,31784786,48675,41279,2415,647
VIC,3300,6124,6060,354208811,57839,48292,1821,457
VIC,3301,846,832,45883859,54236,46008,2117,551
VIC,3302,258,254,13468987,52205,41395,2243,600
VIC,3303,195,194,11684669,59921,48390,1665,419
VIC,3304,1542,1515,88055460,57105,46267,1872,469
VIC,3305,7664,7586,461243304,60183,49963,1643,412
VIC,3309,66,66,3466860,52528,35027,2225,591
VIC,3310,150,147,5918078,39454,40158,2589,694
VIC,3311,896,888,47835520,53388,43215,2176,575
VIC,3312,599,581,33071162,55211,44611,2041,520
VIC,3314,369,359,19437420,52676,44947,2216,587
VIC,3315,1011,986,48616832,48088,42030,2447,657
VIC,3317,114,114,6160917,54043,41734,2134,556
VIC,3318,726,704,38576739,53136,44465,2188,579
VIC,3319,234,230,12919019,55209,47504,2042,521
VIC,3321,1121,1102,80241904,71581,55275,871,192
VIC,3322,110,103,4664087,42401,37208,2571,685
VIC,3323,67,67,2725655,40681,40249,2585,692
VIC,3324,333,330,17780683,53395,44028,2175,574
VIC,3325,284,284,12000980,42257,38446,2573,686
VIC,3328,1417,1403,100298484,70782,60283,913,203
VIC,3329,205,201,14318127,69845,44594,975,220
VIC,3330,130,129,6293748,48413,42176,2427,652
VIC,3331,4465,4431,311912128,69857,58060,973,219
VIC,3332,795,788,49932889,62809,51804,1453,355
VIC,3333,563,552,35788734,63568,51379,1399,337
VIC,3334,355,348,21499928,60563,51715,1617,401
VIC,3335,8293,8170,506912061,61125,55174,1566,386
VIC,3336,14831,14636,988908375,66678,59281,1182,284
VIC,3337,22548,22264,1341961310,59516,52501,1701,426
VIC,3338,23345,22971,1379448418,59090,52762,1737,439
VIC,3340,15630,15472,1095514056,70090,58855,961,215
VIC,3341,1004,993,71795633,71510,56658,876,194
VIC,3342,2321,2300,155758661,67108,57189,1157,272
VIC,3345,845,835,65002032,76925,64387,621,137
VIC,3350,40355,40002,2806305139,69540,54521,991,227
VIC,3351,5635,5575,345403636,61296,50628,1553,381
VIC,3352,11813,11663,798081627,67560,53836,1121,258
VIC,3353,122,119,8356081,68492,41768,1060,247
VIC,3354,123,122,9659331,78531,53320,566,127
VIC,3355,6604,6541,392911959,59496,47906,1702,427
VIC,3356,8280,8197,440416739,53190,48895,2184,578
VIC,3357,2343,2330,169883268,72507,56776,823,181
VIC,3358,3021,2997,194821258,64489,56168,1335,326
VIC,3360,458,453,26376208,57590,53141,1834,462
VIC,3361,347,343,17120868,49340,47611,2392,642
VIC,3363,1917,1892,117132955,61102,49132,1571,387
VIC,3364,1310,1284,72198469,55113,44796,2047,523
VIC,3370,985,971,55561597,56408,44862,1932,489
VIC,3371,526,519,24822035,47190,40731,2476,665
VIC,3373,1370,1342,74920730,54687,45158,2079,536
VIC,3374,266,263,15561602,58502,51511,1778,446
VIC,3375,147,145,6399701,43535,43401,2551,682
VIC,3377,5157,5095,295600326,57320,49021,1852,465
VIC,3378,108,107,8543982,79111,64765,533,118
VIC,3379,416,411,26908478,64684,49786,1318,318
VIC,3380,3791,3742,206979476,54598,45619,2084,538
VIC,3381,810,797,44431381,54854,45730,2064,526
VIC,3384,354,349,16816817,47505,41578,2465,662
VIC,3385,313,308,20574433,65733,39556,1252,298
VIC,3387,188,183,9731154,51761,49844,2272,608
VIC,3388,338,331,25887178,76589,55127,629,140
VIC,3390,527,520,31998861,60719,49245,1599,396
VIC,3391,96,92,6430376,66983,52137,1167,275
VIC,3392,322,314,22758217,70678,42936,923,207
VIC,3393,1481,1466,99875646,67438,50731,1136,265
VIC,3395,251,248,18702288,74511,57421,718,157
VIC,3396,437,431,27147792,62123,44342,1507,367
VIC,3400,8903,8822,539181943,60562,51387,1618,402
VIC,3401,3020,2971,203428352,67360,52629,1147,270
VIC,3402,217,211,14715178,67812,52116,1092,250
VIC,3407,272,269,14154697,52039,42680,2258,605
VIC,3409,648,640,37001282,57101,45363,1873,470
VIC,3412,183,179,12060044,65902,43283,1241,297
VIC,3413,109,108,6207129,56946,48972,1887,475
VIC,3414,950,940,59698186,62840,50812,1447,352
VIC,3418,1668,1628,99363528,59570,51762,1695,423
VIC,3419,580,572,32757662,56479,46514,1929,488
VIC,3420,159,156,11237021,70673,48333,925,208
VIC,3423,196,194,11170225,56991,48296,1884,474
VIC,3424,445,440,28669957,64427,45732,1342,328
VIC,3427,4114,4082,295951884,71938,64070,855,187
VIC,3428,399,396,27787032,69642,53083,984,224
VIC,3429,24451,24270,1747779509,71481,60611,879,195
VIC,3430,189,188,16428391,86923,46703,355,88
VIC,3431,2762,2738,200743140,72680,57109,814,177
VIC,3432,123,120,4764393,38735,45172,2597,695
VIC,3433,129,126,9654434,74841,50336,702,152
VIC,3434,3747,3715,271835527,72548,58875,821,180
VIC,3435,2028,2004,140812002,69434,56258,997,229
VIC,3437,7492,7431,625689178,83514,63866,427,102
VIC,3438,1552,1541,127829310,82364,63693,449,105
VIC,3440,1277,1263,121446021,95103,64042,240,64
VIC,3441,923,909,104317778,113020,69024,114,28
VIC,3442,5187,5124,457035018,88112,60386,335,84
VIC,3444,5959,5882,448012509,75183,52856,689,150
VIC,3446,716,711,43929166,61354,49787,1549,379
VIC,3447,339,332,20440607,60297,46658,1636,409
VIC,3448,593,588,38603921,65099,47556,1294,311
VIC,3450,4105,4060,239334580,58303,44554,1788,448
VIC,3451,3382,3350,212146791,62728,49841,1459,356
VIC,3453,1266,1255,87476135,69096,49603,1019,236
VIC,3458,1439,1417,99526435,69164,48153,1014,234
VIC,3460,1605,1588,98890272,61614,42752,1536,377
VIC,3461,2644,2608,179070044,67727,44883,1105,253
VIC,3462,691,682,37158125,53774,45283,2152,563
VIC,3463,1434,1420,79844613,55680,43356,2005,510
VIC,3464,640,628,33620987,52533,46251,2224,590
VIC,3465,4897,4852,249245527,50898,44112,2329,627
VIC,3467,660,650,33527203,50799,44536,2333,629
VIC,3468,162,161,6655532,41084,32960,2583,691
VIC,3469,155,147,8144038,52542,46018,2223,589
VIC,3472,753,742,34217481,45442,39296,2525,675
VIC,3475,174,165,7615982,43770,37863,2548,681
VIC,3477,490,480,32755891,66849,46497,1174,280
VIC,3478,1384,1364,75493228,54547,45329,2091,541
VIC,3480,1053,1042,56378401,53541,45070,2166,569
VIC,3482,101,101,2826718,27987,42458,2615,698
VIC,3483,572,563,37001902,64689,54591,1317,317
VIC,3485,166,162,9263851,55806,48487,1992,507
VIC,3487,66,65,4835877,73271,57938,786,173
VIC,3488,66,64,4131002,62591,47574,1467,358
VIC,3490,704,693,38408974,54558,49023,2089,540
VIC,3491,89,86,6201418,69679,48122,979,222
VIC,3494,344,332,17559211,51044,47119,2318,622
VIC,3496,3857,3804,199105405,51622,46605,2279,611
VIC,3498,3606,3553,216384585,60007,50415,1656,417
VIC,3500,20431,20182,1126526781,55138,46928,2046,522
VIC,3501,1796,1779,119155439,66345,53238,1204,287
VIC,3502,567,561,44592210,78646,47701,556,125
VIC,3505,2779,2739,148870313,53570,48356,2163,568
VIC,3507,74,73,5525703,74672,53042,709,154
VIC,3509,141,137,9707794,68850,56040,1029,239
VIC,3512,206,201,9928329,48196,43399,2441,655
VIC,3515,1638,1630,108022135,65948,56655,1235,295
VIC,3516,446,441,26852063,60206,46270,1642,411
VIC,3517,740,721,33903067,45815,40511,2518,674
VIC,3518,671,665,33056213,49264,42128,2395,643
VIC,3520,60,59,2297131,38286,32450,2598,696
VIC,3521,439,435,30139422,68655,53338,1050,245
VIC,3522,177,175,10530565,59495,49179,1703,428
VIC,3523,2006,1978,113325445,56493,45699,1927,487
VIC,3525,773,762,40776748,52751,43009,2210,586
VIC,3527,451,440,27781644,61600,47053,1538,378
VIC,3529,81,79,5377246,66386,49896,1201,286
VIC,3530,68,68,4306520,63331,52264,1406,341
VIC,3531,115,112,8286391,72056,60896,846,183
VIC,3533,429,418,28976409,67544,51268,1124,259
VIC,3537,611,597,31717688,51911,43652,2263,606
VIC,3540,161,159,12343338,76667,55582,626,139
VIC,3542,104,102,5047373,48532,41503,2423,650
VIC,3544,147,144,7983963,54313,48918,2107,547
VIC,3546,268,262,18602166,69411,58771,998,230
VIC,3549,2856,2790,123360197,43193,32269,2556,683
VIC,3550,24791,24572,1596257506,64389,51835,1346,329
VIC,3551,22776,22584,1549823682,68046,57335,1079,249
VIC,3552,149,148,10500876,70476,51911,938,210
VIC,3555,11748,11664,675343694,57486,50274,1842,463
VIC,3556,7995,7929,444132519,55551,50854,2014,512
VIC,3557,570,563,35237132,61820,50418,1528,374
VIC,3558,566,561,32316331,57096,46105,1874,471
VIC,3559,313,306,16726436,53439,45994,2173,572
VIC,3561,2559,2515,136605692,53382,45842,2177,576
VIC,3562,146,141,7630640,52265,46537,2235,596
VIC,3563,431,425,22216313,51546,44831,2288,614
VIC,3564,10448,10346,639215343,61181,50916,1563,385
VIC,3565,65,64,3734221,57450,46156,1844,464
VIC,3566,324,319,17213872,53129,45659,2190,580
VIC,3567,397,382,20138549,50727,40979,2336,631
VIC,3568,1663,1630,94424868,56780,47434,1899,478
VIC,3570,465,463,25431728,54692,46841,2077,534
VIC,3571,203,193,9525369,46923,40356,2482,668
VIC,3572,144,141,8750696,60769,53333,1595,395
VIC,3573,223,218,14464642,64864,50158,1306,314
VIC,3575,488,479,23530537,48218,45460,2440,654
VIC,3579,3017,2955,164101515,54392,44224,2098,544
VIC,3580,632,621,29939042,47372,41693,2468,664
VIC,3581,96,92,12096250,126003,39653,68,16
VIC,3583,102,99,5043933,49450,45408,2389,641
VIC,3584,672,665,37759325,56189,47155,1953,494
VIC,3585,7322,7249,445459759,60839,50285,1590,392
VIC,3586,362,360,22175365,61258,48218,1556,383
VIC,3588,252,248,11883227,47156,43360,2478,667
VIC,3589,198,195,10968788,55398,44024,2021,514
VIC,3590,196,192,10919733,55713,49218,1999,508
VIC,3591,111,109,6566466,59157,53916,1732,437
VIC,3594,384,379,20059270,52238,44700,2238,597
VIC,3595,350,344,16771666,47919,42352,2452,659
VIC,3596,89,88,4468571,50209,39612,2361,633
VIC,3597,292,290,16166193,55364,51349,2028,518
VIC,3599,101,99,5483399,54291,50374,2111,548
VIC,3607,81,79,5121086,63223,52618,1416,344
VIC,3608,1717,1695,104713093,60986,48894,1578,388
VIC,3610,822,803,43991880,53518,45402,2168,570
VIC,3612,894,883,47798958,53466,45110,2170,571
VIC,3614,611,600,41804916,68420,55372,1063,248
VIC,3616,3420,3381,195689863,57219,48584,1866,468
VIC,3617,97,95,4025267,41498,31933,2581,689
VIC,3618,444,440,20764128,46766,40371,2491,670
VIC,3619,73,71,3659982,50137,46078,2365,635
VIC,3620,4807,4741,258431271,53761,47191,2156,566
VIC,3621,1451,1419,75536820,52058,47575,2255,604
VIC,3622,280,270,12893763,46049,42365,2508,673
VIC,3623,510,500,25573834,50145,41089,2363,634
VIC,3624,319,311,15338237,48082,43331,2449,658
VIC,3629,5099,5052,274506913,53835,48245,2147,562
VIC,3630,17966,17767,1029143448,57283,47661,1856,466
VIC,3631,9308,9239,613533523,65915,54311,1240,296
VIC,3632,183,183,12869259,70324,57148,947,212
VIC,3633,417,410,25313764,60704,48394,1601,397
VIC,3634,1218,1188,65065906,53420,45575,2174,573
VIC,3635,348,340,15417471,44303,41123,2544,680
VIC,3636,2973,2931,166424293,55979,47847,1971,499
VIC,3637,349,337,16459819,47163,43177,2477,666
VIC,3638,1264,1237,66732490,52795,47265,2206,584
VIC,3639,303,297,13684560,45164,38713,2532,677
VIC,3640,666,642,31186813,46827,40566,2487,669
VIC,3641,698,682,41383122,59288,49800,1722,433
VIC,3644,5732,5651,303558479,52959,44735,2199,582
VIC,3646,366,363,20720260,56613,42518,1916,485
VIC,3649,293,286,16230553,55394,45618,2022,515
VIC,3658,3735,3692,241461446,64648,53786,1321,319
VIC,3659,451,441,33433571,74132,54710,743,166
VIC,3660,4314,4259,242101709,56120,47544,1958,495
VIC,3661,58,58,2954137,50933,46909,2324,624
VIC,3662,473,471,37326854,78915,82824,539,120
VIC,3663,119,119,6454125,54236,47189,2116,550
VIC,3664,735,725,47061497,64029,54369,1370,334
VIC,3665,227,217,13698544,60346,43549,1631,405
VIC,3666,2843,2798,162103220,57018,46225,1881,472
VIC,3669,806,793,41650168,51675,37571,2277,610
VIC,3670,378,371,19249054,50923,38735,2326,626
VIC,3672,6067,6011,337995607,55711,46559,2000,509
VIC,3673,1109,1090,57896283,52206,40479,2242,599
VIC,3675,1245,1228,69648264,55942,46652,1978,503
VIC,3676,130,129,9047346,69595,54437,986,225
VIC,3677,11045,10963,643445625,58257,50522,1790,449
VIC,3678,4420,4365,279516035,63239,48322,1415,343
VIC,3682,383,380,20237372,52839,49933,2204,583
VIC,3683,1072,1062,58733472,54789,49029,2071,531
VIC,3685,1946,1930,112075833,57593,50846,1833,461
VIC,3687,644,635,38815941,60273,53487,1638,410
VIC,3688,978,960,63024368,64442,53691,1340,327
VIC,3689,84,84,7553400,89921,55082,307,78
VIC,3690,21101,20921,1273237195,60340,53998,1632,406
VIC,3691,8455,8358,569537249,67361,59182,1146,269
VIC,3695,336,328,18375173,54688,45083,2078,535
VIC,3697,346,337,16550118,47833,38519,2455,660
VIC,3698,611,608,39868074,65251,49889,1285,308
VIC,3699,685,673,37254615,54386,44712,2099,545
VIC,3700,888,882,47948430,53996,46453,2138,558
VIC,3701,649,634,36396090,56080,44907,1962,497
VIC,3705,165,165,9220565,55882,38689,1982,504
VIC,3707,990,972,54250348,54798,44408,2070,530
VIC,3709,179,172,8790800,49111,37411,2400,644
VIC,3711,348,338,21448374,61633,40955,1535,376
VIC,3712,190,185,10788390,56781,47428,1898,477
VIC,3713,503,501,27230532,54136,42871,2126,553
VIC,3714,2177,2155,124112871,57011,46745,1882,473
VIC,3715,205,198,9958985,48580,36583,2418,649
VIC,3717,1931,1894,107074249,55450,44694,2017,513
VIC,3718,55,51,2967213,53949,45023,2140,559
VIC,3719,284,277,18600745,65496,39720,1269,303
VIC,3720,449,443,24612444,54816,42715,2067,528
VIC,3722,3641,3603,236745454,65022,46805,1297,312
VIC,3723,1820,1800,101830366,55951,41951,1977,502
VIC,3724,83,82,4549552,54814,42069,2068,529
VIC,3725,402,394,23896966,59445,51552,1710,431
VIC,3726,238,234,11084528,46574,40132,2493,671
VIC,3727,196,190,9062953,46240,45040,2502,672
VIC,3728,392,384,19992679,51002,44933,2321,623
VIC,3730,5628,5569,338684645,60179,48246,1644,413
VIC,3732,404,395,20747457,51355,41669,2308,619
VIC,3733,136,133,7037553,51747,36514,2274,609
VIC,3735,455,452,27650094,60769,49916,1594,394
VIC,3737,2769,2742,154597225,55831,47305,1989,506
VIC,3738,116,115,6365958,54879,47072,2063,525
VIC,3739,155,155,10063085,64923,48111,1304,313
VIC,3740,739,738,43287264,58575,49338,1772,445
VIC,3741,2225,2202,141663932,63669,46567,1390,336
VIC,3744,277,277,16886080,60961,44085,1580,390
VIC,3746,210,209,11923349,56778,47760,1900,479
VIC,3747,3092,3063,190710079,61679,49611,1532,375
VIC,3749,1338,1326,83460497,62377,47778,1486,362
VIC,3750,16657,16401,1015379079,60958,53984,1581,391
VIC,3751,122,122,10235079,83894,57877,414,100
VIC,3752,15696,15578,1048717187,66814,58403,1175,281
VIC,3753,3649,3596,246035531,67425,60567,1140,266
VIC,3754,30723,30416,2113162464,68781,59958,1036,241
VIC,3755,136,135,9184647,67534,45295,1125,260
VIC,3756,10589,10466,683015592,64502,56405,1332,324
VIC,3757,5489,5423,379576309,69152,55086,1015,235
VIC,3758,1352,1338,88292165,65305,55211,1283,307
VIC,3759,666,662,56530965,84881,60367,387,94
VIC,3760,268,265,19627215,73236,54071,789,174
VIC,3761,771,761,54805781,71084,53409,902,200
VIC,3762,80,80,12907483,161344,63573,21,6
VIC,3763,1066,1062,71408061,66987,54824,1166,274
VIC,3764,6076,6013,406179266,66850,56688,1173,279
VIC,3765,4178,4156,300570732,71941,58777,854,186
VIC,3766,756,750,56360322,74551,64372,715,156
VIC,3767,734,729,55092011,75057,58915,693,151
VIC,3770,2053,2021,163117231,79453,55074,527,117
VIC,3775,2565,2535,191102721,74504,56345,719,158
VIC,3777,6406,6357,415164813,64809,51071,1312,316
VIC,3778,137,137,7068745,51597,46792,2281,612
VIC,3779,294,285,14333455,48753,33567,2411,646
VIC,3781,2684,2663,184294901,68664,56879,1049,244
VIC,3782,4959,4914,363520269,73305,56758,783,172
VIC,3783,1497,1481,108707752,72617,56866,816,178
VIC,3786,987,981,83309503,84407,58232,401,97
VIC,3787,674,669,51472387,76369,54154,637,144
VIC,3788,1121,1105,83486788,74475,55108,723,159
VIC,3789,168,168,15463035,92042,51449,280,73
VIC,3791,923,914,66439903,71983,56043,851,185
VIC,3792,644,640,47792141,74211,56305,735,163
VIC,3793,2182,2159,140860889,64556,51104,1327,322
VIC,3795,890,884,63811196,71698,51814,866,191
VIC,3796,6007,5962,404972513,67417,56718,1141,267
VIC,3797,2088,2063,123190214,58999,49021,1745,442
VIC,3799,3127,3097,175008052,55967,47656,1974,500
VIC,3802,14262,14109,848292329,59479,51710,1705,429
VIC,3803,6217,6135,334904681,53869,48386,2146,561
VIC,3804,5457,5409,442443813,81078,56961,486,110
VIC,3805,35238,34835,2158737692,61262,53112,1554,382
VIC,3806,33038,32709,2598855742,78663,58744,554,123
VIC,3807,4983,4943,393616783,78992,60904,535,119
VIC,3808,2088,2076,182496189,87402,62464,348,86
VIC,3809,14285,14159,981621127,68717,61219,1044,243
VIC,3810,33465,33114,2030503010,60675,54283,1606,399
VIC,3812,1572,1553,104073247,66204,52602,1213,289
VIC,3813,617,605,38264569,62017,52254,1516,371
VIC,3814,1559,1548,101721137,65248,54584,1286,309
VIC,3815,2171,2154,146511218,67486,52843,1129,261
VIC,3816,1912,1880,120118236,62823,54630,1451,354
VIC,3818,10609,10488,645319509,60828,51957,1591,393
VIC,3820,12636,12518,835061617,66086,53248,1222,292
VIC,3821,1904,1875,124487761,65382,48660,1277,305
VIC,3822,651,641,40597612,62362,52288,1488,363
VIC,3823,1326,1304,80361629,60605,51596,1614,400
VIC,3824,3159,3127,199575572,63177,51986,1423,347
VIC,3825,11155,11015,665186512,59631,48715,1691,422
VIC,3831,1178,1160,81699536,69354,47975,1003,232
VIC,3832,158,156,8637383,54667,41177,2081,537
VIC,3833,183,182,10014483,54724,43860,2075,533
VIC,3835,331,321,18777832,56731,43577,1906,483
VIC,3840,8515,8426,495625631,58206,47025,1795,452
VIC,3842,2560,2524,144058317,56273,48057,1943,491
VIC,3844,18561,18430,1316456266,70926,56401,908,201
VIC,3847,1292,1265,74915355,57984,48776,1808,454
VIC,3850,8831,8763,589860532,66794,52517,1177,282
VIC,3851,2963,2906,176499721,59568,44629,1696,424
VIC,3852,96,96,6791579,70746,70963,916,204
VIC,3853,68,67,11445385,168314,59244,16,3
VIC,3854,964,955,67496657,70017,56790,964,216
VIC,3856,655,652,40960936,62536,52720,1471,359
VIC,3857,207,201,12563393,60693,49487,1602,398
VIC,3858,1861,1837,107360529,57690,47942,1828,459
VIC,3859,533,526,28715009,53874,49289,2145,560
VIC,3860,4381,4335,261682580,59731,48370,1681,420
VIC,3862,2267,2227,131515290,58013,49836,1807,453
VIC,3864,124,123,5604977,45201,36825,2530,676
VIC,3865,330,325,16987854,51478,42669,2296,617
VIC,3869,1193,1181,78846525,66091,54527,1221,291
VIC,3870,735,722,39800996,54151,43682,2123,552
VIC,3871,1677,1657,99172601,59137,46082,1734,438
VIC,3873,226,218,9369842,41459,43336,2582,690
VIC,3874,386,378,40668864,105360,39620,157,41
VIC,3875,11702,11599,647908240,55367,47025,2025,516
VIC,3878,793,781,44276630,55834,46673,1987,505
VIC,3880,2331,2312,125344525,53773,42367,2153,564
VIC,3882,865,856,47121816,54476,44907,2095,542
VIC,3885,1131,1114,57838439,51139,44837,2316,621
VIC,3886,223,221,11027546,49451,37879,2388,640
VIC,3887,179,173,7462265,41689,39386,2580,688
VIC,3888,1883,1865,97542857,51802,42767,2270,607
VIC,3889,80,75,2554943,31937,25524,2611,697
VIC,3890,163,159,7924581,48617,42934,2416,648
VIC,3891,67,65,2685382,40080,37626,2586,693
VIC,3892,643,635,32041658,49832,37073,2374,639
VIC,3895,123,116,5280088,42928,31400,2564,684
VIC,3896,223,220,12345300,55360,43410,2029,519
VIC,3898,418,412,21765886,52072,43428,2254,603
VIC,3900,120,119,5816601,48472,39176,2425,651
VIC,3902,235,231,12364685,52616,44870,2220,588
VIC,3903,469,466,26695924,56921,43722,1890,476
VIC,3904,1084,1072,58885405,54322,40764,2106,546
VIC,3909,4418,4362,227450487,51483,41423,2295,616
VIC,3910,14447,14344,1008691959,69820,59624,976,221
VIC,3911,2229,2211,155050241,69560,55286,990,226
VIC,3912,9685,9620,676706936,69872,56097,970,218
VIC,3913,2371,2361,166486246,70218,53906,953,213
VIC,3915,5572,5518,346337961,62157,51025,1505,366
VIC,3916,661,655,86911002,131484,57903,53,13
VIC,3918,2623,2601,176666965,67353,52237,1148,271
VIC,3919,1927,1916,117485435,60968,53316,1579,389
VIC,3920,383,381,24575053,64165,58403,1362,332
VIC,3921,68,67,3990245,58680,31573,1763,444
VIC,3922,5693,5634,319388130,56102,43432,1959,496
VIC,3923,479,473,31393599,65540,42379,1262,300
VIC,3925,2748,2725,174026828,63329,46462,1408,342
VIC,3926,2220,2198,217389939,97923,52570,207,58
VIC,3927,1119,1106,95807927,85619,50860,376,93
VIC,3928,309,307,45167517,146173,56058,33,9
VIC,3929,780,772,130634089,167480,52768,19,5
VIC,3930,11685,11587,1217876276,104226,62743,164,44
VIC,3931,15135,15014,1090100211,72025,52126,849,184
VIC,3933,751,737,70096064,93337,50810,264,67
VIC,3934,12235,12144,1061204553,86735,56136,360,90
VIC,3936,7830,7757,523552515,66865,48899,1171,278
VIC,3937,1053,1045,115805528,109977,51429,128,33
VIC,3938,2081,2058,134208005,64492,46308,1333,325
VIC,3939,8777,8699,526310271,59965,47213,1659,418
VIC,3940,2399,2373,127438533,53122,44271,2192,581
VIC,3941,7745,7688,511254390,66011,45968,1228,294
VIC,3942,1705,1686,154195187,90437,49661,298,76
VIC,3943,1301,1280,147518125,113388,52745,110,26
VIC,3944,641,633,142464862,222254,72315,7,2
VIC,3945,649,639,38315920,59038,42647,1741,441
VIC,3946,170,166,9275713,54563,41428,2087,539
VIC,3950,2963,2926,166110262,56062,46008,1964,498
VIC,3951,675,664,37580749,55675,43772,2006,511
VIC,3953,4945,4897,292614852,59174,46859,1729,434
VIC,3954,265,264,14246922,53762,40712,2155,565
VIC,3956,1660,1630,95731123,57669,42466,1830,460
VIC,3957,204,198,12309113,60339,51165,1633,407
VIC,3958,172,169,9297158,54053,45943,2133,555
VIC,3959,764,754,40041110,52410,39542,2229,594
VIC,3960,1614,1595,87194628,54024,41604,2136,557
VIC,3962,511,500,22747757,44516,39159,2542,679
VIC,3964,105,105,6058551,57700,44981,1827,458
VIC,3965,123,122,5839326,47474,35262,2466,663
VIC,3966,353,346,20039555,56769,42218,1901,480
VIC,3967,72,70,3800972,52791,42402,2207,585
VIC,3971,2317,2268,110500796,47691,39780,2461,661
VIC,3975,11179,11047,721448085,64536,56037,1330,323
VIC,3976,14566,14351,777311884,53365,50255,2178,577
VIC,3977,71565,70763,4438327571,62018,55170,1515,370
VIC,3978,33550,33149,2120483864,63204,56901,1420,346
VIC,3979,253,244,13778394,54460,42684,2096,543
VIC,3980,2128,2115,139423306,65518,55618,1265,301
VIC,3981,3315,3264,217137067,65501,55250,1268,302
VIC,3984,4599,4551,281391324,61185,52477,1562,384
VIC,3987,973,962,58407462,60028,53099,1653,416
VIC,3988,711,706,37102278,52183,45051,2246,602
VIC,3990,97,97,4932953,50855,43596,2330,628
VIC,3991,269,264,14722794,54732,41870,2074,532
VIC,3992,779,774,40672373,52211,45016,2241,598
VIC,3995,6592,6514,345130658,52356,43717,2230,595
VIC,3996,3856,3823,244794543,63484,45409,1401,339
WA,6000,12373,12196,962372729,77780,54685,591,130
WA,6003,3520,3482,254484958,72297,55214,836,198
WA,6004,9366,9231,847849030,90524,63095,297,54
WA,6005,5028,4955,459936637,91475,65337,285,52
WA,6006,6599,6553,637007408,96531,71532,223,38
WA,6007,5810,5753,650988513,112046,75610,122,20
WA,6008,11335,11210,1301892414,114856,72916,103,13
WA,6009,12510,12357,1956843706,156422,64943,27,4
WA,6010,12830,12679,1837507204,143220,70865,38,6
WA,6011,6919,6822,1478047091,213621,83598,9,1
WA,6012,6320,6235,1198901216,189700,66027,13,2
WA,6014,15667,15520,1720752493,109833,66800,129,21
WA,6015,5010,4966,857124781,171083,82556,14,3
WA,6016,7468,7376,694021236,92933,67490,268,48
WA,6017,3715,3665,244816252,65899,56871,1242,274
WA,6018,28743,28478,2665332448,92730,68455,271,50
WA,6019,17607,17449,1688240995,95885,70950,230,39
WA,6020,15167,15048,1591735688,104947,66510,159,26
WA,6021,14132,13989,1126785044,79733,61158,516,113
WA,6022,3418,3397,250764489,73366,58831,780,181
WA,6023,10380,10289,895007129,86224,64608,369,69
WA,6024,9070,9002,655890072,72314,59624,833,196
WA,6025,21378,21205,1799007732,84152,63464,406,84
WA,6026,15060,14944,1163361795,77248,60426,606,135
WA,6027,29098,28818,2244899936,77150,60728,610,139
WA,6028,16578,16426,1419508850,85626,64841,375,74
WA,6029,2128,2101,267866779,125877,75459,69,7
WA,6030,26548,26275,1959627908,73815,58405,763,175
WA,6031,12663,12535,916423106,72370,60968,829,194
WA,6032,189,186,13459417,71214,54620,893,213
WA,6033,419,407,27773681,66286,50678,1210,271
WA,6034,3068,3035,227095188,74021,64769,752,171
WA,6035,7009,6930,515961964,73614,59438,770,177
WA,6036,11719,11583,860816845,73455,60000,776,180
WA,6037,2495,2458,183837430,73682,58512,766,176
WA,6038,7762,7674,585577344,75442,64347,680,158
WA,6041,972,955,68734675,70715,52620,921,219
WA,6042,50,50,2659966,53199,32436,2182,343
WA,6043,152,152,11852465,77977,47767,583,127
WA,6044,832,820,54647030,65682,48009,1257,277
WA,6050,11090,10992,1266370315,114190,68537,108,17
WA,6051,10064,9970,802317214,79722,63291,517,114
WA,6052,7884,7815,691571861,87718,67973,341,63
WA,6053,10429,10331,872004918,83613,67470,424,88
WA,6054,13278,13147,972313129,73227,61052,790,185
WA,6055,23992,23730,1840123001,76697,64296,624,143
WA,6056,26869,26594,1921204028,71503,58768,877,207
WA,6057,10945,10828,830949286,75920,62781,655,151
WA,6058,8932,8831,630501189,70589,60737,931,221
WA,6059,16259,16084,1272853129,78286,57814,573,125
WA,6060,18468,18264,1371480343,74263,60955,733,167
WA,6061,26670,26273,1543279641,57866,51280,1819,328
WA,6062,22690,22461,1505015379,66329,55063,1206,270
WA,6063,9733,9607,591349700,60757,52819,1596,308
WA,6064,18582,18363,1079484816,58093,50872,1801,327
WA,6065,44773,44336,3331395280,74406,61743,726,166
WA,6066,11811,11692,741157469,62751,54054,1458,297
WA,6067,68,68,4670400,68682,58327,1048,240
WA,6069,30746,30411,2319540276,75442,62340,679,157
WA,6070,2445,2425,237719682,97227,67595,213,36
WA,6071,2347,2322,191318788,81516,58993,476,102
WA,6072,607,602,47377178,78051,57280,582,126
WA,6073,2046,2023,151709942,74150,56539,740,169
WA,6074,682,678,49129462,72037,53866,848,201
WA,6076,14462,14336,1222344218,84521,60021,394,81
WA,6077,1018,1004,76536862,75184,50216,688,159
WA,6078,561,553,42497629,75753,54792,667,153
WA,6081,3279,3245,269922406,82319,63694,450,92
WA,6082,2194,2171,176827494,80596,62796,493,107
WA,6083,2531,2491,216483620,85533,62475,377,75
WA,6084,6232,6159,503048991,80720,63751,491,106
WA,6090,152,148,13586843,89387,71858,313,57
WA,6100,11873,11715,970249575,81719,62855,468,100
WA,6101,12205,12075,978669293,80186,65269,505,110
WA,6102,10504,10302,593858123,56536,46701,1922,333
WA,6103,8326,8233,620190166,74488,62736,722,165
WA,6104,10574,10446,768003116,72631,59565,815,192
WA,6105,11480,11336,712393010,62055,56880,1513,302
WA,6106,157,152,14079660,89679,70701,309,56
WA,6107,33787,33280,2109444567,62434,52420,1484,298
WA,6108,14905,14682,919036439,61660,52702,1534,304
WA,6109,8334,8214,499462199,59931,51167,1664,313
WA,6110,28149,27770,1856288252,65945,55841,1237,273
WA,6111,14764,14570,1035983096,70170,56764,957,227
WA,6112,46433,45839,3284158593,70729,60250,918,218
WA,6120,57,57,8237225,144513,57566,37,5
WA,6121,2148,2115,184129599,85721,62707,373,73
WA,6122,14876,14731,1153436693,77537,64709,596,133
WA,6123,1536,1521,113406440,73832,61942,761,174
WA,6124,763,753,60659047,79501,66083,525,116
WA,6125,2247,2220,186947853,83199,62762,434,90
WA,6126,149,147,9637588,64682,43381,1319,285
WA,6147,10059,9908,605004996,60146,50596,1646,312
WA,6148,12464,12297,979170382,78560,55284,563,122
WA,6149,12489,12350,1003357698,80339,58211,502,109
WA,6150,9049,8930,703667046,77762,50614,593,131
WA,6151,12215,12057,1327174775,108651,66612,137,23
WA,6152,18033,17824,1601002573,88782,62121,323,59
WA,6153,15678,15473,1793606859,114403,67671,106,15
WA,6154,7161,7099,634339005,88582,60089,329,60
WA,6155,35386,34885,2576982385,72825,56451,808,189
WA,6156,12046,11951,1249104935,103695,66697,170,29
WA,6157,9555,9491,870426864,91096,66840,294,53
WA,6158,5404,5361,611715890,113197,69560,111,18
WA,6159,2889,2854,344746015,119331,66386,87,10
WA,6160,7033,6956,607488305,86377,59062,367,68
WA,6161,144,144,9476070,65806,54017,1248,275
WA,6162,8110,8034,712376498,87839,60595,338,62
WA,6163,36988,36646,2757566769,74553,59327,714,162
WA,6164,46606,46175,3658673191,78502,65409,567,124
WA,6165,120,120,9062683,75522,71481,673,154
WA,6166,7273,7212,621468528,85449,66267,378,76
WA,6167,17841,17636,1226571704,68750,59247,1041,238
WA,6168,14332,14191,978355191,68264,56376,1064,244
WA,6169,21621,21387,1534540442,70975,56679,906,217
WA,6170,12118,11970,876301069,72314,63929,834,197
WA,6171,25320,25043,1989033267,78556,66060,565,123
WA,6172,8461,8360,607311807,71778,59167,863,204
WA,6173,8208,8134,705683354,85975,67999,370,70
WA,6174,3941,3906,303288442,76957,64302,619,141
WA,6175,2663,2638,218654163,82108,67647,456,97
WA,6176,1450,1433,116843083,80581,63451,494,108
WA,6180,4486,4435,334974626,74671,59516,710,161
WA,6181,346,344,29739347,85952,59568,371,71
WA,6207,924,916,79317407,85841,68739,372,72
WA,6208,7653,7553,561376211,73354,54785,782,183
WA,6209,1158,1146,90210696,77902,50733,586,128
WA,6210,45980,45443,3353741171,72939,53068,802,188
WA,6211,5340,5284,406701798,76161,54370,645,146
WA,6213,419,410,28253526,67431,50860,1137,257
WA,6214,485,475,34229742,70577,52558,934,222
WA,6215,2621,2591,191592630,73099,54790,796,187
WA,6218,327,324,20292345,62056,45239,1512,301
WA,6219,205,200,14102531,68793,50706,1034,235
WA,6220,3117,3083,210261823,67456,57481,1133,256
WA,6221,191,189,13211979,69173,50454,1012,233
WA,6223,145,144,9878113,68125,50881,1076,247
WA,6224,800,787,54352094,67940,54265,1086,250
WA,6225,5171,5110,362816036,70164,53190,958,228
WA,6226,650,646,55055296,84700,68196,390,80
WA,6227,546,537,41389800,75805,61194,659,152
WA,6228,106,106,6439201,60747,50677,1597,309
WA,6229,133,128,8547261,64265,53864,1357,289
WA,6230,28308,28002,2041165234,72106,55942,844,199
WA,6231,145,143,12762136,88015,58168,336,61
WA,6232,7121,7057,511300980,71802,58911,860,203
WA,6233,13297,13169,1011607416,76078,60722,649,148
WA,6236,1592,1576,133486354,83848,57277,416,85
WA,6237,1769,1744,129782412,73365,58021,781,182
WA,6239,3068,3003,196148464,63934,50323,1375,291
WA,6240,94,91,6599563,70208,42570,954,226
WA,6244,1057,1035,69704550,65946,46987,1236,272
WA,6251,244,241,17083037,70012,57618,965,230
WA,6252,83,82,4831162,58207,39239,1794,326
WA,6253,432,424,25364648,58714,40402,1759,323
WA,6254,300,292,20869961,69567,55455,989,231
WA,6255,2771,2735,180988491,65315,49004,1281,279
WA,6256,198,197,13433923,67848,48093,1089,251
WA,6258,4246,4161,244889462,57675,47921,1829,330
WA,6260,956,933,61276845,64097,46426,1366,290
WA,6262,447,439,22030932,49286,36514,2394,348
WA,6271,2300,2258,154973647,67380,53696,1144,259
WA,6275,983,964,54652424,55598,40802,2010,336
WA,6280,20001,19798,1374718710,68733,51081,1043,239
WA,6281,6397,6333,493943475,77215,52941,608,137
WA,6282,1165,1144,104570471,89760,51477,308,55
WA,6284,2073,2051,147942096,71366,52193,885,211
WA,6285,7986,7911,516850665,64720,47689,1316,284
WA,6286,809,792,49081637,60670,48079,1609,310
WA,6288,448,431,24354770,54363,40334,2100,339
WA,6290,1135,1120,61627638,54297,38668,2110,341
WA,6302,2222,2181,147496457,66380,51442,1202,269
WA,6304,979,959,67036620,68475,48679,1061,243
WA,6306,615,608,42592417,69256,55941,1007,232
WA,6308,930,910,63815543,68619,55138,1053,241
WA,6309,213,205,14498584,68068,49489,1078,248
WA,6311,351,345,20875845,59475,47980,1706,319
WA,6312,2759,2718,174351583,63194,53236,1422,294
WA,6313,119,117,8495626,71392,62264,884,210
WA,6315,1233,1219,76867860,62342,49308,1490,299
WA,6316,232,226,17002891,73288,54067,785,184
WA,6317,2496,2465,152457969,61081,52309,1573,305
WA,6318,306,299,18264608,59688,44193,1684,316
WA,6320,361,349,24040624,66595,50679,1185,265
WA,6321,307,300,13243553,43139,39169,2558,349
WA,6322,158,157,8456190,53520,41690,2167,342
WA,6323,632,620,37137476,58762,40511,1756,322
WA,6324,2335,2290,131228387,56201,46709,1952,335
WA,6326,360,350,22767375,63243,47990,1414,293
WA,6327,150,147,8976373,59842,41305,1672,315
WA,6328,283,278,16795497,59348,45761,1719,320
WA,6330,23791,23529,1493120375,62760,50158,1457,296
WA,6331,229,227,18571089,81096,52831,483,105
WA,6332,90,89,5978143,66424,54448,1198,268
WA,6333,4002,3949,225370375,56314,41153,1938,334
WA,6335,504,498,39710520,78791,59515,546,120
WA,6336,217,209,11337719,52248,45939,2236,344
WA,6337,382,369,31000982,81154,58326,481,104
WA,6338,541,530,41392586,76511,50670,632,145
WA,6341,171,158,11152366,65219,54189,1289,281
WA,6343,155,148,13083077,84407,60068,400,82
WA,6346,499,494,44571161,89321,69830,315,58
WA,6348,651,644,54944824,84401,64036,402,83
WA,6350,252,243,18779051,74520,62147,717,163
WA,6352,117,113,8894339,76020,47788,652,149
WA,6353,599,588,46648238,77877,63676,588,129
WA,6355,351,343,39455697,112409,78845,119,19
WA,6356,87,82,8243616,94754,64603,244,43
WA,6357,54,51,4135665,76586,60720,631,144
WA,6358,63,59,6461520,102564,63618,176,31
WA,6359,310,309,32463760,104722,64543,162,27
WA,6361,81,79,6654548,82155,51280,453,94
WA,6363,56,56,3818465,68187,51037,1071,246
WA,6365,356,355,31169479,87555,68906,346,65
WA,6367,198,191,15635205,78966,61457,537,118
WA,6369,462,448,36866796,79798,58993,514,112
WA,6370,312,305,22180323,71091,53176,901,216
WA,6372,75,72,4823798,64317,45060,1353,288
WA,6375,640,638,49387025,77167,61324,609,138
WA,6383,572,566,41425458,72422,54185,825,193
WA,6386,61,61,5845921,95835,66884,231,40
WA,6390,1039,1016,89900558,86526,71348,364,67
WA,6391,654,648,48111183,73565,57357,772,178
WA,6392,343,338,27465460,80074,59247,509,111
WA,6393,62,59,3156453,50911,53241,2328,346
WA,6394,195,188,11437879,58656,46451,1766,324
WA,6395,1328,1305,86275451,64966,54698,1303,283
WA,6396,240,237,13621926,56758,48601,1903,332
WA,6398,353,345,18347108,51975,35827,2262,345
WA,6401,4372,4316,291952997,66778,53968,1180,264
WA,6403,133,131,7678872,57736,43607,1825,329
WA,6405,212,206,14580907,68778,53760,1037,237
WA,6407,591,584,44025608,74493,62307,721,164
WA,6409,271,270,21035487,77622,58486,595,132
WA,6410,590,583,39783980,67430,53651,1138,258
WA,6411,85,84,8103187,95332,71889,238,42
WA,6415,1695,1665,122121545,72048,58774,847,200
WA,6418,448,441,36796971,82136,59280,454,95
WA,6420,71,69,3516006,49521,61742,2383,347
WA,6421,112,112,9493542,84764,69020,388,79
WA,6423,88,86,5956013,67682,49202,1111,253
WA,6425,78,78,6138656,78701,62939,550,121
WA,6426,443,437,31692948,71542,58580,875,206
WA,6429,447,437,32542378,72802,58831,809,190
WA,6430,14432,14319,1356735152,94009,80883,253,46
WA,6431,88,87,5894972,66988,52591,1165,262
WA,6432,4262,4224,348937552,81872,69711,463,99
WA,6433,125,125,12410461,99284,81198,200,32
WA,6436,67,66,4787665,71458,68783,881,208
WA,6437,285,284,29381962,103095,101267,172,30
WA,6438,322,316,21965311,68215,61873,1069,245
WA,6440,212,208,13891795,65527,60002,1264,278
WA,6442,1284,1268,118525526,92310,80736,277,51
WA,6443,389,386,23196813,59632,52132,1690,317
WA,6445,140,133,13673710,97669,59037,208,35
WA,6446,103,99,9690111,94079,72324,252,45
WA,6447,107,105,10235644,95660,71849,235,41
WA,6448,205,200,14066000,68615,60268,1054,242
WA,6450,8662,8560,636725090,73508,57248,774,179
WA,6460,437,432,30796169,70472,58837,939,223
WA,6461,375,366,31308702,83490,60441,428,89
WA,6466,55,53,4516648,82121,67443,455,96
WA,6468,183,179,20964260,114559,77521,105,14
WA,6472,134,134,9697065,72366,58648,830,195
WA,6475,231,223,17112234,74079,53418,747,170
WA,6477,150,144,11567391,77116,66605,613,140
WA,6479,378,370,30966650,81922,64550,461,98
WA,6485,278,272,23279728,83740,59511,420,87
WA,6488,105,103,7380173,70287,56287,949,225
WA,6490,125,123,8452718,67622,52774,1115,254
WA,6501,657,650,46938548,71444,59592,882,209
WA,6502,844,833,55122018,65310,52590,1282,280
WA,6503,1582,1560,96398022,60934,48860,1584,306
WA,6504,96,95,8918770,92904,56596,269,49
WA,6505,89,84,4915075,55226,38722,2039,338
WA,6506,57,57,3390887,59489,53773,1704,318
WA,6507,372,362,31753797,85360,59547,379,77
WA,6509,97,97,8124743,83760,61007,418,86
WA,6510,1248,1227,84555758,67753,55041,1100,252
WA,6511,344,340,22617760,65749,49966,1250,276
WA,6512,73,72,6394167,87591,48337,344,64
WA,6513,109,108,8296284,76113,56245,647,147
WA,6514,398,392,26501854,66588,51360,1186,266
WA,6515,219,213,18173587,82984,55457,438,91
WA,6516,1420,1401,95615399,67335,46875,1149,260
WA,6517,271,267,17069255,62986,49670,1439,295
WA,6518,145,144,9328499,64334,43137,1351,287
WA,6519,311,302,20859607,67073,51838,1159,261
WA,6521,277,262,17262610,62320,51545,1494,300
WA,6522,303,292,28340914,93534,71511,259,47
WA,6525,2223,2196,162606022,73147,53855,793,186
WA,6528,285,276,22669329,79542,53544,523,115
WA,6530,20655,20460,1477995282,71556,57493,874,205
WA,6531,261,256,19621509,75178,57079,690,160
WA,6532,4034,3993,317910279,78808,63106,545,119
WA,6535,860,837,58512994,68038,49358,1080,249
WA,6536,940,926,56853191,60482,45930,1622,311
WA,6537,569,564,34083185,59900,50034,1668,314
WA,6556,1368,1357,103969770,76001,60207,653,150
WA,6558,513,502,36488000,71127,60222,898,214
WA,6560,809,789,54032148,66789,61290,1178,263
WA,6562,862,852,62004163,71931,60819,856,202
WA,6564,216,214,17169460,79488,65677,526,117
WA,6566,2219,2181,161371711,72723,51740,812,191
WA,6567,196,188,12766679,65136,49719,1293,282
WA,6568,135,133,9532263,70609,53274,928,220
WA,6569,208,206,14787316,71093,53547,900,215
WA,6571,69,68,5675614,82255,78543,452,93
WA,6575,111,110,7636959,68801,50458,1032,234
WA,6603,695,690,52441303,75455,60913,678,156
WA,6606,136,135,10519384,77348,56727,603,134
WA,6608,86,85,6641919,77232,68469,607,136
WA,6609,637,631,51736096,81218,63004,478,103
WA,6612,131,128,11170808,85273,51742,380,78
WA,6620,182,178,12972522,71278,58234,890,212
WA,6623,362,354,27843272,76915,60544,622,142
WA,6630,287,280,20127404,70130,56310,959,229
WA,6635,73,72,4644768,63627,49863,1392,292
WA,6638,233,228,16028525,68792,57776,1035,236
WA,6640,103,100,9749677,94657,45735,245,44
WA,6642,390,385,24143655,61907,54273,1521,303
WA,6646,136,133,8004573,58857,48421,1755,321
WA,6701,2965,2929,191720997,64661,53122,1320,286
WA,6705,54,53,4406599,81604,69815,472,101
WA,6707,2546,2536,187977437,73832,50854,760,173
WA,6710,527,526,52074748,98814,85605,202,33
WA,6713,792,786,94584815,119425,100777,86,9
WA,6714,10786,10704,1143499693,106017,91208,151,24
WA,6716,377,374,44821274,118889,141527,90,11
WA,6718,292,286,17097411,58553,45956,1775,325
WA,6720,1373,1367,145493852,105968,101454,152,25
WA,6721,2802,2789,330411650,117920,100534,93,12
WA,6722,6658,6605,657728281,98788,88696,203,34
WA,6725,7601,7528,574026869,75520,65016,674,155
WA,6726,2830,2801,209348396,73975,62443,753,172
WA,6728,2092,2068,141125916,67460,57645,1131,255
WA,6740,488,483,29706267,60874,48865,1588,307
WA,6743,3687,3659,273554528,74194,63858,737,168
WA,6751,1756,1743,192243837,109478,109300,134,22
WA,6753,2714,2698,263121008,96950,85595,218,37
WA,6754,823,817,94002891,114220,129794,107,16
WA,6760,124,123,8729864,70402,59424,945,224
WA,6765,998,990,54241352,54350,39598,2101,340
WA,6770,939,928,51871734,55241,44649,2037,337
WA,6798,845,843,73702875,87222,85522,350,66
WA,6799,272,272,18078815,66466,60517,1195,267
WA,6904,97,96,11629368,119890,60452,85,8
WA,6936,79,79,4513388,57131,54676,1869,331
WA,6951,76,74,7901357,103965,78845,168,28
