state,rank_state,occupation_code,occupation_name,individuals,avg_taxable_income,median_taxable_income,avg_salary_wages,median_salary_wages,avg_total_income,median_total_income
ACT,1,2535,Surgeon,74,546309,452520,325929,258504,564760,458867
ACT,2,2532,Anaesthetist,66,466854,433546,294578,233948,483307,444914
ACT,3,2533,Internal medicine specialist,196,386389,334692,276708,246626,401753,350757
ACT,4,6111,"Auctioneer, or stock and station agent",6,334364,76682,121899,60784,340062,78746
ACT,5,2534,Psychiatrist,52,309430,314061,266802,291410,320789,331064
ACT,6,2539,Other medical practitioners,567,280795,185497,229968,178352,294285,200848
ACT,7,2222,Financial dealer,30,243444,131679,198799,93588,250614,140944
ACT,8,2252,IT sales professional,527,225880,180606,215540,182329,233969,191423
ACT,9,2523,Dental practitioner,206,219014,161183,154658,126631,229844,175228
ACT,10,1332,Engineering manager,316,196279,167023,173996,157129,202747,172135
ACT,11,2711,Barrister,31,194086,136457,90450,44383,201765,136457
ACT,12,2336,Mining engineer,15,180921,161670,166916,161621,189420,169499
ACT,13,2531,General medical practitioner,952,178641,151832,150715,136981,188361,161808
ACT,14,2712,Judicial or other legal professionals,107,173095,102652,147316,96905,178343,105559
ACT,15,1111,Chief executive officer or managing director,4286,171398,111617,126681,98348,177730,115262
ACT,16,1343,School principal,163,167861,158348,165144,160445,174504,165626
ACT,17,2339,Other engineering professional,733,167594,123115,129177,120313,171560,126969
ACT,18,1351,IT manager,3242,167493,150876,158314,147138,171992,154643
ACT,19,9250,Consultant - medical,21,166039,146601,134744,116662,170369,148001
ACT,20,9224,Consultant - management,2113,162721,142017,144378,134366,168179,147074
ACT,21,1113,Legislator,72,159719,105440,141049,102247,174262,111150
ACT,22,9442,"Consultant, apprentice or trainee - security and correctional services",158,159007,128355,143537,122851,163284,134365
ACT,23,9261,Consultant - IT business analyst,1210,156427,144205,150764,139045,161589,148260
ACT,24,1112,General manager,4482,155875,133035,136529,124848,160579,138404
ACT,25,2631,Computer network professional,1635,155665,139887,147851,135988,159732,143474
ACT,26,2311,Air transport professionals,241,153042,150795,143831,150470,159273,157186
ACT,27,2334,Electronics engineer,253,152484,127355,129308,122826,155328,127963
ACT,28,9232,Consultant - urban and regional planner,23,151387,102198,113694,96169,154224,103857
ACT,29,2243,Economist,511,149197,127972,135101,122496,154073,129767
ACT,30,1321,Corporate services manager,270,144486,113660,132385,114848,149434,120801
ACT,31,2713,Solicitor,2436,144175,125458,132594,121672,148165,128616
ACT,32,1324,Policy and planning manager,18509,140806,126825,131902,124453,143348,128830
ACT,33,2223,Financial investment advisor or manager,267,140341,116614,133688,116836,148953,126189
ACT,34,2221,Financial broker,243,139397,102620,126463,97540,145759,106932
ACT,35,2613,Software and applications programmer,5493,139036,125637,132054,122243,142242,128345
ACT,36,2633,Telecommunications engineering professional,190,136711,126393,133327,127831,140356,128361
ACT,37,9233,Consultant - engineering,327,134462,122804,123657,116879,138509,125387
ACT,38,2611,IT business or systems analyst,2028,133770,119661,128683,117814,137322,122988
ACT,39,5996,"Insurance investigator, loss adjuster or risk surveyor",11,133731,91587,137230,93090,139939,94115
ACT,40,2245,Land economist or valuer,68,133723,100966,128500,97326,142894,105684
ACT,41,2621,"Database or systems administrator, or IT security specialist",2018,131092,118627,125727,117609,134417,121377
ACT,42,1311,Advertising and sales manager,1754,131078,102252,121807,100577,136484,108300
ACT,43,2347,Veterinarian,255,130996,109240,105041,102720,136571,113055
ACT,44,8992,Deck or fishing hand,15,128938,122658,123894,109363,135133,126191
ACT,45,1323,Human resource manager,625,128718,118791,123274,116569,132466,122168
ACT,46,1331,Construction manager,1633,128201,114564,118090,111721,134737,120683
ACT,47,2312,Marine transport professional,162,127960,124533,118287,114186,131200,125238
ACT,48,4413,Police,1408,125169,119105,103861,100071,128534,122957
ACT,49,1325,Research and development manager,377,124121,111933,112766,110958,128225,116243
ACT,50,3422,Electrical distribution trades worker,118,123731,117540,122760,119160,128766,125157
ACT,51,2326,Urban and regional planner,134,123602,109615,117709,106712,127219,115158
ACT,52,2247,Management and organisation analyst,589,123445,110411,115855,109043,127492,113349
ACT,53,1336,Supply and distribution manager,302,123311,114791,117160,115177,126731,117813
ACT,54,3231,Aircraft maintenance engineer,92,123140,116908,119026,115481,127887,119048
ACT,55,2527,Speech professional or audiologist,192,122331,76126,73575,74372,125591,79171
ACT,56,2333,Electrical engineer,447,121694,117797,115502,117116,125858,123567
ACT,57,9133,Consultant - construction manager,34,121272,118571,114139,117467,126582,128634
ACT,58,1335,Production manager,63,120156,111921,105521,100500,124814,115812
ACT,59,4412,Fire or emergency service worker,370,120118,113113,115246,111598,124881,117555
ACT,60,7122,"Driller, miner or shot firer",52,119647,114042,115608,107907,125984,117043
ACT,61,2632,IT support or test engineer,1072,118784,103306,116216,101110,121548,106057
ACT,62,5122,Practice manager,568,118330,96596,108082,90392,123094,99254
ACT,63,2331,Chemical or materials engineer,41,118160,109567,117365,100880,121404,111503
ACT,64,2723,Psychologist,670,117042,96949,91036,87741,121779,102011
ACT,65,1392,Senior non-commissioned defence force member,392,116575,112432,112940,112268,120075,116304
ACT,66,9225,Consultant - marketing and public relations,196,116260,100463,108616,95670,120364,107221
ACT,67,9222,Consultant - financial investment,84,115932,109782,107636,99547,120695,113782
ACT,68,2211,Accountant,3373,115500,101456,107253,99419,119977,105102
ACT,69,7212,Earthmoving plant operator,280,115491,88253,85589,88671,120299,92965
ACT,70,2612,Multimedia specialist or web developer,288,115231,102878,111488,102512,118045,105752
ACT,71,3132,Telecommunications technical specialist,127,115208,106193,108540,100013,118000,109370
ACT,72,2344,Geologist or geophysicist,225,114845,113339,109394,112048,118157,117125
ACT,73,2332,Civil engineering professional,822,114819,104761,111046,105398,120028,110030
ACT,74,6121,Real estate sales agent,1213,113543,80367,104900,80867,122301,86971
ACT,75,7121,"Crane, hoist or lift operator",69,113283,119631,111965,113786,120523,129719
ACT,76,3423,Electronic equipment trades worker,855,112507,99550,106290,96863,115758,101365
ACT,77,5995,Inspector or regulatory officer,512,111744,105927,106064,104301,114229,108530
ACT,78,1322,Finance manager,1070,111549,100689,103140,98125,115444,104969
ACT,79,2244,Intelligence or policy analyst,3874,110683,99745,101880,95857,113001,101821
ACT,80,2321,Architect or landscape architect,457,110305,92332,94338,87633,115091,96882
ACT,81,2249,Other information and organisation professional,509,110042,101354,102858,99248,112986,103377
ACT,82,2335,"Industrial, mechanical or production engineer",428,109921,101784,107623,103232,113347,105936
ACT,83,9223,Consultant - human resources,349,109714,96816,101196,92468,114032,100428
ACT,84,2322,Cartographer or surveyor,187,109294,102316,98299,99604,111962,104929
ACT,85,2254,Technical sales representative,188,108914,96635,102208,91844,115907,101805
ACT,86,3126,Safety inspector,78,108771,103026,103954,102078,112102,105082
ACT,87,4111,Ambulance officer or paramedic,261,108566,110536,109039,113917,113875,116067
ACT,88,2212,"Auditor, company secretary or corporate treasurer",591,107950,95736,103444,93642,112245,100151
ACT,89,2513,Occupational and environmental health professional,159,107884,102932,101956,98141,111308,106114
ACT,90,2543,Nursing supervisor or manager,63,107787,111971,106368,112285,112588,115085
ACT,91,3124,Electronic engineering draftsperson or technician,118,107414,105316,98921,94465,110567,107151
ACT,92,2526,Podiatrist,58,106956,98130,94990,93345,113986,102333
ACT,93,3411,Electrician,952,106826,104027,102753,102591,112551,109379
ACT,94,9612,Consultant - real estate representative,31,106822,69304,99368,68052,111127,74183
ACT,95,1391,Commissioned officer - management,1648,105694,98437,100865,95033,108875,102344
ACT,96,1333,"Importer, exporter or wholesaler",21,105516,111179,97602,106575,109922,112274
ACT,97,2512,Medical imaging professional,334,105490,99462,102041,100954,109172,103965
ACT,98,1499,"Other hospitality, retail or service manager",602,105471,94741,101749,95244,109498,97485
ACT,99,3123,Electrical engineering draftsperson or technician,178,105445,99428,102108,97827,109697,104256
ACT,100,2341,Agricultural or forestry scientist,210,105138,96327,100845,98045,108235,98585
ACT,101,2345,Life scientist,547,105058,100718,99306,99621,107741,102734
ACT,102,3242,Vehicle body builder or trimmer,11,104571,73423,61555,66144,106366,73895
ACT,103,2124,Journalist or other writer,463,104406,96302,93780,92091,108065,99641
ACT,104,2514,Optometrist or orthoptist,102,104166,100809,88324,94264,111513,109620
ACT,105,5523,"Insurance, money market or statistical clerk",234,104078,85582,88903,85002,106836,87385
ACT,106,4421,Prison officer,194,104036,105465,104359,106868,107267,108642
ACT,107,2233,Training and development officer,172,103745,97859,93353,93296,107093,101158
ACT,108,2343,Environmental scientist,707,103465,101115,99388,99610,106406,103126
ACT,109,2421,University lecturer or tutor,3001,102131,97235,91075,93362,105507,100295
ACT,110,2253,Public relations officer,1029,102060,97616,97965,94656,104791,99164
ACT,111,2349,Other natural or physical science professional,470,100628,94452,96767,94213,104112,97994
ACT,112,3211,Automotive electrician,164,100444,94764,93438,94120,106208,99719
ACT,113,2241,"Actuary, mathematician or statistician",949,100178,91867,95264,90140,103026,93609
ACT,114,2121,"Artistic director, media producer or presenter",166,100163,86285,93088,85860,103783,88373
ACT,115,1399,Other specialist manager,617,100163,91851,93830,90652,103490,94859
ACT,116,3233,Precision metal trades worker,61,99922,101603,87388,88425,103696,103345
ACT,117,9251,Consultant - occupational health and safety,35,99445,88854,98646,92122,103925,95516
ACT,118,5522,Credit or loans officer,63,99364,90004,96173,89283,103042,90734
ACT,119,2346,Medical laboratory scientist,231,99280,97525,97011,97318,102014,100447
ACT,120,2414,Secondary school teacher,2808,99232,102917,95617,103225,102625,106335
ACT,121,9234,Consultant - environmental,94,98889,84386,88402,81700,103284,85599
ACT,122,5412,Inquiry clerk,207,98544,95767,99374,93071,101206,97518
ACT,123,1414,Licensed club manager,83,98474,82913,100956,86391,101782,86391
ACT,124,7129,Other stationary plant operator,118,97961,94004,94887,94002,101436,98801
ACT,125,3424,Telecommunications trades worker,266,97269,94528,94550,94012,101435,97816
ACT,126,2542,Nurse educator or researcher,87,97187,99601,95493,100066,102407,102741
ACT,127,2123,"Film, television radio or stage director",173,96782,87647,80992,82284,99711,89328
ACT,128,4411,Defence force member - other ranks,1051,95568,87260,89517,84167,98568,90063
ACT,129,6212,IT sales assistant,93,95174,65730,91165,65420,98689,67640
ACT,130,3992,"Chemical, gas, petroleum or power generation plant operator",18,95021,89438,92064,82415,97122,91222
ACT,131,4513,Funeral worker,45,94958,75387,65950,70138,97550,77237
ACT,132,1494,Transport services manager,168,94160,90152,91518,89671,98686,93609
ACT,133,2515,Pharmacist,584,94050,89666,82334,88285,99963,94269
ACT,134,2231,Human resource professional,1606,93633,83836,89390,82689,96343,86728
ACT,135,3121,"Architectural, building or surveying technician",865,93410,86201,89458,84363,98559,90940
ACT,136,2251,Advertising and marketing professional,765,93203,81532,89126,81479,96543,83828
ACT,137,3113,Primary products inspector,82,93177,85859,89440,84098,95593,89022
ACT,138,2122,"Author, or book or script editor",51,92200,77794,68484,67748,97144,87589
ACT,139,5111,"Contract, program or project administrator",18003,92072,87905,86913,86481,94137,89598
ACT,140,2541,Midwife,421,91965,86853,84880,86116,95628,90097
ACT,141,2342,"Chemist, or food and wine scientist",215,91538,94109,86552,92611,93859,95646
ACT,142,3421,Air conditioning and refrigeration mechanic,286,91357,90533,88196,90212,98176,95844
ACT,143,2544,Registered nurse,5299,90341,88925,89750,89980,93963,92339
ACT,144,1334,Manufacturer,74,90307,79424,81434,79862,94113,86373
ACT,145,1413,Hotel or motel manager,143,90240,75024,90053,77481,93966,78757
ACT,146,1341,Child care centre director,145,90137,82148,81460,79785,94384,84301
ACT,147,2413,Middle school teacher,173,89735,89778,84330,89206,93397,95052
ACT,148,3341,Plumber,888,89585,87900,84335,86465,95233,94103
ACT,149,9599,"Consultant, apprentice or trainee - justice and legal services, insurance claims investigation",10,89229,93852,83621,86800,91164,94177
ACT,150,2521,Chiropractor or osteopath,60,89040,84834,73054,76629,95604,94029
ACT,151,9254,Consultant - clinical nurse,12,88860,100735,89069,98622,93939,110834
ACT,152,2412,Infant or primary school teacher,3309,88728,90474,86882,90926,91781,93065
ACT,153,2324,"Graphic or web designer, or illustrator",826,88500,84005,84063,82270,91057,86281
ACT,154,2724,Social professionals,226,87498,85626,76949,82853,90784,89771
ACT,155,5121,Office administrator or manager,3678,87410,74901,72284,71071,90585,77211
ACT,156,6213,Motor vehicle and vehicle parts salesperson,181,87337,84610,85108,82715,90616,89420
ACT,157,3129,Other building or engineering technician,117,87283,80902,82888,77568,89420,81790
ACT,158,2246,Librarian,297,87224,84243,82459,82239,90484,86059
ACT,159,1342,Health and welfare services manager,721,86998,77720,82547,78570,90318,80777
ACT,160,2519,Other health diagnostic and promotion professionals,82,86582,80277,78614,76652,89347,82937
ACT,161,2525,Physiotherapist,681,86486,82661,79462,80717,91508,87161
ACT,162,3125,Mechanical engineering draftsperson or technician,77,85745,80249,84122,79175,88552,82271
ACT,163,2725,Social worker,824,85521,82973,82810,82880,88633,85425
ACT,164,5521,"Bank teller, officer or employee",556,85348,74675,85039,74970,87992,76277
ACT,165,8217,Structural steel construction worker,388,85343,82113,82083,84783,92435,91804
ACT,166,2491,Education advisor or reviewer,370,84954,83784,78635,82321,88027,86187
ACT,167,4112,"Dental hygienist, technician or therapist",96,84828,86189,80053,82873,88673,88604
ACT,168,3131,IT support technician,1228,84626,77840,82546,77318,87001,80492
ACT,169,7313,Train or tram driver,40,84563,73910,78808,73625,87287,76857
ACT,170,3222,Sheetmetal trades worker,55,84184,77370,74295,76274,89406,81156
ACT,171,2242,"Archivist, curator or records manager",508,83873,79030,78375,76819,86595,81176
ACT,172,7113,Paper or wood processing machine operator,17,83830,88633,82151,90048,85596,90048
ACT,173,1419,Other accommodation or hospitality manager,27,83554,79744,79340,78660,87257,80921
ACT,174,7312,Bus or coach driver,853,83542,87334,80021,88593,86439,89924
ACT,175,8996,Rubbish or recycling collector,33,83454,88590,78217,83389,87193,89570
ACT,176,1344,Other education manager,385,83284,75850,79421,74874,86146,78886
ACT,177,3122,Civil engineering draftsperson or technician,133,83196,79800,82837,82370,85665,83173
ACT,178,2511,Dietician,140,83120,82253,77735,79867,86708,86932
ACT,179,8219,Other construction or mining labourer,45,82618,73304,82210,71077,86357,75010
ACT,180,2524,Occupational therapist,377,82533,80329,76690,76650,86178,84309
ACT,181,2410,School teacher - type not specified,394,82267,84335,72782,72532,86083,87358
ACT,182,2422,TAFE teacher or tutor,370,81828,81769,74456,81343,85209,84069
ACT,183,5511,Accounting clerk,1660,81787,77133,76848,78058,84060,79522
ACT,184,3232,Metal fitter or machinist,164,81771,79080,79278,76717,84849,79252
ACT,185,4422,Security officer or guard,1769,80949,76778,77888,76765,83866,79323
ACT,186,5211,Personal assistant,1451,80286,78535,76604,78037,82393,79909
ACT,187,5513,Payroll clerk,395,80099,79769,76330,79050,82330,82038
ACT,188,4524,Sportsperson,322,79975,38869,81382,34546,86673,40426
ACT,189,3243,Vehicle painter,86,79956,85585,80893,87170,82561,87936
ACT,190,5610,Public servant - administrative service officer - levels 1-2,1066,79591,74468,71309,68212,81463,75593
ACT,191,9611,Consultant - sales representative (wholesale),36,79334,77859,80043,79624,83324,82010
ACT,192,3234,Toolmaker or engineering patternmaker,5,79314,82097,78468,82041,81442,82691
ACT,193,5993,Debt collector,10,79306,76484,72250,79502,86200,79966
ACT,194,2325,Interior designer,179,79043,72601,71780,67492,82002,75669
ACT,195,8216,Railway track worker,6,78926,75909,81944,85445,91125,90048
ACT,196,5212,Secretary,306,78846,69509,71582,70333,82591,71881
ACT,197,3312,Carpenter and joiner,1471,78761,74383,75893,75573,85495,81488
ACT,198,5310,Public servant - administrative service officer - levels 3-4,3967,78465,74251,73512,73121,80156,75458
ACT,199,3241,Panel beater,119,78441,81771,78280,84038,81567,85748
ACT,200,3995,Performing arts technician,231,78251,79657,71178,75120,81496,82313
ACT,201,5994,Human resource clerk,106,77931,80852,75133,79131,78980,82365
ACT,202,3111,Agricultural technician,33,77661,78122,78407,76361,79601,78923
ACT,203,3321,Floor finisher,90,77463,75035,69940,68537,81638,80325
ACT,204,3212,Motor mechanic,935,76258,72107,74665,73811,80011,76496
ACT,205,9221,Consultant - tax accountant,111,75768,69607,71860,69294,80847,73353
ACT,206,5992,Court or legal clerk,371,75372,69511,72450,69190,77466,72003
ACT,207,3923,Printer,23,75221,70117,71607,65326,77073,73629
ACT,208,5912,Receiving and dispatching clerk,66,75192,72860,74150,72177,78369,75489
ACT,209,1491,"Amusement, fitness or sports centre manager",98,74738,73847,70147,70724,78203,75651
ACT,210,7331,Truck driver,1195,74681,76388,72986,75816,78476,78944
ACT,211,2415,Special needs teacher,290,74523,64894,68296,62906,77081,67719
ACT,212,2721,Counsellor,329,74183,69330,67787,67512,77582,74220
ACT,213,4517,Travel attendant,67,73970,70714,63287,61800,76419,74007
ACT,214,4516,Tourism or travel adviser,108,73938,71463,68169,70344,77322,73074
ACT,215,8215,Paving and surfacing labourer,64,73843,76291,72416,75233,76854,79421
ACT,216,3941,Cabinet maker,239,73818,69179,71587,71589,77881,74204
ACT,217,3624,Nurseryperson,92,73383,67134,61332,63580,75335,68922
ACT,218,2411,Pre-school or kindergarten teacher,341,72813,73689,70898,71218,75578,75520
ACT,219,3922,Graphic pre-press trades worker,21,72761,72313,65652,67160,74252,75144
ACT,220,1493,Conference and event organiser,373,72758,71188,66858,69750,75227,74021
ACT,221,3331,Glazier,134,72547,68701,67548,69004,76188,71590
ACT,222,5999,Other miscellaneous clerical or administrative worker,461,72442,69184,61621,62649,74675,71855
ACT,223,8212,Concreter,299,72328,65784,68754,67403,77081,72901
ACT,224,2323,"Fashion, industrial or jewellery designer",72,72129,67717,70679,68220,74908,69560
ACT,225,3223,Structural steel or welding trades worker,272,71953,70580,72115,70323,75615,72700
ACT,226,3623,Greenkeeper,32,71292,72203,70521,73537,74659,74626
ACT,227,7112,Industrial spray painter,15,70597,74617,68227,73682,75672,78909
ACT,228,2726,"Welfare, recreation or community arts worker",85,70368,69257,66413,63970,72604,71218
ACT,229,1492,Call or contact centre or customer service manager,1587,70021,65640,67544,66039,72139,67719
ACT,230,5311,Administration assistant or office worker,5496,69803,66575,60732,62637,71857,68804
ACT,231,1421,Retail manager,2098,69773,63422,64810,63126,72211,65807
ACT,232,3996,Signwriter,32,68980,72015,67576,70924,76000,76212
ACT,233,6113,Sales representative,2090,68817,58083,65916,57116,71447,60761
ACT,234,8214,Insulation or home improvement installer,148,68528,70971,63503,68423,71814,73009
ACT,235,5512,Bookkeeper,343,68513,60541,54399,53654,72869,63330
ACT,236,3311,Bricklayer or stonemason,209,68294,63070,58036,55567,73126,68518
ACT,237,6215,Retail supervisor,396,67874,57077,56554,55582,69918,58879
ACT,238,4313,Gaming worker,56,67635,71111,64717,71178,69103,72104
ACT,239,5991,Conveyancer or legal executive,388,66965,53477,63463,52861,69125,56316
ACT,240,3999,Other miscellaneous technician and trades worker,460,66803,62114,64246,62428,69321,63328
ACT,241,6112,Insurance agent or salesperson,70,66448,57482,63464,56454,68257,60983
ACT,242,3933,Upholsterer,11,66382,67897,68072,68037,69240,68037
ACT,243,3994,Jeweller,18,66054,65806,64077,69755,67977,68723
ACT,244,3993,"Gallery, library or museum technician",190,66009,67084,63294,67373,67789,68272
ACT,245,6217,Street vendor or related salesperson,22,65814,54878,58234,43949,67986,57970
ACT,246,2113,Photographer,128,65449,60697,52644,52377,69379,65843
ACT,247,7123,Metal press operator,9,65097,63812,63230,65903,67824,66027
ACT,248,4114,Enrolled or mothercraft nurse,410,64997,66176,66360,68780,69400,71002
ACT,249,1411,Café or restaurant manager,1114,64943,57158,57539,56371,67461,59542
ACT,250,8213,Fencer,61,64402,64440,58733,61181,66816,66007
ACT,251,5612,Courier or postal deliverer,458,64261,66772,61161,66358,66086,68046
ACT,252,4234,Special care worker,74,63887,60282,62827,61035,66642,62121
ACT,253,4512,Driving instructor,24,63671,68286,52242,42093,68031,69148
ACT,254,3114,Science technician,375,63568,66122,60956,67146,64932,67719
ACT,255,3511,Baker or pastrycook,257,63450,63716,59679,64298,65713,65006
ACT,256,8393,Product quality controller,41,63325,55509,61350,57745,65878,58309
ACT,257,3332,Plasterer,224,63180,58636,56793,57200,66323,62073
ACT,258,9550,Apprentice or trainee - financial services,17,62799,55839,61632,56204,63883,57790
ACT,259,3221,"Metal casting, forging or finishing trades worker",9,62748,64252,60752,60052,64601,64930
ACT,260,7119,Other machine operator,281,62690,62973,62262,63642,65819,66604
ACT,261,4314,Hotel service manager,94,62496,64054,62633,67120,65279,68149
ACT,262,4117,Welfare support worker,3083,62351,58939,60252,58205,66807,62835
ACT,263,3322,Painting trades worker,323,61886,59219,55130,57684,65164,63184
ACT,264,7115,Plastics or rubber production machine operator,6,61788,54735,62450,55427,62925,55459
ACT,265,3512,Butcher or smallgoods maker,138,61543,55163,57801,55193,64251,57417
ACT,266,2493,Teacher of English to speakers of other languages,66,61433,65716,55428,59960,64120,67856
ACT,267,3921,"Binder, finisher or screen printer",24,60949,58652,51815,55108,62063,59088
ACT,268,2522,Complementary health therapist,67,60792,60765,55622,58470,63541,63370
ACT,269,8991,Caretaker,97,60675,63478,56503,62135,63731,66104
ACT,270,5321,Keyboard operator,380,60653,58093,57809,57433,61945,58890
ACT,271,3333,Roof tiler,53,60630,56354,59902,61250,63516,63530
ACT,272,5911,Purchasing or supply logistics clerk,963,60463,58847,56910,57623,62212,61340
ACT,273,3513,Chef,2754,60455,60638,60029,61745,62856,63183
ACT,274,6394,Ticket seller,115,59420,50625,49378,48426,60680,52045
ACT,275,7116,Sewing machinist,11,59413,57986,47327,49045,60628,63130
ACT,276,7111,"Clay, concrete, glass or stone processing machine operator",42,59224,63908,59977,65226,61505,65345
ACT,277,9552,Consultant - insurance (clerical),6,58810,47985,55760,46433,59428,48600
ACT,278,3112,Medical technician,527,58654,54976,56437,54869,60607,56875
ACT,279,1213,Livestock farmer,22,58202,56487,50137,56401,62772,64479
ACT,280,8994,Motor vehicle parts and accessories fitter,123,58118,58446,57561,61367,60957,61656
ACT,281,5411,Call or contact centre worker,447,57877,57849,55548,56629,58959,58274
ACT,282,8211,Building or plumbing labourer,1587,57578,51685,53907,50082,61217,55352
ACT,283,4233,Nursing support or personal care worker,1308,57446,56516,57819,57919,60226,59227
ACT,284,5616,Switchboard operator,43,57018,54343,52300,48406,58580,55159
ACT,285,5997,Library assistant,95,56981,55776,53382,58212,59855,61181
ACT,286,8993,Handyperson,150,56397,57991,50560,53592,58398,59588
ACT,287,9313,Apprentice or trainee - information technology technician or telecommunications technical specialist,103,56389,53559,52424,50791,57657,53559
ACT,288,8999,Other miscellaneous labourers,1240,56358,52582,52570,50563,59086,55001
ACT,289,3942,Wood machinist or other wood trades worker,35,56341,55603,49551,45636,57656,55903
ACT,290,4115,Aboriginal and Torres Strait Islander health worker,21,56328,57969,57872,50195,61073,58002
ACT,291,7219,Other mobile plant operator,109,56228,50377,55554,51197,57846,52201
ACT,292,3334,Wall and floor tiler,302,55837,50062,53150,50743,58506,53960
ACT,293,8391,Metal engineering process worker,60,55692,60929,55640,65073,58008,65106
ACT,294,1412,Caravan park manager,7,55619,38264,61971,25752,56460,39616
ACT,295,8311,Food or drink factory worker,133,55492,51882,50493,52456,57150,54708
ACT,296,2112,Music professional,105,55227,44370,36500,24893,59782,51289
ACT,297,4231,Aged or disabled carer,2715,55114,51845,53202,50903,58594,54878
ACT,298,5614,Mail sorter,155,54728,53153,51773,52266,56237,54387
ACT,299,3613,Veterinary nurse,202,54719,54468,51664,54726,56617,55442
ACT,300,7311,Automobile driver,146,54295,50784,40418,35725,56976,53778
ACT,301,7213,Forklift driver,88,54289,56233,53937,57008,56016,58028
ACT,302,2114,Visual arts and crafts professional,64,54159,45291,47293,36610,57429,47137
ACT,303,9899,"Apprentice or trainee - deck or fishing hand, or autoglazier",10,53829,52287,54592,52619,55195,53310
ACT,304,9361,"Apprentice or trainee - animal attendant, trainer or shearer",31,53228,37743,35158,34079,55179,38556
ACT,305,9341,Apprentice or trainee - electrician,735,53083,48536,53802,48948,57751,53096
ACT,306,9342,Apprentice or trainee - electronics or telecommunications trades worker,156,52765,50782,53895,53295,56452,56642
ACT,307,3911,Hairdresser,559,51751,49052,47963,47778,53583,50890
ACT,308,9451,"Consultant, apprentice or trainee - personal service or travel",42,50899,50579,49260,50227,52830,52123
ACT,309,9394,Apprentice or trainee - wood trades worker,9,50851,45558,52893,47624,53393,50061
ACT,310,8322,Assembly line worker,118,50374,50328,49147,50603,52089,51501
ACT,311,4521,Fitness instructor,451,50371,43936,37276,32371,53209,46439
ACT,312,5611,Betting clerk,12,50211,49214,34512,21671,57117,49392
ACT,313,5619,Other clerical or office support worker,106,50203,51409,45279,47524,51955,52952
ACT,314,8112,Cleaner - commercial,2914,50103,48451,50063,47850,53636,51215
ACT,315,4514,"Gallery, museum or tour guide",185,49935,42919,40941,38032,52247,43272
ACT,316,7411,Storeperson,1091,49716,50970,47920,50577,51284,52630
ACT,317,8399,Other factory process worker,293,49662,49770,48645,49707,51623,51320
ACT,318,8995,Printing assistant or table worker,12,49503,44712,37622,32301,49930,45461
ACT,319,9323,Apprentice or trainee - mechanical trades engineering trades worker,21,49367,44815,50723,47892,52184,48148
ACT,320,4221,Education aide,1432,49302,48500,44962,46808,51002,50081
ACT,321,6216,Service station attendant,32,49220,51661,42195,50779,50498,52242
ACT,322,5613,Filing clerk,8,48521,55284,46043,50679,48751,55880
ACT,323,9334,Apprentice or trainee - plumber,335,47902,44279,49545,45574,53068,49238
ACT,324,9322,Apprentice or trainee - metal fabrication engineering trades worker,52,47535,45596,47776,50876,49978,50887
ACT,325,7117,Textile or footwear production machine operator,5,47505,58726,48052,58863,48115,58876
ACT,326,2722,Religious leader,277,47486,38077,39649,34366,51328,41999
ACT,327,8116,Other cleaner,545,46980,44755,44081,42932,48954,46781
ACT,328,8313,"Meat, poultry or seafood process worker",33,46878,47508,46010,49778,48089,49833
ACT,329,8115,Laundry worker,129,46801,47121,45435,48751,48194,49086
ACT,330,8321,Packer,210,45665,43479,41240,43660,47022,45652
ACT,331,9311,Apprentice or trainee - agricultural or medical technician,7,45659,45588,45164,44062,51347,48059
ACT,332,4523,"Sports coaches, instructors and officials",847,45362,29385,36944,21018,47311,30156
ACT,333,8911,Freight or furniture handler,84,45273,41920,42445,39947,46631,44505
ACT,334,8394,Timber or wood process worker,43,45020,43285,38476,37415,46185,43285
ACT,335,9410,Apprentice or trainee - health and welfare support services,26,44972,42873,40777,41498,45950,44092
ACT,336,9510,Apprentice or trainee - business services,17,44845,41465,43742,33953,46433,41465
ACT,337,4232,Dental nurse or assistant,614,44579,45648,42490,45387,45937,47315
ACT,338,9362,Apprentice or trainee - horticultural trades worker,95,44565,42937,44306,43322,46437,46903
ACT,339,2111,"Actor, dancer or other entertainer",118,44507,40985,30371,14926,46587,41645
ACT,340,8312,"Meat boners and slicer, or slaughterer",10,44374,36744,35743,32554,45613,36939
ACT,341,3514,Cook,724,43980,45437,43610,45703,45820,47077
ACT,342,5421,Receptionist,1988,43970,41782,40185,38902,45011,42696
ACT,343,3611,Animal attendant or trainer,312,43812,42928,39139,38532,45154,44073
ACT,344,9321,Apprentice or trainee - automotive mechanic or electrician,291,43578,43869,45006,46680,46339,47145
ACT,345,9399,Apprentice or trainee - miscellaneous technicians or trades worker,15,43237,46252,40401,44368,44379,46252
ACT,346,7321,Delivery driver,867,42658,39882,38976,35411,44595,41886
ACT,347,3621,Florist,63,42590,34244,35562,27438,43607,36224
ACT,348,7211,"Agricultural, forestry or horticultural plant operator",87,42562,33735,36082,27194,45399,34682
ACT,349,4522,Outdoor adventure guide,44,42463,34617,38457,32183,45023,37908
ACT,350,6392,Retail or wool buyer,81,42037,33276,42379,32482,44114,33414
ACT,351,2492,Private teacher or tutor,477,42008,29227,32631,18927,44099,31930
ACT,352,4511,Beauty therapist,358,41993,39115,37741,36115,43391,40054
ACT,353,5615,Market research interviewer,39,41984,31189,29708,14878,43580,32161
ACT,354,7114,Photographic developer and printer,9,41677,36876,39042,39851,43562,39856
ACT,355,4211,Child carer,4530,41555,41769,40469,41176,42967,43115
ACT,356,8912,Shelf filler,256,41140,38990,39357,38169,42651,40199
ACT,357,9331,"Apprentice or trainee - bricklayer, or carpenter and joiner",628,40904,38000,42218,41169,46194,44124
ACT,358,6200,Sales assistant - type not specified,8,40775,16948,16122,12230,40936,17004
ACT,359,9351,Apprentice or trainee - food trades worker,156,40297,40442,40022,40547,41321,41747
ACT,360,8512,Pastry cook's assistant,119,40235,36384,36915,30472,41698,36712
ACT,361,4116,Massage therapist,218,40127,36722,36081,29152,42138,38575
ACT,362,4311,Bar attendant or barista,1764,39671,36094,37031,34458,40453,36529
ACT,363,3932,Clothing trades worker,24,39618,36326,32459,27111,40784,37425
ACT,364,6219,Other sales assistant or salesperson,1369,39517,35098,35891,32275,40410,35737
ACT,365,9621,Consultant - sales assistant (retail),610,38782,34234,36843,32291,39687,35421
ACT,366,6211,Sales assistant - general,6509,38624,34995,34566,30791,39416,35520
ACT,367,6391,Model or sales demonstrator,291,38515,34116,34766,30916,40278,36536
ACT,368,4319,Other hospitality worker,1427,38443,33370,36202,30203,39550,34219
ACT,369,8114,Housekeeper,848,38294,36915,37448,37117,39788,38487
ACT,370,6393,Telemarketer,20,37996,36165,32531,23940,38368,36165
ACT,371,9530,Apprentice or trainee - clerical services,7,37828,28012,35345,29046,38400,29364
ACT,372,9332,Apprentice or trainee - floor finisher,39,37693,36468,38050,37300,40291,39773
ACT,373,8997,Vending machine attendant,23,37081,29027,36907,29027,37791,29027
ACT,374,8113,Cleaner - domestic,241,36342,31473,28476,23754,38283,32726
ACT,375,4518,Other personal service worker,202,35916,30610,30315,25451,37330,32158
ACT,376,8111,Car detailer,250,35891,33945,33726,29579,36825,34646
ACT,377,6214,Pharmacy sales assistant,631,35830,30017,31587,27750,36778,30816
ACT,378,9324,Apprentice or trainee - automotive - other,28,35672,33726,35369,33729,37131,34971
ACT,379,9811,Apprentice or trainee - cleaning services,101,34744,29569,33729,26576,36459,30097
ACT,380,9333,Apprentice or trainee - tiler or plasterer,28,33208,32434,33591,32061,36402,37182
ACT,381,6311,Checkout operator or office cashier,2996,32540,28348,30344,24937,33232,28730
ACT,382,9452,Apprentice or trainee - sport and recreation,14,32362,32113,31868,30256,35052,38081
ACT,383,9420,Apprentice or trainee - care and community services,19,30948,28383,31962,28582,32444,28583
ACT,384,9391,Apprentice or trainee - hair dresser,122,30247,29429,29454,29809,31360,31373
ACT,385,8513,Kitchen hand,1511,29834,25342,27902,22478,30626,26074
ACT,386,9741,Apprentice or trainee - storeperson,11,29653,18381,28132,18284,30154,18381
ACT,387,4312,Café worker,1285,28374,22630,25012,19537,29033,22762
ACT,388,4315,Waiter,3084,28238,22040,26051,19572,28898,22437
ACT,389,4515,Personal care consultant,13,27887,22489,26865,19319,29009,22745
ACT,390,9841,"Apprentice or trainee - farm, forestry or garden worker",10,26200,26788,21370,17155,28444,29775
ACT,391,9431,Apprentice or trainee - hospitality,92,25527,21049,24081,14261,26229,21049
ACT,392,9831,"Apprentice or trainee - food, drink or meat processor",8,22935,19710,22999,20034,23304,20147
ACT,393,8511,Fast food cook,1616,21794,15246,20412,13800,22257,15342
NSW,1,2532,Anaesthetist,726,410676,356538,195071,169282,425408,372582
NSW,2,2222,Financial dealer,2863,405030,198172,358131,185955,415180,203790
NSW,3,2535,Surgeon,979,368246,244691,191080,173283,386487,269441
NSW,4,2533,Internal medicine specialist,3296,322753,270780,203005,183858,337040,285422
NSW,5,2534,Psychiatrist,841,298715,250377,195464,167739,311420,265722
NSW,6,2539,Other medical practitioners,8728,247352,162430,175318,138569,260124,175127
NSW,7,2223,Financial investment advisor or manager,7601,245044,137632,211025,130647,254606,145464
NSW,8,2712,Judicial or other legal professionals,1303,223943,135223,189273,118026,232038,141270
NSW,9,1111,Chief executive officer or managing director,88189,223312,84639,132815,75000,232168,89166
NSW,10,2711,Barrister,516,202312,56962,101395,37026,209909,61008
NSW,11,9222,Consultant - financial investment,1925,193580,119659,162149,112105,200946,124175
NSW,12,2243,Economist,1330,190566,142584,176914,137820,194723,147209
NSW,13,2336,Mining engineer,1297,181188,165874,170931,162740,186388,171466
NSW,14,1332,Engineering manager,7904,179724,156906,163421,152516,185887,162785
NSW,15,1351,IT manager,32106,179347,154183,163819,152941,184235,158512
NSW,16,9224,Consultant - management,11154,175751,133776,153768,125779,182465,139914
NSW,17,2311,Air transport professionals,3690,170406,146744,165538,143038,180084,154502
NSW,18,2713,Solicitor,26259,169294,128614,146900,122461,174354,132411
NSW,19,1333,"Importer, exporter or wholesaler",1288,168412,78603,85158,69475,174131,82259
NSW,20,2252,IT sales professional,10098,167423,136282,159104,134754,173702,141690
NSW,21,1322,Finance manager,24670,164261,121530,149912,118821,169228,126285
NSW,22,2523,Dental practitioner,2894,163252,131080,112308,98903,172882,139946
NSW,23,2531,General medical practitioner,13702,161519,132348,130454,120149,171882,143391
NSW,24,1323,Human resource manager,11615,159696,131496,149029,129212,164288,135588
NSW,25,1335,Production manager,4545,154364,120012,133341,115240,159129,124704
NSW,26,2221,Financial broker,7360,152419,94793,132292,91923,157633,99859
NSW,27,1112,General manager,82672,150148,103648,127717,97777,155678,108474
NSW,28,9261,Consultant - IT business analyst,7603,149382,136603,142347,135299,155331,141190
NSW,29,1321,Corporate services manager,4532,149311,124216,140518,122275,154529,130144
NSW,30,1343,School principal,4053,148805,145883,149432,150245,155268,151986
NSW,31,1311,Advertising and sales manager,73599,145872,112406,132290,108958,151785,117833
NSW,32,2245,Land economist or valuer,1657,145362,115114,140544,115366,155625,124907
NSW,33,1499,"Other hospitality, retail or service manager",12684,143272,114081,137137,113900,147975,118765
NSW,34,2613,Software and applications programmer,57811,142902,131546,133538,130000,146148,134812
NSW,35,1325,Research and development manager,3800,140154,117115,127559,115894,145185,121940
NSW,36,2344,Geologist or geophysicist,1316,139398,119195,126448,117582,144044,123136
NSW,37,2631,Computer network professional,13003,139087,126928,132640,126314,143368,131040
NSW,38,2212,"Auditor, company secretary or corporate treasurer",13137,137914,110378,129781,109140,141792,113908
NSW,39,1324,Policy and planning manager,9612,137799,123957,129952,122255,141238,126888
NSW,40,2241,"Actuary, mathematician or statistician",7156,137149,107878,127255,107023,140772,111319
NSW,41,5122,Practice manager,15692,134714,95499,112754,90456,139826,99974
NSW,42,2333,Electrical engineer,10533,132910,124858,127366,123475,137764,130055
NSW,43,7122,"Driller, miner or shot firer",13062,132166,135184,132408,137638,137115,140494
NSW,44,2611,IT business or systems analyst,22606,132078,124109,127735,123202,135680,127665
NSW,45,2339,Other engineering professional,8644,130826,114874,120871,112381,135180,118967
NSW,46,2211,Accountant,74351,130530,99762,120309,98429,135233,103796
NSW,47,3992,"Chemical, gas, petroleum or power generation plant operator",1970,130435,114283,126587,114452,134164,118515
NSW,48,2633,Telecommunications engineering professional,3542,130434,123395,127997,124985,134586,127864
NSW,49,2332,Civil engineering professional,21601,129462,115986,125493,115492,134089,120101
NSW,50,9133,Consultant - construction manager,545,129065,106890,119500,102979,136180,113132
NSW,51,2312,Marine transport professional,2731,129016,115445,119383,113049,134579,121115
NSW,52,2331,Chemical or materials engineer,2264,128996,115024,121054,113690,132685,118624
NSW,53,2347,Veterinarian,3267,128208,103213,101637,96549,135255,109342
NSW,54,1336,Supply and distribution manager,8106,127333,110141,122879,109625,131693,113781
NSW,55,1331,Construction manager,30612,127092,110001,118352,108166,133515,116758
NSW,56,2334,Electronics engineer,2138,126564,110124,115799,108626,130679,115001
NSW,57,5996,"Insurance investigator, loss adjuster or risk surveyor",707,125510,102442,120740,100502,130515,106966
NSW,58,9250,Consultant - medical,439,124583,93319,99504,81751,131629,97159
NSW,59,1391,Commissioned officer - management,4246,123846,109925,111039,104493,127850,113769
NSW,60,7313,Train or tram driver,4494,123367,123846,120169,122279,127707,127637
NSW,61,2247,Management and organisation analyst,7250,121820,103225,115206,101982,125843,107033
NSW,62,3129,Other building or engineering technician,5365,121801,105723,118055,105493,125963,109917
NSW,63,9233,Consultant - engineering,3297,121345,105201,112637,102334,125682,110706
NSW,64,2326,Urban and regional planner,3885,121119,110505,114250,107853,124701,113850
NSW,65,2121,"Artistic director, media producer or presenter",5936,120448,96455,107363,93541,125330,100656
NSW,66,2621,"Database or systems administrator, or IT security specialist",11209,120311,107614,115124,106483,123958,111137
NSW,67,2612,Multimedia specialist or web developer,2929,119537,109336,112574,107400,123023,112335
NSW,68,2322,Cartographer or surveyor,3384,119204,109760,109163,105695,123483,113921
NSW,69,7121,"Crane, hoist or lift operator",3104,118976,111466,113187,109311,125965,117399
NSW,70,4413,Police,19067,118948,111835,107497,108683,123119,115719
NSW,71,2335,"Industrial, mechanical or production engineer",13416,118220,106583,112190,106603,122262,110422
NSW,72,1392,Senior non-commissioned defence force member,1504,116071,110762,102258,106965,119867,114960
NSW,73,5521,"Bank teller, officer or employee",25730,115084,84904,109944,84698,118222,87628
NSW,74,2244,Intelligence or policy analyst,4617,115082,106446,109082,104264,118193,109321
NSW,75,2513,Occupational and environmental health professional,3603,114937,106609,112435,106945,119786,111162
NSW,76,3422,Electrical distribution trades worker,3216,114465,113477,112593,112965,119051,117917
NSW,77,6111,"Auctioneer, or stock and station agent",842,113892,82468,96971,80000,119825,88193
NSW,78,3231,Aircraft maintenance engineer,3556,112990,102979,109671,101564,117572,107602
NSW,79,3126,Safety inspector,2361,112809,105417,110345,106908,118643,111927
NSW,80,2321,Architect or landscape architect,8084,112608,93732,99877,90734,117038,97820
NSW,81,2253,Public relations officer,6752,112322,95999,103140,93340,115579,98429
NSW,82,2254,Technical sales representative,9491,111609,96244,105603,95012,118744,102927
NSW,83,9442,"Consultant, apprentice or trainee - security and correctional services",496,111560,92611,106817,92062,115806,94996
NSW,84,9223,Consultant - human resources,4099,110256,92431,102408,91511,114340,96300
NSW,85,4412,Fire or emergency service worker,5762,109837,107714,102635,105249,114704,112315
NSW,86,9232,Consultant - urban and regional planner,279,109080,92472,99016,90327,113239,96989
NSW,87,9612,Consultant - real estate representative,1103,108891,64537,96288,63176,115120,69507
NSW,88,2122,"Author, or book or script editor",773,108746,74569,69404,67299,112479,77684
NSW,89,9225,Consultant - marketing and public relations,3832,106803,86552,97994,83210,111172,90051
NSW,90,2123,"Film, television radio or stage director",5258,106539,85876,92625,82451,111240,89994
NSW,91,3123,Electrical engineering draftsperson or technician,4691,106401,100852,103721,99445,111058,105292
NSW,92,2632,IT support or test engineer,10753,106159,93898,102758,94071,109456,96981
NSW,93,6121,Real estate sales agent,25890,105505,69785,92149,68163,113748,77667
NSW,94,3411,Electrician,23304,105202,99830,101841,98914,110517,105074
NSW,95,3132,Telecommunications technical specialist,1858,105166,100011,103021,99580,109482,103747
NSW,96,2124,Journalist or other writer,6426,103970,87573,93566,84854,108251,91512
NSW,97,2421,University lecturer or tutor,20885,103740,94350,92348,88692,108275,99319
NSW,98,6213,Motor vehicle and vehicle parts salesperson,3329,103291,89831,97851,88941,107288,94041
NSW,99,9251,Consultant - occupational health and safety,933,102572,95322,99327,95317,107790,100462
NSW,100,2512,Medical imaging professional,6725,102517,97831,99833,97839,106789,102038
NSW,101,2251,Advertising and marketing professional,26224,102463,84341,96822,83101,105998,87294
NSW,102,1113,Legislator,1090,102095,73510,87943,71876,116653,78531
NSW,103,3232,Metal fitter or machinist,15038,101897,96986,101027,97745,106098,100998
NSW,104,2231,Human resource professional,22090,101530,83558,96536,83064,104993,86553
NSW,105,1399,Other specialist manager,10194,101523,90142,97481,89754,105353,93514
NSW,106,8216,Railway track worker,2059,101137,100388,102717,103603,108695,108052
NSW,107,4111,Ambulance officer or paramedic,6078,100309,103255,100794,105029,104976,107283
NSW,108,2343,Environmental scientist,8888,100197,92302,95751,92070,103854,96237
NSW,109,5523,"Insurance, money market or statistical clerk",11817,99843,82573,95613,82827,102933,85200
NSW,110,2345,Life scientist,4199,99813,92135,93666,90945,102594,94770
NSW,111,2543,Nursing supervisor or manager,2070,99801,101991,99533,104517,104287,106538
NSW,112,1494,Transport services manager,7957,99747,89574,94979,90271,104158,94222
NSW,113,2349,Other natural or physical science professional,3482,99519,83194,90568,81062,103384,87130
NSW,114,5995,Inspector or regulatory officer,6023,99262,93431,95513,93266,102737,96685
NSW,115,5522,Credit or loans officer,4374,99025,84132,96418,84693,102847,87420
NSW,116,4421,Prison officer,7226,98707,98613,100763,101657,103073,102595
NSW,117,2233,Training and development officer,2904,98448,91135,93518,90367,102507,95059
NSW,118,7129,Other stationary plant operator,5986,98160,92079,97148,92740,101844,95986
NSW,119,3121,"Architectural, building or surveying technician",18462,97822,88364,94702,88456,102629,92953
NSW,120,2342,"Chemist, or food and wine scientist",4073,97601,90988,91955,89248,100836,93405
NSW,121,2514,Optometrist or orthoptist,2108,97539,90384,81191,81914,102723,94886
NSW,122,2323,"Fashion, industrial or jewellery designer",3308,97493,76151,82420,74330,101113,78715
NSW,123,3211,Automotive electrician,3411,97466,92528,94206,90840,102168,96904
NSW,124,6112,Insurance agent or salesperson,2981,97069,74447,91956,74551,100211,77760
NSW,125,1414,Licensed club manager,1973,96191,83012,95613,83844,99908,85815
NSW,126,1413,Hotel or motel manager,4264,95605,71796,76244,70365,99256,74842
NSW,127,3423,Electronic equipment trades worker,8577,95035,83859,90116,81441,98499,86797
NSW,128,3125,Mechanical engineering draftsperson or technician,2772,94885,90347,93522,90285,98675,93964
NSW,129,9254,Consultant - clinical nurse,518,94397,100122,93805,101651,99177,105310
NSW,130,2341,Agricultural or forestry scientist,2881,93918,85182,91053,85396,98037,88927
NSW,131,2414,Secondary school teacher,55006,93552,97205,91255,97775,97431,101226
NSW,132,2723,Psychologist,8156,93418,85138,78233,74500,98503,90308
NSW,133,3124,Electronic engineering draftsperson or technician,1756,93348,86573,89267,85305,97078,89751
NSW,134,2346,Medical laboratory scientist,3614,93155,86266,89555,86392,96187,89119
NSW,135,8992,Deck or fishing hand,1748,92801,81547,83667,79365,97066,86972
NSW,136,8219,Other construction or mining labourer,3902,91898,86057,92226,87657,96098,90118
NSW,137,4411,Defence force member - other ranks,6749,91752,86422,81772,80414,95331,89909
NSW,138,9234,Consultant - environmental,1115,91337,79749,86357,76836,94698,82252
NSW,139,2515,Pharmacist,8670,90986,77975,74595,72004,96121,82316
NSW,140,1341,Child care centre director,3300,90855,80560,77957,78553,95183,84710
NSW,141,3122,Civil engineering draftsperson or technician,3165,89918,85689,87761,85679,93154,88857
NSW,142,7212,Earthmoving plant operator,13383,89458,84458,88408,85324,94029,89132
NSW,143,9221,Consultant - tax accountant,2123,89284,71951,83412,72660,93765,75997
NSW,144,2324,"Graphic or web designer, or illustrator",14724,88494,77584,80613,75010,91271,80276
NSW,145,3234,Toolmaker or engineering patternmaker,552,88302,87103,83764,86177,90948,89245
NSW,146,3421,Air conditioning and refrigeration mechanic,5876,88242,84202,84275,84662,93147,89032
NSW,147,3113,Primary products inspector,1992,88077,81085,87047,82401,91216,83422
NSW,148,2542,Nurse educator or researcher,2348,87477,88419,86527,90249,92088,93178
NSW,149,2526,Podiatrist,1001,87471,80706,72227,73064,92272,85395
NSW,150,2521,Chiropractor or osteopath,1108,87023,73341,65966,61059,91516,77381
NSW,151,1334,Manufacturer,6340,86674,76142,82292,76475,89912,79331
NSW,152,7219,Other mobile plant operator,4073,85907,74920,82460,73741,89995,77949
NSW,153,2491,Education advisor or reviewer,5131,85479,79311,80650,77287,89404,83225
NSW,154,2413,Middle school teacher,2010,85117,84495,79352,83477,89083,88865
NSW,155,8217,Structural steel construction worker,9720,84962,79248,82020,79332,91456,85553
NSW,156,9599,"Consultant, apprentice or trainee - justice and legal services, insurance claims investigation",605,84142,77435,83024,78589,87687,80235
NSW,157,5211,Personal assistant,15427,84116,80635,78759,79722,86924,83582
NSW,158,2410,School teacher - type not specified,9928,83969,79244,74220,75024,88389,83644
NSW,159,1342,Health and welfare services manager,16674,83875,70567,79782,69064,87507,74101
NSW,160,3424,Telecommunications trades worker,4106,83252,79928,80989,79874,86899,83311
NSW,161,2412,Infant or primary school teacher,60130,83004,83867,81063,84197,86294,87253
NSW,162,3922,Graphic pre-press trades worker,472,82915,75840,78511,74509,85401,78104
NSW,163,5912,Receiving and dispatching clerk,5986,82572,75858,79069,76359,85303,78349
NSW,164,2325,Interior designer,3122,82377,68656,70753,66449,85659,71294
NSW,165,3212,Motor mechanic,29093,82370,75725,81652,77168,86585,79856
NSW,166,3341,Plumber,17855,82331,77730,76948,77703,87478,82980
NSW,167,6212,IT sales assistant,1583,82319,56893,78426,57083,84870,58894
NSW,168,5412,Inquiry clerk,1589,82252,71980,75584,70228,84694,74424
NSW,169,7123,Metal press operator,528,82147,75609,81850,74511,84778,78100
NSW,170,2519,Other health diagnostic and promotion professionals,1413,82039,70982,74369,70136,85151,73941
NSW,171,2525,Physiotherapist,9153,81993,77883,73116,75086,86583,82623
NSW,172,6392,Retail or wool buyer,3164,81291,62788,77547,63483,84033,65827
NSW,173,8996,Rubbish or recycling collector,1426,80811,74882,79407,75970,83931,77928
NSW,174,5111,"Contract, program or project administrator",68858,80323,71188,76650,70432,82933,73595
NSW,175,2246,Librarian,2621,80169,78487,73917,75989,83185,81240
NSW,176,8911,Freight or furniture handler,4025,80015,73226,79908,74387,83534,76317
NSW,177,5310,Public servant - administrative service officer - levels 3-4,5706,79854,75235,75861,74422,82133,77236
NSW,178,5513,Payroll clerk,5304,79758,76522,77679,76307,82023,78698
NSW,179,2541,Midwife,6011,79682,78722,77483,77844,83334,82251
NSW,180,9611,Consultant - sales representative (wholesale),1124,79463,67482,78302,68998,84553,71797
NSW,181,1419,Other accommodation or hospitality manager,497,79403,70103,76311,71205,83120,74907
NSW,182,7331,Truck driver,49058,79388,78821,78700,79680,84378,82984
NSW,183,3223,Structural steel or welding trades worker,16859,79340,74848,78740,76296,83214,78546
NSW,184,5610,Public servant - administrative service officer - levels 1-2,2611,78835,73012,70882,69236,81181,75022
NSW,185,3995,Performing arts technician,4601,78753,72837,70718,69581,82352,76194
NSW,186,9552,Consultant - insurance (clerical),553,78635,70846,76435,71228,82858,73619
NSW,187,2527,Speech professional or audiologist,4483,78528,73512,69953,69973,82209,76977
NSW,188,2422,TAFE teacher or tutor,8354,78505,77728,73022,75218,82988,82898
NSW,189,3241,Panel beater,3297,78266,74629,76057,75366,81739,78557
NSW,190,3242,Vehicle body builder or trimmer,809,78230,74600,75223,74729,81332,77702
NSW,191,2544,Registered nurse,101815,78036,75765,76710,76139,81480,79254
NSW,192,2242,"Archivist, curator or records manager",4262,77959,70932,72270,68545,81010,73959
NSW,193,4112,"Dental hygienist, technician or therapist",1893,77804,73010,70923,69266,81345,75882
NSW,194,2524,Occupational therapist,6382,77362,74060,69955,70007,80891,77209
NSW,195,1344,Other education manager,7132,77131,64613,71522,61981,80217,67227
NSW,196,3131,IT support technician,12269,76855,70153,73949,70213,79229,72430
NSW,197,8215,Paving and surfacing labourer,4022,76836,74025,76815,75408,80788,77941
NSW,198,2112,Music professional,2161,76511,60976,57541,45487,81343,66010
NSW,199,2415,Special needs teacher,5599,76171,72474,73026,70407,80101,76588
NSW,200,3222,Sheetmetal trades worker,1839,75849,73598,73068,74504,79366,76666
NSW,201,6113,Sales representative,58020,75488,62160,71688,61752,78821,65020
NSW,202,5991,Conveyancer or legal executive,5631,75067,59122,69681,58293,77930,61750
NSW,203,4524,Sportsperson,5329,74816,40239,69557,36010,79695,42924
NSW,204,7111,"Clay, concrete, glass or stone processing machine operator",1963,74520,68834,74371,70394,77728,72091
NSW,205,5511,Accounting clerk,31140,74449,65273,68910,64864,76999,67536
NSW,206,1493,Conference and event organiser,7936,74448,68767,69892,68188,77488,71583
NSW,207,3312,Carpenter and joiner,30827,74195,68217,70228,68728,79971,74078
NSW,208,3923,Printer,1478,74131,68746,71289,68126,76196,70937
NSW,209,7112,Industrial spray painter,1442,73929,71971,73817,73391,77611,75092
NSW,210,3111,Agricultural technician,819,73739,69413,73119,70692,76741,72871
NSW,211,2725,Social worker,14594,73535,71672,71124,71574,76739,75107
NSW,212,4513,Funeral worker,1232,73173,65251,61843,63210,76227,68672
NSW,213,8212,Concreter,7329,73110,66878,69093,66682,77760,71590
NSW,214,7119,Other machine operator,11928,73031,68256,72061,68878,76013,70861
NSW,215,5121,Office administrator or manager,67946,72651,61451,61006,57953,75418,63900
NSW,216,3999,Other miscellaneous technician and trades worker,8516,72448,66190,68968,65822,75609,68946
NSW,217,3243,Vehicle painter,2255,72383,72203,72396,73251,75415,75020
NSW,218,3233,Precision metal trades worker,1065,71907,67079,66402,66077,74790,69705
NSW,219,2511,Dietician,2244,71717,66391,65081,62913,74997,69406
NSW,220,4517,Travel attendant,3630,71705,63802,68703,62761,76781,69354
NSW,221,3991,Boat builder or shipwright,684,71543,67634,67790,66082,75432,70675
NSW,222,1492,Call or contact centre or customer service manager,45117,71286,64492,68851,64775,73842,67071
NSW,223,5992,Court or legal clerk,5347,71279,66657,68036,65876,73719,69172
NSW,224,9712,Apprentice or trainee - miner,203,71059,71040,71767,73168,74523,73900
NSW,225,3994,Jeweller,592,70930,60158,60804,56832,73012,61555
NSW,226,5993,Debt collector,1137,70912,69331,70190,70398,73487,71690
NSW,227,2721,Counsellor,5347,70818,67436,65655,64877,74893,71500
NSW,228,5994,Human resource clerk,2157,70633,67346,68695,67028,72462,69294
NSW,229,2114,Visual arts and crafts professional,1121,70400,58851,62037,56520,73521,61121
NSW,230,3311,Bricklayer or stonemason,4415,70333,62894,62779,61614,74917,67074
NSW,231,4516,Tourism or travel adviser,3694,69630,62778,65396,61878,72891,66030
NSW,232,1491,"Amusement, fitness or sports centre manager",1815,69255,62798,63018,62142,72440,66354
NSW,233,4422,Security officer or guard,16244,68926,67858,66883,68811,71795,70675
NSW,234,7113,Paper or wood processing machine operator,1995,68493,63837,68102,64046,70572,65475
NSW,235,1421,Retail manager,38495,68184,61037,63865,61103,70929,63741
NSW,236,4512,Driving instructor,468,67569,61461,59729,60000,71363,67185
NSW,237,3333,Roof tiler,1590,67414,58054,60725,56688,71057,61774
NSW,238,8391,Metal engineering process worker,3255,67398,60785,65525,61428,69652,62970
NSW,239,7115,Plastics or rubber production machine operator,1264,67346,62991,66538,64342,69695,65648
NSW,240,3623,Greenkeeper,939,67169,65460,65524,64825,69942,67984
NSW,241,3331,Glazier,2183,66956,62926,64680,63962,70600,66096
NSW,242,3996,Signwriter,863,66887,65806,62627,65198,69601,67998
NSW,243,3114,Science technician,4658,66800,65046,64645,64917,68697,67117
NSW,244,2726,"Welfare, recreation or community arts worker",2398,66613,62020,63248,61275,69513,64826
NSW,245,5212,Secretary,12714,66558,57759,54835,53173,68954,60016
NSW,246,7312,Bus or coach driver,13928,66438,66911,61333,65196,69069,69849
NSW,247,2411,Pre-school or kindergarten teacher,8038,66262,60252,61043,59068,68980,62965
NSW,248,3321,Floor finisher,1473,66121,59620,58667,56272,69257,62721
NSW,249,1213,Livestock farmer,6119,66010,58577,59894,58747,71376,63836
NSW,250,7213,Forklift driver,12518,65631,63457,64713,64344,68053,65796
NSW,251,5911,Purchasing or supply logistics clerk,31082,65499,62567,63300,62631,67883,64962
NSW,252,5999,Other miscellaneous clerical or administrative worker,12076,64659,56298,51266,50252,67350,58969
NSW,253,8214,Insulation or home improvement installer,2747,64395,59765,62479,59791,68016,62907
NSW,254,8393,Product quality controller,887,64046,53294,60870,53576,66158,55427
NSW,255,3221,"Metal casting, forging or finishing trades worker",353,64027,60443,60655,60752,66244,62447
NSW,256,3332,Plasterer,4034,63802,56070,57865,55560,67488,60104
NSW,257,6395,Window dresser,82,63590,59145,60301,56408,67017,60707
NSW,258,2724,Social professionals,2342,63527,53950,49168,41399,67389,58422
NSW,259,3993,"Gallery, library or museum technician",1368,63514,64125,59976,62860,65361,66468
NSW,260,3941,Cabinet maker,4188,62838,60301,60675,60935,66047,63439
NSW,261,1412,Caravan park manager,726,62715,57410,54452,53750,65829,60127
NSW,262,3921,"Binder, finisher or screen printer",913,62592,59726,60177,59283,64448,61011
NSW,263,8994,Motor vehicle parts and accessories fitter,3279,62420,58236,60093,59398,64742,61061
NSW,264,6394,Ticket seller,2903,62275,57702,59957,57087,64384,59510
NSW,265,2493,Teacher of English to speakers of other languages,963,62056,57654,57837,55582,64728,60180
NSW,266,5512,Bookkeeper,9622,61484,50194,47955,44118,64685,53385
NSW,267,4115,Aboriginal and Torres Strait Islander health worker,892,61076,59268,60362,60480,63677,62273
NSW,268,2113,Photographer,2120,60837,52402,49032,44083,63992,55838
NSW,269,4314,Hotel service manager,1923,60587,59820,59425,60301,62690,61848
NSW,270,1411,Café or restaurant manager,16802,60568,53973,54639,53348,63218,56651
NSW,271,5612,Courier or postal deliverer,8269,60465,61028,57813,60561,62745,63157
NSW,272,5614,Mail sorter,2764,60113,62719,57729,62931,61950,64742
NSW,273,3931,Canvas or leather goods maker,246,60002,51906,53103,50196,61884,54550
NSW,274,3932,Clothing trades worker,1011,59947,53644,53904,52842,62195,55930
NSW,275,3112,Medical technician,10993,59758,55050,57558,54825,62138,57077
NSW,276,3942,Wood machinist or other wood trades worker,927,59718,57504,57286,57717,61633,59518
NSW,277,5311,Administration assistant or office worker,94848,59621,51938,49270,47788,61621,53848
NSW,278,4313,Gaming worker,1458,59585,61074,59454,61787,61320,62902
NSW,279,3512,Butcher or smallgoods maker,3680,59401,56594,56325,56102,61556,59158
NSW,280,5411,Call or contact centre worker,11201,59274,58713,57576,58708,60930,60396
NSW,281,4114,Enrolled or mothercraft nurse,6202,59033,57812,57830,58456,61939,60984
NSW,282,6215,Retail supervisor,6969,59006,53570,56558,53359,61167,55544
NSW,283,3933,Upholsterer,482,58408,54787,54547,54271,60418,57254
NSW,284,8311,Food or drink factory worker,11793,58395,54617,57052,54895,60487,56563
NSW,285,5321,Keyboard operator,5030,58311,54123,53267,53138,60402,56670
NSW,286,2111,"Actor, dancer or other entertainer",4535,58173,36541,37677,20483,62855,39375
NSW,287,9550,Apprentice or trainee - financial services,362,58036,49210,53713,47690,60031,52067
NSW,288,8211,Building or plumbing labourer,31570,57763,50946,55698,51161,61785,54903
NSW,289,4117,Welfare support worker,56380,57362,53970,54299,52535,61080,57852
NSW,290,2522,Complementary health therapist,1435,57211,49155,48758,43680,60454,52172
NSW,291,7114,Photographic developer and printer,410,57051,52879,53691,51323,58784,54874
NSW,292,4234,Special care worker,1077,56557,55162,55365,56193,59772,58897
NSW,293,5616,Switchboard operator,487,56554,57115,53779,55828,58358,58517
NSW,294,3322,Painting trades worker,5730,56342,53077,49719,50596,59341,56485
NSW,295,2249,Other information and organisation professional,6355,56304,35478,41939,8114,59044,37761
NSW,296,3334,Wall and floor tiler,2372,55925,49625,50102,46552,58918,52431
NSW,297,3511,Baker or pastrycook,5860,55736,56521,53338,56078,57384,58246
NSW,298,8995,Printing assistant or table worker,643,55671,53245,52481,52767,57175,54629
NSW,299,3513,Chef,41396,55359,55231,54897,56128,57548,57550
NSW,300,8999,Other miscellaneous labourers,45526,55300,49839,52902,49436,58459,53080
NSW,301,6391,Model or sales demonstrator,6723,55264,42789,46064,38443,58072,45431
NSW,302,1211,Aquaculture farmer,887,54830,48854,52582,48990,57981,52905
NSW,303,5611,Betting clerk,411,54717,46719,48790,42911,56625,48029
NSW,304,7117,Textile or footwear production machine operator,332,54613,52254,54200,53088,56443,54105
NSW,305,9323,Apprentice or trainee - mechanical trades engineering trades worker,1493,54568,49189,56055,50938,58041,52376
NSW,306,8392,Plastics or rubber factory worker,722,54217,52736,52242,52108,55773,54498
NSW,307,8394,Timber or wood process worker,3042,53900,52002,51969,52399,55481,53442
NSW,308,8213,Fencer,1379,53820,50113,50573,49541,56691,52815
NSW,309,3613,Veterinary nurse,4092,53783,52523,51422,52134,55800,54676
NSW,310,4113,Diversional therapist,377,53147,51195,52134,51746,55618,54246
NSW,311,3624,Nurseryperson,2402,52879,48659,48638,47344,54982,50511
NSW,312,9730,Apprentice or trainee - transport and distribution driver,434,52570,51357,57868,58915,59868,59258
NSW,313,8312,"Meat boners and slicer, or slaughterer",3234,52021,52802,54240,56906,55695,57533
NSW,314,9451,"Consultant, apprentice or trainee - personal service or travel",1000,51519,45297,48634,43623,53672,47656
NSW,315,6217,Street vendor or related salesperson,425,50913,45326,47613,43881,54532,48132
NSW,316,5619,Other clerical or office support worker,2092,50775,46502,47282,44909,52481,48396
NSW,317,7411,Storeperson,58231,50344,50082,48483,49815,51953,51737
NSW,318,9530,Apprentice or trainee - clerical services,257,50316,40932,40150,33636,51681,41656
NSW,319,8993,Handyperson,4987,50084,47304,44034,44980,52528,49943
NSW,320,8399,Other factory process worker,19156,50046,48208,48045,48290,51904,50046
NSW,321,8313,"Meat, poultry or seafood process worker",10630,49849,51069,51079,53540,53214,54609
NSW,322,8322,Assembly line worker,9870,49785,49797,48121,49745,51426,51426
NSW,323,4233,Nursing support or personal care worker,28729,49662,48505,48329,48217,51943,50673
NSW,324,9342,Apprentice or trainee - electronics or telecommunications trades worker,2443,49514,45526,50534,47612,53262,49346
NSW,325,5613,Filing clerk,346,49377,40551,38331,33296,51008,42912
NSW,326,4521,Fitness instructor,6607,49232,41784,38383,33151,51794,44000
NSW,327,9341,Apprentice or trainee - electrician,11110,49212,44187,50316,45997,53568,48818
NSW,328,9313,Apprentice or trainee - information technology technician or telecommunications technical specialist,835,49193,43258,47784,43089,50961,45330
NSW,329,4231,Aged or disabled carer,57596,48664,45402,45185,42973,51680,48279
NSW,330,4221,Education aide,24671,48507,47900,44227,46008,50465,49716
NSW,331,8991,Caretaker,1039,48297,46791,42769,42639,50992,48878
NSW,332,3611,Animal attendant or trainer,5042,47691,43122,44374,41664,49669,45046
NSW,333,5997,Library assistant,1449,46818,45441,41847,41838,48266,46838
NSW,334,7211,"Agricultural, forestry or horticultural plant operator",10723,46639,42445,44226,40915,49943,45701
NSW,335,4514,"Gallery, museum or tour guide",1298,46389,40460,37828,32794,48601,42321
NSW,336,9322,Apprentice or trainee - metal fabrication engineering trades worker,1766,46172,42027,47272,44218,49225,45639
NSW,337,9452,Apprentice or trainee - sport and recreation,197,45879,29826,32805,28909,48071,31367
NSW,338,9324,Apprentice or trainee - automotive - other,873,45722,41599,46478,43803,48625,44650
NSW,339,7321,Delivery driver,19151,45657,42984,42151,39999,47687,45011
NSW,340,5421,Receptionist,35240,45411,42715,40480,39591,46799,44030
NSW,341,4522,Outdoor adventure guide,1153,45183,39367,41456,37948,47952,42222
NSW,342,6216,Service station attendant,1210,44839,41748,39416,38571,46249,42894
NSW,343,9510,Apprentice or trainee - business services,446,44637,37706,41180,37507,46345,38568
NSW,344,9899,"Apprentice or trainee - deck or fishing hand, or autoglazier",175,44432,41117,44450,41704,46969,43113
NSW,345,9392,Apprentice or trainee - printer or graphic artist,124,44110,41423,43426,41326,45558,43383
NSW,346,4232,Dental nurse or assistant,10407,44066,42954,40998,41468,45617,44506
NSW,347,5615,Market research interviewer,695,44057,32075,37223,25591,46358,32374
NSW,348,9410,Apprentice or trainee - health and welfare support services,505,43948,36114,36244,31773,45919,38554
NSW,349,9399,Apprentice or trainee - miscellaneous technicians or trades worker,401,43764,41531,42816,41258,45722,43462
NSW,350,4523,"Sports coaches, instructors and officials",12685,43678,29973,35606,23119,45718,31375
NSW,351,4515,Personal care consultant,236,43599,35951,32834,25165,45878,37415
NSW,352,3911,Hairdresser,9802,43482,40346,38365,36419,45102,41854
NSW,353,8997,Vending machine attendant,1246,43464,43214,42331,41940,44764,44171
NSW,354,6393,Telemarketer,957,43360,38577,39475,34862,44461,40342
NSW,355,4211,Child carer,61602,43304,42835,40825,41445,44815,44467
NSW,356,9321,Apprentice or trainee - automotive mechanic or electrician,6414,43185,39013,44830,41565,46580,42763
NSW,357,7116,Sewing machinist,1296,43040,42390,38236,40137,44444,43873
NSW,358,9311,Apprentice or trainee - agricultural or medical technician,276,42891,39640,42922,40076,45723,42478
NSW,359,9334,Apprentice or trainee - plumber,5279,42732,39001,44270,41534,46922,43473
NSW,360,9362,Apprentice or trainee - horticultural trades worker,1792,42690,41109,42495,41883,44625,43209
NSW,361,3621,Florist,1424,41924,37772,36367,32651,43543,39613
NSW,362,7311,Automobile driver,1321,41888,34209,31646,22963,53346,36126
NSW,363,8111,Car detailer,3283,41677,42249,38726,41947,42899,43759
NSW,364,8115,Laundry worker,3422,41536,41429,38874,39666,42844,42783
NSW,365,8116,Other cleaner,13240,41475,38635,37988,35336,42966,40110
NSW,366,6219,Other sales assistant or salesperson,24989,40990,35453,36650,32039,42104,36382
NSW,367,8112,Cleaner - commercial,39368,40930,38624,37611,35534,42564,40197
NSW,368,2492,Private teacher or tutor,9147,40526,28063,31910,17983,42360,29327
NSW,369,9394,Apprentice or trainee - wood trades worker,246,40450,38951,40396,39873,42882,41153
NSW,370,8321,Packer,20717,40057,39215,38548,38319,41691,40983
NSW,371,9331,"Apprentice or trainee - bricklayer, or carpenter and joiner",12791,40036,37516,41912,40522,45224,43256
NSW,372,2722,Religious leader,6130,39699,33719,34511,31198,43353,36998
NSW,373,9621,Consultant - sales assistant (retail),9229,39635,35666,36509,33087,40732,36721
NSW,374,3514,Cook,12873,39351,37759,37906,36517,40719,39169
NSW,375,9393,"Apprentice or trainee - textile, clothing or footwear trades worker",68,39056,36080,36976,34843,40313,38723
NSW,376,9361,"Apprentice or trainee - animal attendant, trainer or shearer",574,38507,36820,35153,33959,40148,38270
NSW,377,9351,Apprentice or trainee - food trades worker,3622,38489,38137,38032,37978,39762,39504
NSW,378,9420,Apprentice or trainee - care and community services,353,38363,36382,34625,31834,40513,38572
NSW,379,4311,Bar attendant or barista,39661,38336,35905,35436,33222,39337,36808
NSW,380,6211,Sales assistant - general,114227,37695,33845,33569,30190,38669,34705
NSW,381,4511,Beauty therapist,8189,37551,32881,33283,28600,38874,34000
NSW,382,9332,Apprentice or trainee - floor finisher,939,37362,36209,37366,37165,40121,39645
NSW,383,4319,Other hospitality worker,23441,37251,33047,34890,30297,38424,34273
NSW,384,6214,Pharmacy sales assistant,12533,36269,33665,32950,31164,37381,34833
NSW,385,8512,Pastry cook's assistant,3101,35643,32881,32635,29952,36633,33781
NSW,386,9333,Apprentice or trainee - tiler or plasterer,1007,35482,34587,37294,37165,39229,39021
NSW,387,9741,Apprentice or trainee - storeperson,356,35184,32200,34105,30424,36659,33367
NSW,388,4518,Other personal service worker,3258,34896,27855,29629,22924,36264,28802
NSW,389,8912,Shelf filler,6760,34017,31825,31073,28663,34930,32656
NSW,390,4116,Massage therapist,2398,33635,28059,28283,22900,34962,29456
NSW,391,8114,Housekeeper,11602,33458,31921,31044,28349,34603,33069
NSW,392,8113,Cleaner - domestic,5055,31932,29162,25472,21057,33338,30329
NSW,393,9831,"Apprentice or trainee - food, drink or meat processor",230,31695,24279,30259,23222,34323,27483
NSW,394,9841,"Apprentice or trainee - farm, forestry or garden worker",445,31442,28313,31354,27377,33776,31061
NSW,395,9811,Apprentice or trainee - cleaning services,1424,30688,26394,26382,19965,31960,27594
NSW,396,6311,Checkout operator or office cashier,55983,30553,27317,27816,23878,31280,27958
NSW,397,6200,Sales assistant - type not specified,108,30476,26183,26920,21086,31366,26743
NSW,398,8513,Kitchen hand,32512,30060,26507,27723,23462,30887,27272
NSW,399,9391,Apprentice or trainee - hair dresser,1611,29588,28765,28895,28953,30963,30466
NSW,400,4315,Waiter,43660,29325,25274,26658,22328,30086,25918
NSW,401,8300,Factory or process worker - type not specified,5,29009,24081,24891,25270,29523,25623
NSW,402,8412,Crop farm worker,8,28990,23144,29284,23721,29378,23721
NSW,403,9431,Apprentice or trainee - hospitality,948,28986,23479,27651,23178,30937,25805
NSW,404,4312,Café worker,17057,28483,24381,24867,20287,29183,24917
NSW,405,3612,Shearer,6,27507,30828,25803,30939,27894,31265
NSW,406,4230,Personal carers and assistants,6,23618,23264,20416,18951,23991,23451
NSW,407,8511,Fast food cook,25632,22310,17547,20838,15502,22771,17643
NSW,408,8419,"Other farm, forestry or garden worker",6,15750,14828,16054,15137,16054,15137
NT,1,2535,Surgeon,35,455549,367049,309221,303670,489961,403513
NT,2,2532,Anaesthetist,30,383537,389987,301303,267111,403900,395991
NT,3,2534,Psychiatrist,25,377002,360967,305164,336296,388870,363505
NT,4,2533,Internal medicine specialist,95,301751,292528,291354,284405,320869,319659
NT,5,2712,Judicial or other legal professionals,44,256221,288267,229897,187327,261042,290613
NT,6,2539,Other medical practitioners,316,236474,157004,213808,157266,250190,167198
NT,7,4513,Funeral worker,27,207380,70431,74881,69888,208955,70431
NT,8,2336,Mining engineer,51,205964,165603,186437,157892,211264,166799
NT,9,2523,Dental practitioner,70,193443,157450,126949,126412,201158,165307
NT,10,3992,"Chemical, gas, petroleum or power generation plant operator",237,189223,165365,188972,166767,193316,167234
NT,11,8392,Plastics or rubber factory worker,5,187015,66864,67117,55819,191545,67791
NT,12,2531,General medical practitioner,632,172794,134555,155412,126369,183438,145488
NT,13,2711,Barrister,25,168740,66103,99236,42915,176040,69334
NT,14,1335,Production manager,96,161229,143914,156080,144692,166101,150479
NT,15,1332,Engineering manager,128,157270,146561,152196,145733,163090,153684
NT,16,2331,Chemical or materials engineer,38,155925,121631,147345,117237,158288,124325
NT,17,5122,Practice manager,274,155751,100075,103895,94847,159578,103690
NT,18,1111,Chief executive officer or managing director,1795,147530,114599,108035,93600,153312,119027
NT,19,1343,School principal,204,145281,146503,151019,152606,151235,151839
NT,20,3125,Mechanical engineering draftsperson or technician,72,145062,106664,133487,105856,149106,113055
NT,21,3422,Electrical distribution trades worker,112,138204,144238,134850,144998,143657,149052
NT,22,9250,Consultant - medical,8,137904,89172,134537,93605,142505,89639
NT,23,2333,Electrical engineer,274,137254,128122,136576,126827,141826,132223
NT,24,3129,Other building or engineering technician,345,137082,122982,132142,120527,140550,125166
NT,25,1324,Policy and planning manager,605,136928,126189,133013,125848,140319,129252
NT,26,4413,Police,1488,134667,133521,135229,135909,138660,137832
NT,27,3123,Electrical engineering draftsperson or technician,158,133179,122727,126678,117762,137082,124876
NT,28,2342,"Chemist, or food and wine scientist",46,131739,109165,130103,112216,134775,112724
NT,29,7122,"Driller, miner or shot firer",550,131303,127120,127827,126043,134538,130133
NT,30,2312,Marine transport professional,283,131265,122705,124905,117591,136096,126844
NT,31,7313,Train or tram driver,42,131059,128003,127927,128365,137919,133682
NT,32,2344,Geologist or geophysicist,85,130471,122580,123073,122002,134423,126130
NT,33,1331,Construction manager,805,127736,117927,121838,116715,133048,121856
NT,34,2713,Solicitor,534,127614,105954,115592,101239,131689,109934
NT,35,2335,"Industrial, mechanical or production engineer",241,127406,112852,125249,110167,131023,116005
NT,36,2223,Financial investment advisor or manager,40,126147,113723,117427,101537,132605,116901
NT,37,2243,Economist,21,125593,121449,126124,116964,126894,121619
NT,38,3411,Electrician,855,125454,115812,122662,115185,130547,120496
NT,39,3232,Metal fitter or machinist,529,124878,118353,124188,120019,129245,123773
NT,40,2339,Other engineering professional,137,124689,113157,119135,111658,128822,119912
NT,41,7121,"Crane, hoist or lift operator",91,122835,121664,122118,116670,128532,128356
NT,42,4421,Prison officer,616,121400,120807,124706,124500,125823,125084
NT,43,2221,Financial broker,92,121210,103857,108468,99999,125853,107232
NT,44,9224,Consultant - management,131,121005,99082,107522,95411,125761,104283
NT,45,9133,Consultant - construction manager,10,120551,100970,117181,105105,123710,104649
NT,46,1351,IT manager,344,119702,113185,116436,112232,122901,116176
NT,47,2633,Telecommunications engineering professional,30,119665,112744,117246,114768,122525,116431
NT,48,1321,Corporate services manager,132,118756,109614,108582,109886,122408,111571
NT,49,4412,Fire or emergency service worker,376,117699,115007,114472,114331,122099,119340
NT,50,2543,Nursing supervisor or manager,60,117165,110856,108094,114936,122138,114948
NT,51,2526,Podiatrist,22,116592,92215,89949,92946,121891,97419
NT,52,3124,Electronic engineering draftsperson or technician,51,116328,116780,113468,114508,120949,117682
NT,53,2334,Electronics engineer,34,115676,98965,115451,101929,119362,106783
NT,54,3211,Automotive electrician,198,115320,108916,112951,105988,120121,112512
NT,55,1112,General manager,2771,115250,98002,103886,94065,119066,101967
NT,56,1323,Human resource manager,205,114908,106888,114395,106811,118254,109358
NT,57,9261,Consultant - IT business analyst,29,114493,100284,113789,98070,117941,101522
NT,58,2332,Civil engineering professional,400,114428,105373,110677,105417,118398,110212
NT,59,1392,Senior non-commissioned defence force member,276,114237,110798,102194,105868,117936,115520
NT,60,2515,Pharmacist,234,114131,94628,86781,91511,118203,97596
NT,61,2613,Software and applications programmer,247,114036,101030,107480,104602,116900,104411
NT,62,2514,Optometrist or orthoptist,38,113742,112994,100673,98941,121632,119250
NT,63,2513,Occupational and environmental health professional,188,113364,101832,105736,100714,117583,107417
NT,64,2349,Other natural or physical science professional,77,113289,89215,103066,84335,116845,97056
NT,65,4111,Ambulance officer or paramedic,228,112767,117766,110571,116662,117409,122541
NT,66,2611,IT business or systems analyst,204,112175,102785,103954,102216,115461,106114
NT,67,1325,Research and development manager,105,112026,106744,104073,106136,116511,109158
NT,68,2322,Cartographer or surveyor,118,111956,110648,112534,111655,116395,118015
NT,69,3231,Aircraft maintenance engineer,370,111896,99831,108386,94199,116283,105243
NT,70,2512,Medical imaging professional,154,109659,111630,107220,110548,112897,115672
NT,71,2247,Management and organisation analyst,77,107990,93173,100321,95019,110996,96504
NT,72,1499,"Other hospitality, retail or service manager",264,107823,96397,104485,96511,111158,98959
NT,73,1391,Commissioned officer - management,649,107362,97188,102241,90994,110852,99524
NT,74,1333,"Importer, exporter or wholesaler",10,106749,81511,90879,80508,109678,84281
NT,75,9254,Consultant - clinical nurse,19,106415,119822,105157,124241,111026,124260
NT,76,2244,Intelligence or policy analyst,261,106054,100417,102416,102379,109004,103977
NT,77,2326,Urban and regional planner,57,105749,102697,103944,100867,107741,104997
NT,78,8217,Structural steel construction worker,288,105509,105537,105895,104708,111392,112033
NT,79,3222,Sheetmetal trades worker,84,105014,96032,100686,94595,109103,99254
NT,80,9251,Consultant - occupational health and safety,35,105003,108837,96413,101638,109634,112352
NT,81,8216,Railway track worker,13,104405,118556,103762,114661,112626,127541
NT,82,2222,Financial dealer,7,104034,69286,126312,144697,109970,73511
NT,83,2245,Land economist or valuer,28,103751,82147,94054,93239,112677,100938
NT,84,2631,Computer network professional,168,103223,90296,101366,90148,106067,94041
NT,85,2252,IT sales professional,40,103098,94372,104606,92034,108858,99184
NT,86,1336,Supply and distribution manager,219,102923,93240,101475,91025,105954,97103
NT,87,1311,Advertising and sales manager,672,102061,89362,97323,89960,106458,93379
NT,88,7112,Industrial spray painter,105,101416,100576,102756,103270,106723,105511
NT,89,2347,Veterinarian,91,100955,104201,100234,102679,106064,106910
NT,90,1494,Transport services manager,221,100848,89203,97281,91226,104355,92054
NT,91,3423,Electronic equipment trades worker,395,100822,86787,94752,82119,103996,90569
NT,92,2345,Life scientist,122,100530,100793,96318,103165,103362,102966
NT,93,3126,Safety inspector,90,100496,95356,102379,96847,104252,98799
NT,94,2311,Air transport professionals,482,99768,82833,95555,85690,105541,88836
NT,95,3121,"Architectural, building or surveying technician",403,99700,92227,98479,94064,103638,96975
NT,96,3132,Telecommunications technical specialist,49,99373,101237,97426,97435,102364,109038
NT,97,7129,Other stationary plant operator,216,99207,97905,99425,98948,102707,99840
NT,98,7212,Earthmoving plant operator,658,98894,95026,96753,95645,102198,98759
NT,99,2612,Multimedia specialist or web developer,33,97730,98777,97192,98135,100256,99656
NT,100,5995,Inspector or regulatory officer,239,96872,94813,96398,94261,99446,97340
NT,101,2421,University lecturer or tutor,459,96690,100505,89942,100048,101124,105545
NT,102,2544,Registered nurse,3578,96651,96036,96434,97423,100311,99451
NT,103,3122,Civil engineering draftsperson or technician,87,96493,87703,88456,87786,99761,90302
NT,104,3223,Structural steel or welding trades worker,800,96466,92359,96410,94420,100824,98063
NT,105,1322,Finance manager,516,96453,87956,93379,86846,99917,91962
NT,106,9225,Consultant - marketing and public relations,33,95790,84606,93618,88442,100997,100343
NT,107,1491,"Amusement, fitness or sports centre manager",44,95782,62537,63267,58518,98491,65027
NT,108,6213,Motor vehicle and vehicle parts salesperson,75,95656,89767,97372,88373,99039,89817
NT,109,3341,Plumber,580,95436,92378,91611,94330,100973,98990
NT,110,6111,"Auctioneer, or stock and station agent",33,95223,65669,84437,68880,98563,70000
NT,111,2414,Secondary school teacher,1077,95015,99187,93902,99732,98720,103123
NT,112,2525,Physiotherapist,211,94939,90651,85290,87909,99627,95119
NT,113,3212,Motor mechanic,1683,94883,88104,93500,88269,99075,91965
NT,114,2211,Accountant,889,94882,81543,90152,82382,98603,85723
NT,115,2241,"Actuary, mathematician or statistician",59,94526,88695,91818,89662,96577,90849
NT,116,3421,Air conditioning and refrigeration mechanic,312,94505,93662,92874,94546,99982,99717
NT,117,2621,"Database or systems administrator, or IT security specialist",227,94158,90312,93178,91788,96730,92889
NT,118,6121,Real estate sales agent,470,94040,74105,89400,73846,100669,78849
NT,119,2541,Midwife,327,93834,93993,92146,94273,97045,97220
NT,120,9612,Consultant - real estate representative,12,93622,52814,96568,55996,100144,57035
NT,121,8219,Other construction or mining labourer,274,93133,89891,91100,88703,97103,92057
NT,122,2321,Architect or landscape architect,75,92260,82875,82790,76773,94797,86789
NT,123,9223,Consultant - human resources,80,92196,92439,89844,89437,95355,94439
NT,124,3933,Upholsterer,12,92126,76093,74701,71440,96245,77106
NT,125,3424,Telecommunications trades worker,210,91882,84363,89549,84169,96679,89708
NT,126,3113,Primary products inspector,96,89838,88424,84156,86934,92675,91821
NT,127,1113,Legislator,126,89771,60680,75611,52820,107090,67089
NT,128,2346,Medical laboratory scientist,110,89739,94882,89214,94852,92415,96986
NT,129,2723,Psychologist,187,89083,88440,85056,85181,94433,94560
NT,130,2253,Public relations officer,206,88820,87237,84216,87235,91300,88855
NT,131,1399,Other specialist manager,366,88751,85331,84949,83987,91893,89445
NT,132,7111,"Clay, concrete, glass or stone processing machine operator",58,88504,89275,90136,88038,91638,92036
NT,133,9233,Consultant - engineering,45,88390,74338,81235,74925,90772,75658
NT,134,2412,Infant or primary school teacher,1952,88210,93837,88027,95769,91338,97594
NT,135,3312,Carpenter and joiner,848,87772,86514,86821,89328,94070,92830
NT,136,2254,Technical sales representative,117,87389,80110,80435,79090,90793,84419
NT,137,2542,Nurse educator or researcher,103,87293,85342,87337,91475,92444,93141
NT,138,5522,Credit or loans officer,27,87292,80908,75445,78995,89211,82082
NT,139,4411,Defence force member - other ranks,1691,87021,82461,80839,76646,90547,86046
NT,140,1334,Manufacturer,40,86979,83576,80415,86346,90961,89178
NT,141,3999,Other miscellaneous technician and trades worker,255,86553,74739,85646,74150,89581,77118
NT,142,2521,Chiropractor or osteopath,18,86200,86642,74524,61944,89949,87996
NT,143,2527,Speech professional or audiologist,126,86177,86660,81703,86503,89658,89562
NT,144,2413,Middle school teacher,373,86033,93163,83679,94391,89500,96483
NT,145,1413,Hotel or motel manager,163,86025,76129,77310,75471,90301,79537
NT,146,1414,Licensed club manager,27,85957,82463,82173,82409,88682,86620
NT,147,2124,Journalist or other writer,107,85571,84602,80002,83402,88435,89155
NT,148,8391,Metal engineering process worker,23,85348,80230,83626,83145,88336,81874
NT,149,9399,Apprentice or trainee - miscellaneous technicians or trades worker,18,85336,29867,35868,26116,86047,30158
NT,150,2233,Training and development officer,116,85229,84335,82375,82316,88509,88402
NT,151,5211,Personal assistant,328,85119,74227,73533,74401,87571,76258
NT,152,8911,Freight or furniture handler,145,85116,84948,80507,83373,88012,89154
NT,153,7331,Truck driver,1673,85015,81533,82904,80794,89498,84874
NT,154,1342,Health and welfare services manager,556,84889,79334,83441,78790,87787,82577
NT,155,2524,Occupational therapist,186,84552,82965,81543,82584,87957,85398
NT,156,7119,Other machine operator,322,84437,81160,83629,80749,87712,83691
NT,157,8214,Insulation or home improvement installer,56,84422,83466,84977,84438,89778,85786
NT,158,5310,Public servant - administrative service officer - levels 3-4,443,84242,82028,82370,81275,86398,84408
NT,159,2491,Education advisor or reviewer,209,83912,83975,81615,78353,87526,86197
NT,160,4112,"Dental hygienist, technician or therapist",43,83893,89018,84577,89382,87368,93894
NT,161,5121,Office administrator or manager,1848,83816,71501,70120,70027,86401,74255
NT,162,2246,Librarian,78,83542,83574,79530,83261,85615,85037
NT,163,3941,Cabinet maker,109,83050,73229,71563,72849,87382,77649
NT,164,5991,Conveyancer or legal executive,75,82488,75065,78524,76315,85564,78270
NT,165,2725,Social worker,786,82000,80167,81302,80425,85374,83958
NT,166,2212,"Auditor, company secretary or corporate treasurer",132,81594,64147,81608,66687,84545,67907
NT,167,1341,Child care centre director,96,81420,81776,82406,82324,85644,85294
NT,168,5610,Public servant - administrative service officer - levels 1-2,168,81301,80406,79424,79188,83430,81200
NT,169,9599,"Consultant, apprentice or trainee - justice and legal services, insurance claims investigation",11,80886,66359,80288,67168,82302,67441
NT,170,3991,Boat builder or shipwright,14,80282,61792,70028,75129,85333,65930
NT,171,8212,Concreter,200,80031,80068,76311,77066,84541,85231
NT,172,1344,Other education manager,219,80025,72109,77085,72460,82524,77242
NT,173,3114,Science technician,140,79788,75284,75053,70941,81625,77066
NT,174,1211,Aquaculture farmer,54,79280,79538,79315,80053,82608,81415
NT,175,1213,Livestock farmer,200,79099,65959,71321,66253,86268,70981
NT,176,5523,"Insurance, money market or statistical clerk",136,78613,73953,75545,75206,80957,76851
NT,177,2410,School teacher - type not specified,286,78550,72882,69988,67360,81692,74497
NT,178,2251,Advertising and marketing professional,216,78394,77757,78123,77148,81639,80912
NT,179,5912,Receiving and dispatching clerk,106,78263,74071,75440,74443,80131,76003
NT,180,5111,"Contract, program or project administrator",4159,77809,74404,75670,74624,80041,76754
NT,181,2632,IT support or test engineer,197,77786,71794,76473,74585,80970,74916
NT,182,5412,Inquiry clerk,54,77713,77054,73980,74176,79047,79060
NT,183,3242,Vehicle body builder or trimmer,6,77272,79472,75608,76466,79805,81456
NT,184,3233,Precision metal trades worker,45,76949,65548,66101,61300,80304,73236
NT,185,5993,Debt collector,13,76685,68386,69282,71423,82107,73567
NT,186,3334,Wall and floor tiler,54,76441,69146,63316,62148,80842,72152
NT,187,3241,Panel beater,84,76366,78253,75652,81048,79634,82443
NT,188,2325,Interior designer,16,76036,69958,65227,60653,78539,70434
NT,189,5512,Bookkeeper,294,75592,62982,59170,58191,78558,65285
NT,190,3994,Jeweller,16,75412,71967,74553,73809,76840,74001
NT,191,2123,"Film, television radio or stage director",61,75291,75002,71297,75861,77745,76187
NT,192,7115,Plastics or rubber production machine operator,22,75016,74674,75063,73474,77260,74828
NT,193,5616,Switchboard operator,26,75013,67828,68706,68273,76326,68972
NT,194,3332,Plasterer,90,74727,72414,68347,80055,79028,80992
NT,195,5513,Payroll clerk,159,74497,75039,75218,75844,76236,76550
NT,196,2231,Human resource professional,621,74394,69995,71579,69998,76883,72362
NT,197,2249,Other information and organisation professional,192,74154,68656,68543,68809,77572,71054
NT,198,2415,Special needs teacher,297,73753,72724,72745,73024,76412,75079
NT,199,2511,Dietician,83,73448,72264,68735,71065,76002,74604
NT,200,3243,Vehicle painter,64,73000,71761,74095,73923,76244,74317
NT,201,5511,Accounting clerk,903,72993,70994,70549,71175,75537,73319
NT,202,2242,"Archivist, curator or records manager",183,72703,70180,71385,71399,74934,73088
NT,203,3333,Roof tiler,16,72654,67240,59386,60590,81126,82705
NT,204,3996,Signwriter,32,72391,71407,71549,74805,75649,74878
NT,205,2422,TAFE teacher or tutor,224,71537,76047,70269,76513,74631,79366
NT,206,2519,Other health diagnostic and promotion professionals,89,71518,68573,70569,69611,74318,70725
NT,207,3131,IT support technician,283,71470,66356,70375,66375,73699,68034
NT,208,9712,Apprentice or trainee - miner,18,71095,62345,75451,73932,75051,66092
NT,209,3111,Agricultural technician,45,71056,63068,71607,68503,73943,68503
NT,210,1421,Retail manager,1240,70572,64482,66862,64214,73103,67103
NT,211,4114,Enrolled or mothercraft nurse,199,70528,71597,70006,71495,73548,73936
NT,212,7113,Paper or wood processing machine operator,7,69610,74201,70071,63926,71973,75217
NT,213,7219,Other mobile plant operator,147,69594,64242,70334,65766,72913,66067
NT,214,8992,Deck or fishing hand,238,69582,63849,68056,64919,72975,68366
NT,215,9611,Consultant - sales representative (wholesale),13,69129,73353,60113,64914,72554,73703
NT,216,3322,Painting trades worker,154,68955,65552,65064,63724,73060,68993
NT,217,2121,"Artistic director, media producer or presenter",102,68915,61054,62480,57665,72653,62305
NT,218,9530,Apprentice or trainee - clerical services,6,68872,69202,57274,60860,69640,70290
NT,219,4313,Gaming worker,64,68799,67080,64118,68185,70477,68193
NT,220,5992,Court or legal clerk,132,68758,65504,65994,65575,70752,67666
NT,221,1493,Conference and event organiser,199,68629,68307,65113,67570,71838,71823
NT,222,3331,Glazier,133,68571,71395,67752,73597,72099,73971
NT,223,9552,Consultant - insurance (clerical),5,68271,49548,68757,61032,73454,61600
NT,224,1419,Other accommodation or hospitality manager,35,68224,66888,63479,66137,70930,70377
NT,225,4422,Security officer or guard,1381,67985,69134,66839,69985,71213,72446
NT,226,8215,Paving and surfacing labourer,215,67808,58537,63410,58612,70320,61132
NT,227,3512,Butcher or smallgoods maker,105,67654,61018,61634,60924,69638,62334
NT,228,5999,Other miscellaneous clerical or administrative worker,137,67234,61987,60948,62187,69780,64441
NT,229,5611,Betting clerk,265,67098,68112,66699,68619,69071,69488
NT,230,2341,Agricultural or forestry scientist,203,66742,64949,61870,59029,69614,65993
NT,231,5994,Human resource clerk,76,66367,69821,59664,67985,67978,70608
NT,232,5321,Keyboard operator,84,66357,59274,56760,57357,69225,63636
NT,233,1492,Call or contact centre or customer service manager,939,66219,64912,64671,64977,68602,66825
NT,234,4516,Tourism or travel adviser,79,66137,61954,57244,59715,67950,62827
NT,235,3112,Medical technician,311,66049,62639,64306,63159,68742,64938
NT,236,5212,Secretary,111,66000,64828,60413,61150,68287,66348
NT,237,3923,Printer,20,65846,68502,65525,69063,67006,69066
NT,238,6112,Insurance agent or salesperson,41,65762,56870,61912,59808,68538,60012
NT,239,3321,Floor finisher,25,65303,61973,66984,68308,72850,68825
NT,240,3311,Bricklayer or stonemason,53,65174,56745,61120,55984,69481,66587
NT,241,2721,Counsellor,236,65148,64190,62164,63778,68266,67232
NT,242,5311,Administration assistant or office worker,3068,65115,60737,57374,58476,66845,62429
NT,243,4314,Hotel service manager,62,64940,63205,63430,62655,68023,64516
NT,244,5911,Purchasing or supply logistics clerk,702,64277,61471,62066,61271,66309,63749
NT,245,8994,Motor vehicle parts and accessories fitter,158,64022,63245,62777,63443,66156,64994
NT,246,2324,"Graphic or web designer, or illustrator",112,63919,64251,59779,61552,65634,65436
NT,247,9234,Consultant - environmental,33,63919,62323,60279,60657,66233,62333
NT,248,1411,Café or restaurant manager,449,63909,63696,62464,63732,66627,65556
NT,249,3993,"Gallery, library or museum technician",87,63628,64341,61276,63352,65304,65232
NT,250,4512,Driving instructor,13,63527,64717,57891,53576,66939,68666
NT,251,3623,Greenkeeper,18,63496,62605,57028,60095,65765,68517
NT,252,2411,Pre-school or kindergarten teacher,235,63426,58122,60531,58667,65418,60654
NT,253,1412,Caravan park manager,34,62742,65288,64624,65007,64877,67382
NT,254,5521,"Bank teller, officer or employee",291,62566,59225,59918,57992,64384,61543
NT,255,2343,Environmental scientist,1316,62457,50971,56249,47572,64027,52431
NT,256,9323,Apprentice or trainee - mechanical trades engineering trades worker,100,62394,56600,63536,58224,65726,58224
NT,257,5411,Call or contact centre worker,191,61949,62068,59986,62919,63219,63942
NT,258,7213,Forklift driver,146,61866,62753,62312,64009,64138,64758
NT,259,4231,Aged or disabled carer,1551,61506,58370,60788,58708,65401,61799
NT,260,7312,Bus or coach driver,480,61239,61176,56440,57861,63932,62879
NT,261,9341,Apprentice or trainee - electrician,404,61056,54632,61552,57248,65696,60226
NT,262,4233,Nursing support or personal care worker,669,60979,61724,61164,62807,63498,64688
NT,263,4517,Travel attendant,80,60911,59023,56814,55113,63806,61602
NT,264,9442,"Consultant, apprentice or trainee - security and correctional services",21,60900,56521,58203,59214,63514,59958
NT,265,3513,Chef,1555,60761,61232,61365,63086,63846,64260
NT,266,2726,"Welfare, recreation or community arts worker",162,60686,53098,58313,52416,63244,56618
NT,267,2522,Complementary health therapist,31,60650,66353,60160,66982,63587,70292
NT,268,4117,Welfare support worker,4838,60206,54303,57928,53555,63529,57265
NT,269,2493,Teacher of English to speakers of other languages,54,59719,50035,53223,45380,61756,51194
NT,270,5615,Market research interviewer,15,59639,52161,36190,24277,63385,52457
NT,271,5612,Courier or postal deliverer,156,59543,58854,57847,59607,61401,61919
NT,272,3511,Baker or pastrycook,120,59401,61763,57308,62057,61233,64050
NT,273,8399,Other factory process worker,245,59063,47700,54888,46934,61638,50948
NT,274,4115,Aboriginal and Torres Strait Islander health worker,485,58952,53336,53551,51467,60248,55685
NT,275,4234,Special care worker,125,58780,57086,56824,56614,61090,58049
NT,276,6215,Retail supervisor,247,58498,55087,56607,55869,60743,57269
NT,277,5614,Mail sorter,57,58302,63173,58071,65484,60758,65603
NT,278,9394,Apprentice or trainee - wood trades worker,10,57649,53538,58286,55328,59536,55386
NT,279,3221,"Metal casting, forging or finishing trades worker",13,57248,57915,60419,58361,64865,61637
NT,280,7411,Storeperson,1197,57179,55265,54886,55509,58943,56600
NT,281,6113,Sales representative,1158,56816,54005,55205,54500,58884,55602
NT,282,9334,Apprentice or trainee - plumber,146,56690,55907,57634,57441,61427,58653
NT,283,2724,Social professionals,174,56681,50168,46607,39104,58372,51053
NT,284,7123,Metal press operator,9,56260,56009,47608,55315,56459,56309
NT,285,9221,Consultant - tax accountant,33,55675,47243,55066,49377,58778,49655
NT,286,8211,Building or plumbing labourer,1387,54665,46927,51564,44725,57346,49718
NT,287,2111,"Actor, dancer or other entertainer",62,54627,37949,41063,27425,57207,38489
NT,288,3995,Performing arts technician,92,54409,51944,49596,48398,56078,53370
NT,289,6394,Ticket seller,85,54162,53708,54581,55491,55612,57185
NT,290,6217,Street vendor or related salesperson,7,53893,57663,53501,60050,57878,60050
NT,291,8312,"Meat boners and slicer, or slaughterer",14,53068,41425,49028,32186,53756,42127
NT,292,2113,Photographer,23,52900,48466,52251,48750,55176,48765
NT,293,8999,Other miscellaneous labourers,1664,52729,47326,50364,46306,54995,49476
NT,294,8997,Vending machine attendant,25,52417,55726,50433,57825,54118,58086
NT,295,7311,Automobile driver,33,51651,48958,37619,34106,52861,50158
NT,296,3931,Canvas or leather goods maker,5,51468,53442,41156,34123,52946,53840
NT,297,3611,Animal attendant or trainer,140,51193,46868,51599,47737,53102,49457
NT,298,9342,Apprentice or trainee - electronics or telecommunications trades worker,164,50966,47689,52123,50499,54935,52865
NT,299,4232,Dental nurse or assistant,226,50808,53764,50072,53854,52989,57005
NT,300,9322,Apprentice or trainee - metal fabrication engineering trades worker,54,50541,50478,52496,52688,54106,54142
NT,301,5613,Filing clerk,6,50469,53140,37108,31469,51736,53369
NT,302,6212,IT sales assistant,22,50200,46983,52894,53863,53635,54023
NT,303,8996,Rubbish or recycling collector,58,50013,42181,43421,35309,51079,43080
NT,304,3624,Nurseryperson,83,49989,49322,47610,47879,51647,51211
NT,305,8213,Fencer,92,49747,46267,47273,43600,53384,48981
NT,306,7321,Delivery driver,471,49657,51260,47029,49617,51475,52758
NT,307,8993,Handyperson,174,49540,47284,45952,47202,51609,49361
NT,308,8311,Food or drink factory worker,74,49536,46461,46278,45256,51539,48071
NT,309,3613,Veterinary nurse,88,49478,49576,50556,51878,52299,52192
NT,310,9331,"Apprentice or trainee - bricklayer, or carpenter and joiner",245,49441,47182,51115,50501,53766,51640
NT,311,9321,Apprentice or trainee - automotive mechanic or electrician,271,49376,44585,50976,47578,52984,49016
NT,312,5619,Other clerical or office support worker,72,49329,44042,46672,41711,50233,45788
NT,313,4514,"Gallery, museum or tour guide",302,49173,47526,44696,44895,51322,50008
NT,314,3942,Wood machinist or other wood trades worker,11,48664,50718,45881,50987,50248,51585
NT,315,8995,Printing assistant or table worker,7,48654,56126,50079,57503,49346,58238
NT,316,2323,"Fashion, industrial or jewellery designer",8,48569,47065,47994,50249,49663,49826
NT,317,8322,Assembly line worker,41,48518,46416,48813,46490,51457,49121
NT,318,9332,Apprentice or trainee - floor finisher,21,48496,47890,48805,50037,50698,53727
NT,319,9361,"Apprentice or trainee - animal attendant, trainer or shearer",18,48284,48849,49018,49966,50558,51290
NT,320,4522,Outdoor adventure guide,67,47967,45779,47589,45367,52295,48366
NT,321,9324,Apprentice or trainee - automotive - other,38,47728,46888,48067,48635,50534,49724
NT,322,9451,"Consultant, apprentice or trainee - personal service or travel",39,47574,44903,44908,46525,49091,47221
NT,323,8394,Timber or wood process worker,40,47553,49112,43420,46857,48981,49707
NT,324,4523,"Sports coaches, instructors and officials",218,47338,35146,40316,27139,49173,36603
NT,325,8991,Caretaker,87,47318,44098,41925,42700,49072,46730
NT,326,8115,Laundry worker,165,47134,52455,47189,53466,48506,53626
NT,327,7116,Sewing machinist,23,47037,43618,44510,42470,49708,46943
NT,328,4521,Fitness instructor,95,46838,44851,38384,37809,49508,47987
NT,329,9510,Apprentice or trainee - business services,18,46532,30321,44856,25113,47563,30432
NT,330,3621,Florist,16,46426,48717,42358,46268,47273,50468
NT,331,5421,Receptionist,974,46417,45452,43355,43681,47879,46790
NT,332,3514,Cook,580,46352,46576,45329,47162,48407,48131
NT,333,4515,Personal care consultant,10,45928,47275,36305,35377,46307,47482
NT,334,2112,Music professional,42,45764,31726,35596,28801,47068,36473
NT,335,6393,Telemarketer,11,45745,47300,45696,47300,48735,47300
NT,336,9730,Apprentice or trainee - transport and distribution driver,15,45577,43428,36411,26808,46235,43506
NT,337,9550,Apprentice or trainee - financial services,8,45574,51725,41057,50944,46745,52702
NT,338,7211,"Agricultural, forestry or horticultural plant operator",317,45167,37870,41641,39375,48004,41696
NT,339,8112,Cleaner - commercial,1681,44808,42597,41267,39471,46509,44336
NT,340,4221,Education aide,1729,44610,39010,38819,34954,45757,39721
NT,341,8111,Car detailer,129,44554,41756,42519,40806,46039,44589
NT,342,5997,Library assistant,37,44411,43012,41857,41545,45218,44218
NT,343,6216,Service station attendant,39,44373,47368,41126,42301,45798,47368
NT,344,4211,Child carer,2036,44179,44282,42067,43644,45984,46144
NT,345,6391,Model or sales demonstrator,96,44102,41427,40207,38032,46185,43744
NT,346,9313,Apprentice or trainee - information technology technician or telecommunications technical specialist,34,44013,39481,41339,37153,45121,41190
NT,347,8313,"Meat, poultry or seafood process worker",74,43520,37684,43399,33826,46824,38670
NT,348,3911,Hairdresser,255,43280,42795,41633,41219,45196,44735
NT,349,2722,Religious leader,136,43210,36551,39229,34569,46401,38646
NT,350,8114,Housekeeper,921,43209,42937,42858,42377,44975,44345
NT,351,8393,Product quality controller,12,43009,30079,44277,32536,45819,33304
NT,352,8116,Other cleaner,443,43007,38628,38753,36430,44377,39776
NT,353,4319,Other hospitality worker,758,42430,40698,41156,40352,44258,42651
NT,354,6219,Other sales assistant or salesperson,496,42066,39909,39291,38675,43180,40879
NT,355,2492,Private teacher or tutor,129,42033,33853,32774,21808,44069,34013
NT,356,9351,Apprentice or trainee - food trades worker,104,41829,42040,42031,42405,43220,42510
NT,357,4511,Beauty therapist,199,41614,41335,37916,38638,42873,42881
NT,358,9621,Consultant - sales assistant (retail),186,41341,39141,38790,38057,42634,41082
NT,359,4311,Bar attendant or barista,1060,41199,38945,39804,38817,42620,40615
NT,360,6392,Retail or wool buyer,46,40822,35871,38961,33316,43125,37042
NT,361,7114,Photographic developer and printer,7,39965,44081,43986,46460,43993,46460
NT,362,6211,Sales assistant - general,2660,39922,37243,36297,33412,40975,37992
NT,363,9899,"Apprentice or trainee - deck or fishing hand, or autoglazier",13,39682,38720,38569,37604,41292,38720
NT,364,4524,Sportsperson,146,39295,34666,35947,32943,41418,36418
NT,365,8512,Pastry cook's assistant,85,39190,39919,38396,37468,40721,40510
NT,366,9392,Apprentice or trainee - printer or graphic artist,6,39019,44715,36076,45736,40119,45915
NT,367,9831,"Apprentice or trainee - food, drink or meat processor",9,38808,32194,31326,15806,39750,32194
NT,368,9333,Apprentice or trainee - tiler or plasterer,11,38529,33170,37431,34234,39894,34608
NT,369,8912,Shelf filler,182,38341,35275,36664,32953,40062,36226
NT,370,6214,Pharmacy sales assistant,252,38296,37136,35835,36651,39330,38884
NT,371,8113,Cleaner - domestic,139,37872,34157,31033,26254,39223,39584
NT,372,8321,Packer,158,37824,36356,36611,36658,39705,39055
NT,373,2114,Visual arts and crafts professional,56,37297,31145,25953,19377,38077,31830
NT,374,8513,Kitchen hand,1024,36968,34607,35425,31172,38431,35624
NT,375,4518,Other personal service worker,100,36941,30896,34395,26422,38930,32160
NT,376,3932,Clothing trades worker,17,36165,37504,35090,40606,37547,37882
NT,377,6311,Checkout operator or office cashier,1569,35383,31468,32813,28766,36420,32379
NT,378,4312,Café worker,412,34811,31746,32527,27033,35816,32169
NT,379,4315,Waiter,1130,34464,33373,34064,31525,36036,34511
NT,380,9420,Apprentice or trainee - care and community services,49,34175,25757,25782,15595,35373,26155
NT,381,9452,Apprentice or trainee - sport and recreation,50,33283,28929,23554,19178,33994,28929
NT,382,4116,Massage therapist,106,33021,31877,30125,29244,33964,32568
NT,383,9410,Apprentice or trainee - health and welfare support services,30,33012,29992,28281,17865,34557,30011
NT,384,9811,Apprentice or trainee - cleaning services,89,32892,26770,25697,18153,34345,26770
NT,385,9431,Apprentice or trainee - hospitality,29,31046,25775,31754,29952,33645,28918
NT,386,3921,"Binder, finisher or screen printer",13,30518,27485,27047,20491,31019,27485
NT,387,9391,Apprentice or trainee - hair dresser,40,30358,33335,31722,33077,32379,34796
NT,388,9741,Apprentice or trainee - storeperson,26,27203,26369,18792,11296,27775,26369
NT,389,8511,Fast food cook,536,26915,20475,26406,18975,27753,20731
NT,390,9362,Apprentice or trainee - horticultural trades worker,27,23925,26820,22616,17415,25220,28220
NT,391,9841,"Apprentice or trainee - farm, forestry or garden worker",14,23221,23710,21485,17820,25294,25616
QLD,1,2535,Surgeon,909,526784,446018,268142,215079,550432,471455
QLD,2,2532,Anaesthetist,817,472025,442221,300462,296368,490899,460280
QLD,3,2533,Internal medicine specialist,1911,384089,357668,289580,270296,400787,377247
QLD,4,2534,Psychiatrist,658,311808,294512,249301,231109,325925,307054
QLD,5,1333,"Importer, exporter or wholesaler",530,303720,82089,84232,70074,308039,86107
QLD,6,2539,Other medical practitioners,7479,260333,165972,210615,153223,275010,180131
QLD,7,2222,Financial dealer,511,240217,153624,219866,136406,249953,162520
QLD,8,2336,Mining engineer,2741,214749,188206,192130,177895,219998,193384
QLD,9,2712,Judicial or other legal professionals,740,208702,127364,176615,109407,214451,133573
QLD,10,1332,Engineering manager,4853,193931,162459,171772,156684,200031,168561
QLD,11,2523,Dental practitioner,2315,172257,129758,118650,104000,181912,139188
QLD,12,2531,General medical practitioner,9315,167483,137521,144205,126349,177847,147547
QLD,13,2344,Geologist or geophysicist,1886,161029,139844,145483,133671,164884,143351
QLD,14,1335,Production manager,3807,160514,127687,142191,123366,165164,131881
QLD,15,9250,Consultant - medical,199,160043,79224,99487,73308,205568,84047
QLD,16,1111,Chief executive officer or managing director,42101,158851,92211,107110,77884,165140,97646
QLD,17,2311,Air transport professionals,4588,155832,140783,151158,137141,164423,148896
QLD,18,2331,Chemical or materials engineer,1940,151045,128200,137911,125125,154881,131590
QLD,19,2252,IT sales professional,3253,149818,110467,131061,109469,155737,116617
QLD,20,1351,IT manager,11576,148622,132600,140758,131156,153035,136882
QLD,21,1343,School principal,2741,147470,140767,147310,144051,153167,146463
QLD,22,3992,"Chemical, gas, petroleum or power generation plant operator",2493,144372,130584,139614,130127,148054,133984
QLD,23,9233,Consultant - engineering,2319,144151,113353,120715,108204,149562,117883
QLD,24,2243,Economist,552,143836,125736,133969,122167,147928,129153
QLD,25,9224,Consultant - management,4122,142762,116648,124483,108295,148646,122160
QLD,26,3129,Other building or engineering technician,7134,142386,138116,137247,135418,146646,143243
QLD,27,9261,Consultant - IT business analyst,2645,141389,127645,133103,125500,145642,131397
QLD,28,2339,Other engineering professional,5243,141370,121594,129837,118773,146181,126421
QLD,29,2333,Electrical engineer,6921,137613,131627,132610,129010,142188,136066
QLD,30,2713,Solicitor,12329,136933,111970,121634,107218,141818,115614
QLD,31,2711,Barrister,373,135131,63687,70477,35910,140560,67667
QLD,32,7122,"Driller, miner or shot firer",17417,135044,134199,133711,135441,139654,138805
QLD,33,2332,Civil engineering professional,14253,134732,119634,127795,117115,139298,123819
QLD,34,1323,Human resource manager,5776,134582,115858,126686,114468,138838,119649
QLD,35,7313,Train or tram driver,3266,134476,138956,130616,137334,137867,142397
QLD,36,2223,Financial investment advisor or manager,3620,133380,106892,122022,103803,141588,114107
QLD,37,1112,General manager,53494,133220,97196,111958,90009,138457,101880
QLD,38,1331,Construction manager,16598,132421,114774,121534,112770,139068,120826
QLD,39,9222,Consultant - financial investment,458,132247,97826,117109,92422,138182,102901
QLD,40,1321,Corporate services manager,2274,130044,111837,122101,110009,135057,115963
QLD,41,3422,Electrical distribution trades worker,2807,127817,130797,128340,132236,132304,134404
QLD,42,2335,"Industrial, mechanical or production engineer",9055,127005,113630,122481,112538,130961,117539
QLD,43,2631,Computer network professional,4987,125650,114048,119675,112832,129529,117874
QLD,44,2613,Software and applications programmer,18895,124414,115876,116922,114383,127724,118764
QLD,45,1325,Research and development manager,1785,123765,104010,112037,102321,128323,107804
QLD,46,9133,Consultant - construction manager,312,123500,111309,113984,109340,130928,118948
QLD,47,1324,Policy and planning manager,6177,122694,117996,117369,117703,125652,120480
QLD,48,2633,Telecommunications engineering professional,960,121285,114894,118922,114831,125195,119113
QLD,49,2312,Marine transport professional,3194,121270,104031,113387,100219,126226,108700
QLD,50,2245,Land economist or valuer,1140,120698,105188,119768,106606,130501,113956
QLD,51,1322,Finance manager,11965,120057,90563,109131,87400,124467,94831
QLD,52,4111,Ambulance officer or paramedic,5376,119868,125931,120447,128246,124326,130389
QLD,53,2611,IT business or systems analyst,7391,119629,111065,114807,109412,122906,114026
QLD,54,1336,Supply and distribution manager,4255,119158,101836,113788,101411,123315,106447
QLD,55,2322,Cartographer or surveyor,2409,117960,111182,112261,109028,122113,114773
QLD,56,4413,Police,12951,117338,115588,114065,115183,121500,119562
QLD,57,2334,Electronics engineer,1155,117286,109353,110383,105834,121445,112427
QLD,58,1311,Advertising and sales manager,31456,116709,95656,109862,93600,122473,101016
QLD,59,2513,Occupational and environmental health professional,3803,116601,105392,112607,104796,121028,109174
QLD,60,3126,Safety inspector,1854,115225,107267,110412,106395,120080,112222
QLD,61,3123,Electrical engineering draftsperson or technician,3227,115208,110363,111806,109484,119988,115292
QLD,62,9232,Consultant - urban and regional planner,133,114530,97655,98955,87863,118451,99585
QLD,63,5122,Practice manager,8748,114177,87038,99135,82655,119137,91158
QLD,64,7121,"Crane, hoist or lift operator",2365,113889,109275,110834,108981,120006,115335
QLD,65,1499,"Other hospitality, retail or service manager",6534,111417,97498,107827,98131,115731,101776
QLD,66,3411,Electrician,19736,111029,105218,108631,104495,116481,110642
QLD,67,3232,Metal fitter or machinist,17583,110655,105600,110006,106358,115346,110138
QLD,68,2347,Veterinarian,2672,110403,94812,93937,89921,116305,100097
QLD,69,3231,Aircraft maintenance engineer,3743,110308,100567,107087,99020,115164,104908
QLD,70,2221,Financial broker,4056,109990,84991,99385,82595,115357,89851
QLD,71,1392,Senior non-commissioned defence force member,1875,109865,105328,92674,102020,113391,108930
QLD,72,2212,"Auditor, company secretary or corporate treasurer",3828,109668,93506,104428,92204,113440,97562
QLD,73,3211,Automotive electrician,3618,109468,102155,106363,100617,114736,107287
QLD,74,4412,Fire or emergency service worker,3880,109389,108089,105064,107519,114094,112826
QLD,75,2211,Accountant,27934,108988,91434,101767,89072,113581,95627
QLD,76,5996,"Insurance investigator, loss adjuster or risk surveyor",454,108481,88469,105513,88927,113312,92080
QLD,77,2326,Urban and regional planner,2467,108380,100448,103594,99150,111855,102793
QLD,78,1113,Legislator,1023,107609,85727,102251,83813,118733,92315
QLD,79,2247,Management and organisation analyst,3189,107565,96174,101748,93925,110961,99570
QLD,80,2254,Technical sales representative,6003,107492,95454,102368,93862,114824,102309
QLD,81,2621,"Database or systems administrator, or IT security specialist",5785,107374,96614,100391,95205,110648,99476
QLD,82,2514,Optometrist or orthoptist,1217,107248,99400,88673,91553,112731,104748
QLD,83,2512,Medical imaging professional,4459,106964,106469,104850,106121,110919,110205
QLD,84,1391,Commissioned officer - management,3458,106169,99924,98079,94810,109763,103102
QLD,85,9251,Consultant - occupational health and safety,748,104782,94847,99268,92912,110184,100054
QLD,86,2321,Architect or landscape architect,3394,104083,87151,91434,84822,108452,90923
QLD,87,6111,"Auctioneer, or stock and station agent",400,103592,80052,99882,83286,110134,83732
QLD,88,2244,Intelligence or policy analyst,2648,102675,99833,98354,97777,105461,102458
QLD,89,9254,Consultant - clinical nurse,491,102559,106009,104007,107264,107231,109967
QLD,90,8219,Other construction or mining labourer,6250,101870,98575,101222,100181,106016,103202
QLD,91,2612,Multimedia specialist or web developer,1425,101855,92447,94020,90867,104744,95444
QLD,92,7212,Earthmoving plant operator,14842,100720,95384,98924,96121,105010,100102
QLD,93,3125,Mechanical engineering draftsperson or technician,2243,100490,93165,98012,93042,103885,95817
QLD,94,9223,Consultant - human resources,2069,100044,90496,96374,89232,103818,94012
QLD,95,2253,Public relations officer,3337,99907,90494,93151,88918,102932,93409
QLD,96,3132,Telecommunications technical specialist,1160,99637,94216,96948,94463,103280,98868
QLD,97,2543,Nursing supervisor or manager,1132,99376,101673,98174,102307,103594,105233
QLD,98,3121,"Architectural, building or surveying technician",13288,99304,90585,96705,91000,104074,94879
QLD,99,3124,Electronic engineering draftsperson or technician,918,98853,91064,93812,89784,102771,94244
QLD,100,1494,Transport services manager,4809,98612,89623,94885,89918,103055,93819
QLD,101,9442,"Consultant, apprentice or trainee - security and correctional services",242,98362,84133,91474,82543,102355,88325
QLD,102,7129,Other stationary plant operator,5291,97876,92875,96479,93572,101217,96470
QLD,103,2121,"Artistic director, media producer or presenter",1568,97115,82271,87501,79563,101908,86943
QLD,104,2241,"Actuary, mathematician or statistician",2428,96353,90602,93927,90442,99052,92716
QLD,105,9612,Consultant - real estate representative,686,95054,60744,89565,61646,101677,67087
QLD,106,6213,Motor vehicle and vehicle parts salesperson,2702,94745,87253,92558,88047,98761,91581
QLD,107,1399,Other specialist manager,5899,94662,85359,91665,85115,98062,88942
QLD,108,8216,Railway track worker,1755,94482,91559,92551,91950,99233,96979
QLD,109,2349,Other natural or physical science professional,2450,94384,76324,88537,75603,98041,80722
QLD,110,5995,Inspector or regulatory officer,3801,94102,90330,91492,90471,97323,93376
QLD,111,2421,University lecturer or tutor,12486,93553,88277,84717,81791,97425,92059
QLD,112,3421,Air conditioning and refrigeration mechanic,4071,93044,90769,90917,91898,99031,96542
QLD,113,2233,Training and development officer,2553,92444,85616,87764,84944,96164,89275
QLD,114,2342,"Chemist, or food and wine scientist",2108,92412,85737,88411,85393,95052,88466
QLD,115,6121,Real estate sales agent,17516,92087,65501,86473,65733,99888,71500
QLD,116,4421,Prison officer,4781,92075,89425,90951,90889,95968,93180
QLD,117,2414,Secondary school teacher,34316,91633,95477,90392,96873,95171,99102
QLD,118,2345,Life scientist,3433,91577,89254,87312,87211,94325,91543
QLD,119,2632,IT support or test engineer,3781,91092,82099,88840,82147,93967,84923
QLD,120,8217,Structural steel construction worker,9242,90745,85259,90185,86579,97413,92274
QLD,121,3122,Civil engineering draftsperson or technician,3408,90592,84962,88668,85005,93677,87901
QLD,122,2723,Psychologist,4969,90527,84859,76171,74245,95409,89688
QLD,123,2346,Medical laboratory scientist,3040,90512,88891,87608,88462,93007,90958
QLD,124,7123,Metal press operator,721,90155,85234,88055,85450,92262,87510
QLD,125,9225,Consultant - marketing and public relations,1693,90085,73917,81422,70805,94760,78096
QLD,126,2231,Human resource professional,13573,90035,76066,84970,75655,93193,78879
QLD,127,3423,Electronic equipment trades worker,5569,89692,79767,85662,78743,93017,83099
QLD,128,2542,Nurse educator or researcher,1512,89470,89057,87394,89385,93996,93829
QLD,129,3212,Motor mechanic,25911,88890,79926,88709,81317,93427,84184
QLD,130,2343,Environmental scientist,7033,88624,81752,84451,81225,91534,84733
QLD,131,2515,Pharmacist,6328,88299,85060,77526,79707,92709,88966
QLD,132,2526,Podiatrist,747,87796,81888,77961,78730,92302,86154
QLD,133,3223,Structural steel or welding trades worker,18776,87764,81486,87983,82929,92091,85720
QLD,134,2521,Chiropractor or osteopath,675,87152,78216,71415,67061,92667,82671
QLD,135,5522,Credit or loans officer,1858,86497,75280,83919,75430,89789,78220
QLD,136,3424,Telecommunications trades worker,3232,85898,80319,82615,80570,89823,84636
QLD,137,3341,Plumber,11263,85357,82886,82079,84042,91380,88679
QLD,138,2251,Advertising and marketing professional,11022,85224,73550,80910,72906,88720,76664
QLD,139,2413,Middle school teacher,2290,85019,88916,81384,89355,88416,92507
QLD,140,2410,School teacher - type not specified,6148,84851,81155,73368,77471,89312,85379
QLD,141,3234,Toolmaker or engineering patternmaker,239,83840,79748,77708,78671,87004,81379
QLD,142,2124,Journalist or other writer,2214,83661,77945,77948,76121,87212,81011
QLD,143,5521,"Bank teller, officer or employee",10068,83456,72720,81629,72401,86289,74946
QLD,144,5412,Inquiry clerk,913,83035,79089,79665,77992,85460,81383
QLD,145,2341,Agricultural or forestry scientist,2609,82587,78503,79777,78022,85682,81984
QLD,146,2541,Midwife,4766,82457,81825,80586,81739,86134,85435
QLD,147,7112,Industrial spray painter,1539,82409,77339,83222,78923,86346,80834
QLD,148,9234,Consultant - environmental,624,82389,72358,77247,71384,86188,75885
QLD,149,2412,Infant or primary school teacher,39410,82275,86527,80331,87298,85538,89966
QLD,150,7119,Other machine operator,9745,81928,73726,80710,73851,84954,76878
QLD,151,2123,"Film, television radio or stage director",1800,81779,71048,72100,68540,86020,74956
QLD,152,2525,Physiotherapist,6464,81712,79035,75043,76633,86282,83274
QLD,153,2527,Speech professional or audiologist,3244,81472,79565,76143,77604,85481,83562
QLD,154,4411,Defence force member - other ranks,8893,81023,78268,73864,75656,84453,82022
QLD,155,6112,Insurance agent or salesperson,2073,80978,66563,74723,66718,84046,69484
QLD,156,2323,"Fashion, industrial or jewellery designer",1246,80913,74014,76292,72894,83888,76380
QLD,157,2511,Dietician,1591,80831,69746,68128,66183,84509,72521
QLD,158,1414,Licensed club manager,770,80500,70655,79445,71807,83929,73592
QLD,159,2544,Registered nurse,75170,80415,79102,79054,79291,83685,82279
QLD,160,2491,Education advisor or reviewer,2894,79889,77648,76704,75751,83715,81549
QLD,161,7331,Truck driver,41666,79834,78778,79395,79673,85108,83195
QLD,162,5523,"Insurance, money market or statistical clerk",6221,79675,70431,76823,70448,82343,72776
QLD,163,3312,Carpenter and joiner,18862,79073,74225,76716,76825,86423,82021
QLD,164,1341,Child care centre director,2311,78872,75444,74306,77241,82676,79957
QLD,165,2524,Occupational therapist,5121,78785,76337,72551,73705,82373,79989
QLD,166,1342,Health and welfare services manager,11272,78575,67013,74268,65813,81879,69903
QLD,167,1344,Other education manager,3514,78199,68903,74343,66707,81430,71317
QLD,168,5310,Public servant - administrative service officer - levels 3-4,5729,78081,74964,74981,74530,80248,76699
QLD,169,4112,"Dental hygienist, technician or therapist",1543,78031,74864,71848,72499,81639,78828
QLD,170,1413,Hotel or motel manager,3184,77834,67911,73111,67957,81864,71243
QLD,171,2415,Special needs teacher,4327,77813,80315,75521,80084,81232,84558
QLD,172,7219,Other mobile plant operator,3027,77738,68868,76401,69315,81196,71726
QLD,173,1334,Manufacturer,4676,77359,68750,75284,69880,80191,71731
QLD,174,5610,Public servant - administrative service officer - levels 1-2,2103,76908,72242,71567,70979,79382,74184
QLD,175,2249,Other information and organisation professional,2350,76906,73075,71697,71224,79899,76633
QLD,176,2519,Other health diagnostic and promotion professionals,708,76896,69313,71791,68847,80032,72534
QLD,177,3222,Sheetmetal trades worker,1792,76865,73811,75663,74815,81043,77532
QLD,178,7111,"Clay, concrete, glass or stone processing machine operator",1359,76713,72381,75673,73073,79769,75090
QLD,179,9221,Consultant - tax accountant,1078,76647,62252,69093,62823,81401,68039
QLD,180,8215,Paving and surfacing labourer,3454,76203,73934,75262,74543,79879,77649
QLD,181,9712,Apprentice or trainee - miner,198,76196,72130,75131,73102,79538,74761
QLD,182,3113,Primary products inspector,1514,75697,75410,74006,76065,78332,77763
QLD,183,2246,Librarian,1401,75596,76495,72450,75366,78297,78929
QLD,184,5111,"Contract, program or project administrator",57747,75282,68595,72000,68087,77599,70609
QLD,185,2324,"Graphic or web designer, or illustrator",6143,74993,66131,67809,64866,77429,68443
QLD,186,2725,Social worker,9273,74849,72888,72222,72871,78042,76101
QLD,187,2242,"Archivist, curator or records manager",2217,74615,68507,68882,66148,77936,70554
QLD,188,9611,Consultant - sales representative (wholesale),816,74613,65979,71385,66244,78560,69560
QLD,189,5513,Payroll clerk,3223,74580,71969,71993,71874,76600,73696
QLD,190,5912,Receiving and dispatching clerk,3930,74437,69882,72268,70332,76857,72389
QLD,191,2422,TAFE teacher or tutor,4103,74323,75302,70429,75017,78261,80226
QLD,192,8992,Deck or fishing hand,2073,73122,58766,69814,57790,76759,61509
QLD,193,3331,Glazier,2103,73007,69456,71515,71115,77633,73342
QLD,194,8212,Concreter,5966,72713,68807,69732,68700,77888,74251
QLD,195,5211,Personal assistant,7576,72603,70091,67939,69506,75338,72644
QLD,196,9599,"Consultant, apprentice or trainee - justice and legal services, insurance claims investigation",334,72223,68503,68538,68929,75397,71759
QLD,197,3994,Jeweller,368,72049,63807,57883,59280,74858,65604
QLD,198,5121,Office administrator or manager,48136,71592,62755,60728,59527,74273,65207
QLD,199,1419,Other accommodation or hospitality manager,393,71215,63452,68757,63570,74611,66591
QLD,200,2325,Interior designer,1320,70986,63802,64255,61410,74238,66614
QLD,201,8996,Rubbish or recycling collector,515,70910,72754,67986,71580,73053,74639
QLD,202,3332,Plasterer,3924,70360,65415,66525,65899,76633,72006
QLD,203,3241,Panel beater,1750,70348,68140,68681,68743,73737,71436
QLD,204,4524,Sportsperson,3043,70149,40679,66034,37444,74975,43121
QLD,205,5511,Accounting clerk,16668,69983,64028,63977,63424,72346,66009
QLD,206,3111,Agricultural technician,783,69946,62193,68476,64205,73264,65489
QLD,207,3311,Bricklayer or stonemason,2563,69916,66750,68175,68686,75764,72334
QLD,208,3999,Other miscellaneous technician and trades worker,6677,69897,61581,66709,61416,73067,64394
QLD,209,3996,Signwriter,711,69642,64658,64476,65211,72991,67376
QLD,210,2112,Music professional,816,69529,52307,48915,36878,73413,55477
QLD,211,2122,"Author, or book or script editor",215,69460,58833,57307,51084,72152,62189
QLD,212,3233,Precision metal trades worker,651,69334,64495,64306,63443,72121,67606
QLD,213,8911,Freight or furniture handler,3046,69079,59865,67010,59980,71914,61887
QLD,214,9552,Consultant - insurance (clerical),389,68977,65205,67100,65815,70882,67236
QLD,215,6113,Sales representative,36150,68781,60222,65598,59883,71917,62792
QLD,216,1492,Call or contact centre or customer service manager,20002,68649,63394,66153,63465,71155,66086
QLD,217,5991,Conveyancer or legal executive,2907,68578,62183,66147,62423,71137,64469
QLD,218,3131,IT support technician,6682,68334,64483,66090,64432,70432,66376
QLD,219,2721,Counsellor,3618,68172,65697,63517,63907,71654,69274
QLD,220,3114,Science technician,4660,67920,65671,65920,65787,69852,67583
QLD,221,3243,Vehicle painter,1628,67789,67327,67683,68233,70627,69935
QLD,222,7113,Paper or wood processing machine operator,1291,67669,62461,67091,63252,69627,64291
QLD,223,3923,Printer,699,67538,65372,64517,65546,69778,66535
QLD,224,3242,Vehicle body builder or trimmer,710,67474,66932,66758,68635,70693,70822
QLD,225,5999,Other miscellaneous clerical or administrative worker,4973,67231,61558,56317,57191,70216,64567
QLD,226,5994,Human resource clerk,1199,67020,65452,64098,64205,68937,66851
QLD,227,4516,Tourism or travel adviser,2763,66761,61035,63706,61233,70272,64562
QLD,228,4422,Security officer or guard,11221,66671,65619,64007,66467,69614,68830
QLD,229,2726,"Welfare, recreation or community arts worker",893,66605,62469,62959,62240,69431,65101
QLD,230,4517,Travel attendant,2618,66538,60793,62154,59390,70672,64992
QLD,231,1491,"Amusement, fitness or sports centre manager",1278,66257,59033,60964,59002,69698,62150
QLD,232,3995,Performing arts technician,1989,66215,62300,59082,58431,69953,65953
QLD,233,3321,Floor finisher,1012,66123,60780,59823,57325,69351,64884
QLD,234,3922,Graphic pre-press trades worker,181,66091,64460,63101,63816,67837,65864
QLD,235,7115,Plastics or rubber production machine operator,1069,66056,61599,65411,61936,68659,63375
QLD,236,3991,Boat builder or shipwright,1263,65820,63583,64943,64926,69593,67834
QLD,237,1421,Retail manager,27698,65665,60656,62429,60396,68352,63149
QLD,238,1493,Conference and event organiser,4052,65456,63209,62363,63101,68318,66162
QLD,239,2411,Pre-school or kindergarten teacher,3793,65140,62769,61483,61830,67913,65684
QLD,240,2724,Social professionals,1297,64915,49169,52386,41562,68154,53688
QLD,241,3334,Wall and floor tiler,2092,64828,60767,58616,58264,69702,65461
QLD,242,3941,Cabinet maker,4273,64777,63376,62960,64612,68606,67325
QLD,243,5911,Purchasing or supply logistics clerk,18233,64600,61780,62047,61698,66691,63779
QLD,244,6212,IT sales assistant,816,64473,51497,62979,51699,66489,53245
QLD,245,4513,Funeral worker,774,64312,59738,57058,58106,67153,63138
QLD,246,8994,Motor vehicle parts and accessories fitter,3620,64185,59237,63613,60360,66763,61282
QLD,247,1412,Caravan park manager,587,63976,53430,52389,51469,67317,56649
QLD,248,5992,Court or legal clerk,3130,63871,58455,59803,57971,65917,61084
QLD,249,3333,Roof tiler,752,63162,55271,57021,53985,67482,59397
QLD,250,8214,Insulation or home improvement installer,1489,62501,59444,58769,59084,65766,62479
QLD,251,5212,Secretary,4962,62288,57879,54640,55642,64508,59839
QLD,252,4314,Hotel service manager,1348,61674,59250,59788,59201,63865,61165
QLD,253,3623,Greenkeeper,570,61569,59569,56981,60162,64270,62167
QLD,254,7213,Forklift driver,7859,61434,61090,60184,61388,63525,62963
QLD,255,4115,Aboriginal and Torres Strait Islander health worker,966,60894,58406,58417,58194,63172,60930
QLD,256,4512,Driving instructor,355,60524,60743,57677,61010,63733,65089
QLD,257,1213,Livestock farmer,3807,60345,56025,58892,58290,66596,62309
QLD,258,3993,"Gallery, library or museum technician",898,60175,62158,57875,61294,62378,63783
QLD,259,3933,Upholsterer,443,59804,57046,55252,56902,61673,58871
QLD,260,3221,"Metal casting, forging or finishing trades worker",278,59687,61135,58992,61075,62892,63145
QLD,261,3512,Butcher or smallgoods maker,3066,59581,58508,57310,59301,62109,61104
QLD,262,8391,Metal engineering process worker,2680,59289,56876,57952,57593,61156,58810
QLD,263,5512,Bookkeeper,6601,59144,52073,47652,45339,62292,55400
QLD,264,1411,Café or restaurant manager,10248,59109,54030,53506,53623,61764,56507
QLD,265,4234,Special care worker,1643,59036,58167,57284,57959,62534,61860
QLD,266,3942,Wood machinist or other wood trades worker,613,58863,57537,56984,57801,61107,59663
QLD,267,5311,Administration assistant or office worker,68478,58814,53235,49756,49837,60851,55107
QLD,268,8211,Building or plumbing labourer,23827,58692,53221,56586,53488,62553,57018
QLD,269,5616,Switchboard operator,299,58328,57381,54569,56487,59513,57876
QLD,270,9323,Apprentice or trainee - mechanical trades engineering trades worker,1819,58268,53613,59488,55499,61519,57037
QLD,271,3322,Painting trades worker,5541,57699,55372,53937,56655,62271,61218
QLD,272,1211,Aquaculture farmer,752,57393,45518,54135,46301,60500,48252
QLD,273,5993,Debt collector,955,57027,57744,55945,58126,58968,60372
QLD,274,7312,Bus or coach driver,8373,56843,55101,51621,52236,59212,57783
QLD,275,3511,Baker or pastrycook,3252,56805,58875,54293,58524,58335,60267
QLD,276,3112,Medical technician,7564,56661,52781,54267,52336,58563,54347
QLD,277,7114,Photographic developer and printer,166,56495,51854,52481,50559,59270,55904
QLD,278,6215,Retail supervisor,5227,56427,52272,54339,52309,58291,54169
QLD,279,5612,Courier or postal deliverer,5147,56402,56650,53688,56584,58544,58734
QLD,280,2493,Teacher of English to speakers of other languages,648,56389,53845,53555,51742,58438,56257
QLD,281,4114,Enrolled or mothercraft nurse,7050,56377,55722,55385,56421,59109,58472
QLD,282,8999,Other miscellaneous labourers,41390,56086,51171,53365,50681,58888,54035
QLD,283,8392,Plastics or rubber factory worker,700,55812,53188,53972,52804,57344,54587
QLD,284,5321,Keyboard operator,2827,55794,54013,51400,52607,57752,55890
QLD,285,6394,Ticket seller,2059,55633,53226,53720,53114,57210,54440
QLD,286,3513,Chef,24892,55316,55735,54762,56534,57597,58142
QLD,287,2114,Visual arts and crafts professional,497,55222,49316,47726,42888,57501,50400
QLD,288,8311,Food or drink factory worker,9824,55116,52767,53698,52934,57196,54749
QLD,289,5411,Call or contact centre worker,11019,55002,54614,52861,54559,56415,56367
QLD,290,4117,Welfare support worker,44435,54833,52240,50756,49787,58478,56028
QLD,291,4313,Gaming worker,1005,54626,55366,52864,55310,56050,56691
QLD,292,9341,Apprentice or trainee - electrician,8369,54610,47786,55840,50089,59421,52762
QLD,293,3931,Canvas or leather goods maker,188,54540,52824,51185,52928,56453,53941
QLD,294,5614,Mail sorter,1475,54039,54037,50770,53934,55880,56433
QLD,295,3921,"Binder, finisher or screen printer",580,54029,54240,52357,53611,55488,55199
QLD,296,9550,Apprentice or trainee - financial services,124,53987,52751,48984,52279,55587,54881
QLD,297,8312,"Meat boners and slicer, or slaughterer",4842,53839,55333,56584,59000,58031,59787
QLD,298,8399,Other factory process worker,13233,53180,49371,51462,49611,55020,51267
QLD,299,8213,Fencer,1081,52774,51230,50062,49500,55948,53890
QLD,300,7411,Storeperson,36335,52274,52231,50278,51985,53797,53678
QLD,301,2522,Complementary health therapist,964,51883,44873,45205,42566,55201,47355
QLD,302,3613,Veterinary nurse,3383,51690,51960,50092,51902,53626,53899
QLD,303,2113,Photographer,1206,51527,45288,40840,36394,54442,48921
QLD,304,9451,"Consultant, apprentice or trainee - personal service or travel",669,51265,47464,49070,46746,53527,49603
QLD,305,7117,Textile or footwear production machine operator,249,51113,47877,47663,46821,53169,49343
QLD,306,6392,Retail or wool buyer,1590,51094,38926,48166,36537,52653,39726
QLD,307,9342,Apprentice or trainee - electronics or telecommunications trades worker,1822,50912,47458,52253,49716,55203,51516
QLD,308,8394,Timber or wood process worker,2312,50734,49911,48537,50255,52201,51468
QLD,309,5611,Betting clerk,203,50435,41494,42475,37233,52122,41741
QLD,310,9730,Apprentice or trainee - transport and distribution driver,138,50414,44149,49843,44614,53590,50281
QLD,311,8393,Product quality controller,612,50197,44609,48310,45106,52640,46524
QLD,312,6395,Window dresser,37,49923,51010,51907,54315,54359,54475
QLD,313,9530,Apprentice or trainee - clerical services,126,49642,37638,34184,27443,50606,38232
QLD,314,5997,Library assistant,1176,49161,50817,46290,48472,50639,52163
QLD,315,8993,Handyperson,2391,49093,47186,43124,44575,52017,50057
QLD,316,9322,Apprentice or trainee - metal fabrication engineering trades worker,1610,49023,45745,50285,48013,51641,48951
QLD,317,3624,Nurseryperson,2140,48919,46309,44465,44973,50551,47410
QLD,318,8322,Assembly line worker,6760,48807,49494,47227,49644,50472,51216
QLD,319,3932,Clothing trades worker,385,48736,43777,42534,40237,50886,44534
QLD,320,9313,Apprentice or trainee - information technology technician or telecommunications technical specialist,447,48167,45795,46921,45694,49856,47759
QLD,321,4233,Nursing support or personal care worker,23181,47946,47094,46311,46596,50057,49296
QLD,322,8991,Caretaker,995,47898,47515,43339,46776,50251,50379
QLD,323,9324,Apprentice or trainee - automotive - other,845,47570,43383,48554,45278,50435,46116
QLD,324,2492,Private teacher or tutor,3858,47467,38932,38332,26899,49679,40426
QLD,325,4231,Aged or disabled carer,39874,47411,44388,43482,41518,50552,47180
QLD,326,8313,"Meat, poultry or seafood process worker",9768,47027,47543,48505,50987,50483,51911
QLD,327,2111,"Actor, dancer or other entertainer",2452,46463,34541,33407,20460,49839,36873
QLD,328,5619,Other clerical or office support worker,1153,46261,43815,42095,41802,48094,46416
QLD,329,9899,"Apprentice or trainee - deck or fishing hand, or autoglazier",189,45903,44032,44434,43609,47732,45901
QLD,330,4522,Outdoor adventure guide,736,45876,42520,44425,42591,48990,45818
QLD,331,9410,Apprentice or trainee - health and welfare support services,294,45703,42237,39247,36964,48455,45283
QLD,332,3611,Animal attendant or trainer,3337,45210,42801,41753,40935,47105,44654
QLD,333,4521,Fitness instructor,3974,45190,38866,33955,28382,47578,41027
QLD,334,4523,"Sports coaches, instructors and officials",7350,44909,34157,37807,27638,47296,35896
QLD,335,9392,Apprentice or trainee - printer or graphic artist,97,44904,46345,42691,46195,45955,46345
QLD,336,9321,Apprentice or trainee - automotive mechanic or electrician,5641,44856,41202,46358,43384,48234,44533
QLD,337,9334,Apprentice or trainee - plumber,2831,44550,41661,46052,44285,49445,46616
QLD,338,8995,Printing assistant or table worker,315,44505,44880,40931,43483,45792,45564
QLD,339,7211,"Agricultural, forestry or horticultural plant operator",11625,44226,40280,43192,40079,47258,43280
QLD,340,5421,Receptionist,23177,44217,42815,40003,40269,45511,44122
QLD,341,4113,Diversional therapist,458,44162,44968,43231,43904,46173,46878
QLD,342,4514,"Gallery, museum or tour guide",1197,43842,40517,38352,36985,45742,42195
QLD,343,3911,Hairdresser,7713,43589,42105,38712,39187,45316,43978
QLD,344,8997,Vending machine attendant,520,43445,45097,41048,42632,44602,45981
QLD,345,4232,Dental nurse or assistant,7790,43413,43389,40159,41620,44827,44816
QLD,346,7321,Delivery driver,13014,43258,41215,39874,38000,45027,43200
QLD,347,6217,Street vendor or related salesperson,283,43149,39848,42409,38128,45957,42802
QLD,348,6216,Service station attendant,1196,43087,41744,38809,39601,44412,42982
QLD,349,6391,Model or sales demonstrator,3833,43073,38090,37607,33344,45832,40825
QLD,350,8300,Factory or process worker - type not specified,8,42831,41051,51487,49527,48074,47838
QLD,351,5613,Filing clerk,116,42806,37986,36531,26555,43639,38611
QLD,352,9311,Apprentice or trainee - agricultural or medical technician,206,42751,38282,41114,38257,45029,40044
QLD,353,9393,"Apprentice or trainee - textile, clothing or footwear trades worker",93,42740,39402,41348,40002,44254,42105
QLD,354,7116,Sewing machinist,1111,42700,44264,39654,43332,43750,45251
QLD,355,8115,Laundry worker,2882,42627,43023,40067,41667,44001,44582
QLD,356,4221,Education aide,25407,42365,40678,37629,38401,44212,42151
QLD,357,4211,Child carer,42992,42331,42756,39794,41106,43723,44175
QLD,358,3621,Florist,826,42225,39741,36127,35774,43663,41601
QLD,359,8116,Other cleaner,9263,41812,39528,38035,36120,43400,41165
QLD,360,9399,Apprentice or trainee - miscellaneous technicians or trades worker,476,41712,39120,40873,39772,43554,41009
QLD,361,4515,Personal care consultant,151,41264,33259,32028,28135,43028,33627
QLD,362,9331,"Apprentice or trainee - bricklayer, or carpenter and joiner",7612,41144,38831,43243,42559,46791,45260
QLD,363,9362,Apprentice or trainee - horticultural trades worker,782,41005,40639,38888,40054,42643,42313
QLD,364,9394,Apprentice or trainee - wood trades worker,237,40280,38407,40618,39622,42579,40865
QLD,365,6219,Other sales assistant or salesperson,17737,40256,36753,36513,33345,41389,37679
QLD,366,6393,Telemarketer,1347,40094,37702,35644,33299,41305,38607
QLD,367,8111,Car detailer,3795,39845,41232,37429,39490,41070,42465
QLD,368,8112,Cleaner - commercial,30848,39571,38174,35605,34485,41044,39633
QLD,369,9333,Apprentice or trainee - tiler or plasterer,885,39488,38041,39986,39421,43641,42706
QLD,370,7311,Automobile driver,617,39338,33395,31294,23495,42177,36009
QLD,371,9621,Consultant - sales assistant (retail),7368,39143,36880,36335,34167,40206,37776
QLD,372,4511,Beauty therapist,5432,38975,36489,34308,32731,40309,37684
QLD,373,3514,Cook,8988,38821,37977,36940,36198,40139,39348
QLD,374,9351,Apprentice or trainee - food trades worker,2879,38703,39329,38076,39001,39895,40442
QLD,375,5615,Market research interviewer,374,38581,33760,29660,23520,40542,34990
QLD,376,9332,Apprentice or trainee - floor finisher,1118,38557,39274,38705,40007,41508,42237
QLD,377,4518,Other personal service worker,2123,38485,32130,33291,27208,40122,33304
QLD,378,6214,Pharmacy sales assistant,8004,38236,37340,34704,34300,39375,38250
QLD,379,2722,Religious leader,3546,38180,31673,32619,28158,41750,35198
QLD,380,9361,"Apprentice or trainee - animal attendant, trainer or shearer",430,38061,37667,35442,36541,39441,39195
QLD,381,9420,Apprentice or trainee - care and community services,171,37973,33153,33029,27648,40254,35815
QLD,382,8321,Packer,11924,37310,36281,36477,35697,39486,38838
QLD,383,6211,Sales assistant - general,81934,37255,34785,33354,31075,38149,35614
QLD,384,9510,Apprentice or trainee - business services,393,35881,32838,33320,29174,37011,34129
QLD,385,4311,Bar attendant or barista,25625,35837,34421,33126,31750,36726,35272
QLD,386,9741,Apprentice or trainee - storeperson,219,35611,33550,34421,30430,37199,36564
QLD,387,4116,Massage therapist,1884,35464,32743,28403,24951,37326,34348
QLD,388,4319,Other hospitality worker,18212,34653,31118,32311,28273,35736,32242
QLD,389,8912,Shelf filler,5528,34581,33096,31531,30180,35316,33814
QLD,390,8512,Pastry cook's assistant,2712,34523,32860,31424,29138,35375,33747
QLD,391,8114,Housekeeper,10448,34373,33288,31559,29756,35530,34535
QLD,392,9452,Apprentice or trainee - sport and recreation,142,34161,30613,28250,27854,36034,33394
QLD,393,8113,Cleaner - domestic,4686,31897,29770,25271,21226,33268,31010
QLD,394,6311,Checkout operator or office cashier,43451,30535,28154,27766,24519,31159,28702
QLD,395,8513,Kitchen hand,24940,29934,27226,27554,23724,30687,27973
QLD,396,9831,"Apprentice or trainee - food, drink or meat processor",227,29901,27619,33148,29654,35431,32489
QLD,397,9811,Apprentice or trainee - cleaning services,828,29796,25661,24148,17322,31300,27096
QLD,398,4315,Waiter,30639,28766,25776,26361,22821,29445,26430
QLD,399,4312,Café worker,12946,28439,25228,25033,21290,29069,25729
QLD,400,9391,Apprentice or trainee - hair dresser,1633,28427,28573,27264,27803,29720,29908
QLD,401,6200,Sales assistant - type not specified,76,27333,20900,27574,19274,28758,20912
QLD,402,9841,"Apprentice or trainee - farm, forestry or garden worker",599,25887,22736,27965,23938,30833,27045
QLD,403,8412,Crop farm worker,9,24545,23935,25212,24235,25212,24235
QLD,404,9431,Apprentice or trainee - hospitality,954,23579,20267,21507,16486,24560,21048
QLD,405,8511,Fast food cook,21513,23357,19213,21714,17043,23806,19433
SA,1,2535,Surgeon,363,474375,387348,206979,183004,492218,401011
SA,2,2532,Anaesthetist,319,404564,405571,257563,243770,420926,423956
SA,3,2533,Internal medicine specialist,776,350274,331310,240998,221137,364638,342081
SA,4,2534,Psychiatrist,234,266273,258225,203388,200091,278418,272312
SA,5,2539,Other medical practitioners,2059,257593,170939,188712,135286,270051,182930
SA,6,2712,Judicial or other legal professionals,262,209572,139597,180441,118601,217441,157949
SA,7,2336,Mining engineer,613,196775,176969,176894,166005,202101,180856
SA,8,2222,Financial dealer,133,191372,143510,170150,124801,199707,150674
SA,9,1333,"Importer, exporter or wholesaler",216,170289,76632,81297,69225,175679,83888
SA,10,1332,Engineering manager,1743,166632,149702,153470,144870,172022,154737
SA,11,1111,Chief executive officer or managing director,10476,165561,96809,107984,76719,173251,102506
SA,12,2531,General medical practitioner,3178,164494,140501,131084,120000,174026,149562
SA,13,2523,Dental practitioner,697,154723,133715,108986,96955,166680,145230
SA,14,2344,Geologist or geophysicist,700,149747,128397,133257,120703,153921,131523
SA,15,2711,Barrister,95,143916,90557,75666,30843,149841,94412
SA,16,1335,Production manager,1222,137588,113785,125714,108225,141861,118613
SA,17,2311,Air transport professionals,1054,137576,120028,133437,120000,144965,126534
SA,18,1343,School principal,1078,133500,130832,130318,134229,139096,136564
SA,19,2223,Financial investment advisor or manager,1130,130128,106561,115461,100130,137910,115056
SA,20,2713,Solicitor,3513,129981,104428,111601,96338,134953,108346
SA,21,3422,Electrical distribution trades worker,858,128658,134723,126800,135350,133562,140761
SA,22,1351,IT manager,3507,128620,119090,124361,117835,132567,122597
SA,23,2331,Chemical or materials engineer,570,128522,119382,123669,115903,131530,122330
SA,24,2339,Other engineering professional,2137,128467,112018,118336,109006,132679,116117
SA,25,9224,Consultant - management,1128,127384,105074,102853,90487,133056,110285
SA,26,7313,Train or tram driver,754,125599,121311,119639,114917,130358,124849
SA,27,7122,"Driller, miner or shot firer",2886,124873,119342,117606,115210,128636,122869
SA,28,9133,Consultant - construction manager,97,124624,113885,114107,108409,131855,116887
SA,29,1323,Human resource manager,1780,124044,108000,116425,106973,128156,111659
SA,30,2312,Marine transport professional,615,123518,117046,119048,112500,129455,121435
SA,31,1112,General manager,15014,121794,95672,106411,89532,126905,100166
SA,32,2333,Electrical engineer,2047,120528,115839,117389,114339,124518,119638
SA,33,6111,"Auctioneer, or stock and station agent",197,120333,93980,108864,88172,124215,96581
SA,34,1321,Corporate services manager,738,120310,105239,114182,104850,124653,108256
SA,35,2252,IT sales professional,909,120265,101622,115376,102069,125707,107914
SA,36,9261,Consultant - IT business analyst,772,119997,112415,114648,110296,124103,115880
SA,37,4111,Ambulance officer or paramedic,1748,119424,119946,109596,113492,124433,125098
SA,38,1331,Construction manager,4520,118933,106743,112432,104867,125279,112607
SA,39,1324,Policy and planning manager,2238,117756,112709,111490,111804,120386,115029
SA,40,2334,Electronics engineer,792,117169,111644,110894,107195,120306,114313
SA,41,3992,"Chemical, gas, petroleum or power generation plant operator",792,116993,103326,111901,100777,120049,105935
SA,42,9233,Consultant - engineering,609,116535,98571,105363,93809,120922,102881
SA,43,2243,Economist,150,115460,106406,110917,103488,118941,110570
SA,44,2245,Land economist or valuer,343,115236,96502,106666,92658,127133,105342
SA,45,2332,Civil engineering professional,3284,114004,100085,109227,99999,117918,103785
SA,46,4412,Fire or emergency service worker,1446,112904,116476,108276,113544,116721,119748
SA,47,9250,Consultant - medical,100,112740,73320,87272,54864,119818,81297
SA,48,1325,Research and development manager,844,112351,98936,107224,96814,116815,103613
SA,49,1499,"Other hospitality, retail or service manager",2265,111884,100039,109419,99515,116252,103932
SA,50,3129,Other building or engineering technician,1879,111788,100372,106317,98165,115212,104246
SA,51,2633,Telecommunications engineering professional,358,111556,105796,108630,105827,115143,109302
SA,52,3231,Aircraft maintenance engineer,721,111353,102116,109441,101653,115953,106573
SA,53,2631,Computer network professional,1866,110723,104493,107276,103529,114226,107527
SA,54,1311,Advertising and sales manager,9612,110680,91435,101587,89674,116574,96788
SA,55,1392,Senior non-commissioned defence force member,365,110648,108683,101422,106617,113868,112434
SA,56,4413,Police,4911,110137,109614,106590,110450,113594,113148
SA,57,2347,Veterinarian,780,109646,96256,91090,89356,116424,101324
SA,58,2335,"Industrial, mechanical or production engineer",3566,108731,98997,104173,97476,112148,101504
SA,59,5122,Practice manager,3742,108567,85281,93089,81246,113400,88857
SA,60,1336,Supply and distribution manager,1374,108558,95856,106101,94993,112555,99744
SA,61,2322,Cartographer or surveyor,650,107659,100055,99868,98010,111385,102127
SA,62,1113,Legislator,361,106774,71307,105658,70804,118402,76999
SA,63,1391,Commissioned officer - management,971,105861,98263,97812,93078,109196,101257
SA,64,1322,Finance manager,3883,105492,85644,97278,82561,109582,89079
SA,65,2349,Other natural or physical science professional,947,105350,87347,95134,84175,108614,90209
SA,66,2613,Software and applications programmer,7048,104946,99481,101005,98254,107681,102022
SA,67,5996,"Insurance investigator, loss adjuster or risk surveyor",138,104527,87393,102010,87257,110321,91117
SA,68,3411,Electrician,5608,104147,96996,100858,96513,109426,102376
SA,69,1494,Transport services manager,1349,103876,86197,90753,86006,108261,90068
SA,70,9232,Consultant - urban and regional planner,42,103209,96489,101878,90151,109287,104451
SA,71,7121,"Crane, hoist or lift operator",622,102678,98233,101075,98360,108444,103745
SA,72,2514,Optometrist or orthoptist,411,102532,99756,87431,93324,108250,102945
SA,73,2211,Accountant,9598,102516,86385,93403,83385,107015,90515
SA,74,2221,Financial broker,1228,102304,76940,91053,74771,107265,80176
SA,75,2326,Urban and regional planner,594,101783,96972,98495,95927,105166,99575
SA,76,3123,Electrical engineering draftsperson or technician,914,101400,93178,97361,93651,105495,97593
SA,77,2513,Occupational and environmental health professional,1026,101255,93333,98333,93504,105291,96852
SA,78,2611,IT business or systems analyst,2827,101098,95824,97287,94790,104171,98766
SA,79,2254,Technical sales representative,1617,100707,91298,95411,88376,107489,97097
SA,80,2621,"Database or systems administrator, or IT security specialist",2210,100225,91780,95069,91141,103207,94079
SA,81,3126,Safety inspector,565,100060,91857,96962,91574,104572,95216
SA,82,3132,Telecommunications technical specialist,410,99529,96377,93502,91734,102853,98968
SA,83,2342,"Chemist, or food and wine scientist",1434,98979,82418,85965,81346,102546,86408
SA,84,2244,Intelligence or policy analyst,1102,97067,95594,92654,92199,99483,97286
SA,85,3211,Automotive electrician,719,96586,87496,94631,87774,101094,91898
SA,86,9234,Consultant - environmental,191,96219,72732,74620,64499,99364,74376
SA,87,2421,University lecturer or tutor,4972,95813,92060,85459,85818,99879,96552
SA,88,8219,Other construction or mining labourer,1602,95676,94180,92064,93364,98792,97123
SA,89,2247,Management and organisation analyst,1062,95113,85858,90340,84009,98402,90230
SA,90,2121,"Artistic director, media producer or presenter",457,94726,75257,87055,73553,99015,78444
SA,91,9254,Consultant - clinical nurse,120,94678,95517,90188,91874,99184,98990
SA,92,3232,Metal fitter or machinist,3876,94657,87598,92102,87932,98249,91092
SA,93,2341,Agricultural or forestry scientist,1019,94130,84419,85146,80598,97773,87288
SA,94,6121,Real estate sales agent,3887,93695,67125,84891,65418,102571,73544
SA,95,2212,"Auditor, company secretary or corporate treasurer",1496,93681,78927,88490,78505,97218,81869
SA,96,2321,Architect or landscape architect,1183,92850,78603,82696,76925,97188,82562
SA,97,3124,Electronic engineering draftsperson or technician,485,92389,88607,87306,84715,95835,91806
SA,98,3121,"Architectural, building or surveying technician",3635,91717,83121,87242,83155,96013,87217
SA,99,2345,Life scientist,1096,91431,87793,85290,86341,94407,90961
SA,100,2612,Multimedia specialist or web developer,487,91085,78074,81078,77840,93218,80458
SA,101,3125,Mechanical engineering draftsperson or technician,823,91028,85948,88857,85749,93955,88028
SA,102,2521,Chiropractor or osteopath,194,90983,82574,70265,68231,97694,95581
SA,103,6213,Motor vehicle and vehicle parts salesperson,839,90717,83729,85983,83275,94228,87605
SA,104,9251,Consultant - occupational health and safety,198,90144,84408,87138,84880,95145,91222
SA,105,2543,Nursing supervisor or manager,395,89486,91086,88460,92986,93184,94009
SA,106,9223,Consultant - human resources,790,89424,81809,82119,79005,92591,85476
SA,107,2241,"Actuary, mathematician or statistician",971,88994,85235,87293,84557,91827,87681
SA,108,8216,Railway track worker,186,88950,86211,89391,87960,93459,90653
SA,109,2512,Medical imaging professional,1647,88764,87949,84142,85954,92084,91836
SA,110,3994,Jeweller,135,88638,54606,61259,52007,91286,57114
SA,111,9222,Consultant - financial investment,158,88489,71431,78542,67684,93722,74931
SA,112,5995,Inspector or regulatory officer,1276,88284,85446,85310,85500,91015,87807
SA,113,2414,Secondary school teacher,10316,87917,91388,85256,91089,91246,94674
SA,114,2253,Public relations officer,1031,87713,79667,80734,77401,90570,81250
SA,115,2343,Environmental scientist,1741,87310,80858,82251,79287,90441,83995
SA,116,3421,Air conditioning and refrigeration mechanic,1250,87169,85238,83874,84537,93614,90470
SA,117,9612,Consultant - real estate representative,173,86330,64776,76962,64867,94341,72371
SA,118,2723,Psychologist,1362,86126,78721,68145,67644,91167,84343
SA,119,3423,Electronic equipment trades worker,1596,86057,77892,82652,77334,89021,80900
SA,120,7129,Other stationary plant operator,1422,85997,83008,82738,80928,88529,85465
SA,121,1399,Other specialist manager,2304,85443,77888,82302,78276,88586,81328
SA,122,7212,Earthmoving plant operator,2735,84704,82256,83423,82276,88710,85669
SA,123,2515,Pharmacist,2237,84421,82213,73642,76244,89165,86142
SA,124,2632,IT support or test engineer,1548,83715,77576,81976,77768,86510,79997
SA,125,2124,Journalist or other writer,843,83640,77443,77507,74091,87282,80782
SA,126,3122,Civil engineering draftsperson or technician,781,83302,79855,81919,79880,86433,82504
SA,127,2413,Middle school teacher,1769,83266,85947,79057,84869,86615,88803
SA,128,9225,Consultant - marketing and public relations,518,82951,70161,71675,65019,88024,73677
SA,129,5522,Credit or loans officer,901,82905,77239,79519,77148,86077,79976
SA,130,2233,Training and development officer,775,82698,79802,77268,76821,85669,82247
SA,131,3223,Structural steel or welding trades worker,5201,82491,76105,80928,76681,86079,79316
SA,132,5991,Conveyancer or legal executive,733,82403,70524,73981,68935,85996,74274
SA,133,4411,Defence force member - other ranks,1773,82402,78309,77354,76332,85741,81848
SA,134,3424,Telecommunications trades worker,980,82096,79648,79722,79999,85496,82864
SA,135,6112,Insurance agent or salesperson,629,82016,70656,77347,69693,85047,72617
SA,136,8217,Structural steel construction worker,1984,81949,77378,79897,77758,87647,83471
SA,137,2346,Medical laboratory scientist,1073,81882,79658,77008,77343,84175,81372
SA,138,2542,Nurse educator or researcher,566,81845,78322,76219,76187,86631,82139
SA,139,1334,Manufacturer,1711,81378,73723,77973,73467,84264,76193
SA,140,3212,Motor mechanic,8119,81345,73417,79101,74394,84988,77040
SA,141,9442,"Consultant, apprentice or trainee - security and correctional services",68,80229,71268,77219,70958,83391,74497
SA,142,3234,Toolmaker or engineering patternmaker,289,80220,78373,77914,77628,82863,79557
SA,143,1413,Hotel or motel manager,1168,80207,69409,69811,68810,83609,72210
SA,144,4421,Prison officer,1510,79988,80969,80756,82761,82860,83791
SA,145,4524,Sportsperson,870,79940,42608,74149,34363,85267,45707
SA,146,2251,Advertising and marketing professional,3295,79802,70403,73948,68000,83161,73025
SA,147,3341,Plumber,3447,79493,76701,76033,76968,84560,81748
SA,148,3922,Graphic pre-press trades worker,148,79146,69791,68912,67040,80679,70781
SA,149,2412,Infant or primary school teacher,12921,79038,82082,75910,81333,81952,84793
SA,150,2526,Podiatrist,376,78408,71793,64407,62577,83365,77710
SA,151,2410,School teacher - type not specified,2662,78055,78319,69987,72933,81760,82777
SA,152,5412,Inquiry clerk,291,78016,70385,68664,68383,80037,71980
SA,153,5521,"Bank teller, officer or employee",4627,77952,72057,74402,70414,80516,74024
SA,154,1341,Child care centre director,636,77751,76284,75835,76305,81459,80086
SA,155,2231,Human resource professional,4084,77437,69840,74080,68923,80355,72176
SA,156,2491,Education advisor or reviewer,1121,76708,73386,71624,69979,80436,76426
SA,157,7331,Truck driver,12498,76499,74696,75500,75785,82116,79457
SA,158,2527,Speech professional or audiologist,1255,75995,72096,67148,66667,79789,75343
SA,159,7111,"Clay, concrete, glass or stone processing machine operator",526,75489,72685,73685,72534,78327,75790
SA,160,8911,Freight or furniture handler,1141,75447,67468,73282,66673,78742,70438
SA,161,7123,Metal press operator,223,75420,71830,72095,69071,77109,72821
SA,162,8992,Deck or fishing hand,818,75367,65548,69694,60528,79297,68647
SA,163,5523,"Insurance, money market or statistical clerk",2074,75286,70903,73118,70204,77943,72656
SA,164,2525,Physiotherapist,2560,75092,71833,65196,67183,79910,76194
SA,165,3222,Sheetmetal trades worker,369,74830,71811,70837,70802,77675,73736
SA,166,2544,Registered nurse,27124,74564,72411,71636,71633,77665,75268
SA,167,2123,"Film, television radio or stage director",563,74493,66609,66622,63792,78662,69683
SA,168,9611,Consultant - sales representative (wholesale),237,74336,68541,72155,69502,78028,72653
SA,169,4513,Funeral worker,335,74319,62136,57093,57592,76704,63498
SA,170,1342,Health and welfare services manager,3792,74141,62208,69433,60938,77303,64757
SA,171,1344,Other education manager,1026,73998,64929,68261,61955,76998,67147
SA,172,3242,Vehicle body builder or trimmer,100,73524,71593,69649,69410,76361,72763
SA,173,5310,Public servant - administrative service officer - levels 3-4,1801,73456,71645,69487,70614,75248,73094
SA,174,2541,Midwife,1854,73441,71078,68042,69329,76587,74010
SA,175,7112,Industrial spray painter,404,73058,69357,73827,71284,77466,74124
SA,176,5111,"Contract, program or project administrator",17809,72324,66293,68101,64694,74342,68094
SA,177,2524,Occupational therapist,1979,72071,69182,63103,64982,75638,72275
SA,178,9221,Consultant - tax accountant,373,71869,63873,65142,63446,77077,68362
SA,179,2242,"Archivist, curator or records manager",837,71859,67086,63599,62137,74326,69271
SA,180,2323,"Fashion, industrial or jewellery designer",434,71674,68283,66421,66503,74145,70488
SA,181,2725,Social worker,4856,71449,71042,68416,70464,74103,73951
SA,182,7219,Other mobile plant operator,625,71198,64905,68545,64827,74185,67647
SA,183,5211,Personal assistant,2711,70865,67631,64319,66429,73254,70168
SA,184,2324,"Graphic or web designer, or illustrator",1963,70697,65362,64429,63095,72760,67502
SA,185,5912,Receiving and dispatching clerk,1022,70653,69018,69124,69369,73091,71476
SA,186,8215,Paving and surfacing labourer,996,70543,68340,68600,68842,73601,70175
SA,187,3923,Printer,400,70530,68307,68571,68502,72172,69965
SA,188,9599,"Consultant, apprentice or trainee - justice and legal services, insurance claims investigation",92,70317,68066,69111,69052,74123,71224
SA,189,2422,TAFE teacher or tutor,1568,70226,72589,64577,70145,73809,77849
SA,190,3233,Precision metal trades worker,217,69994,67826,65968,68397,72349,70775
SA,191,7119,Other machine operator,3080,69886,63406,68110,63412,72282,65871
SA,192,3999,Other miscellaneous technician and trades worker,2152,69783,62823,65493,62063,72625,65044
SA,193,3111,Agricultural technician,394,69730,64540,68049,64940,72674,67947
SA,194,4112,"Dental hygienist, technician or therapist",819,69696,68765,64064,64756,73161,72658
SA,195,6212,IT sales assistant,267,69507,49539,51193,48400,71449,50681
SA,196,2519,Other health diagnostic and promotion professionals,294,69426,66449,65565,65167,72006,68322
SA,197,7113,Paper or wood processing machine operator,566,69361,67044,68140,66712,71090,68479
SA,198,5121,Office administrator or manager,13595,69341,60406,57470,56510,71992,62743
SA,199,2246,Librarian,630,69310,70857,66076,68054,71499,72708
SA,200,3312,Carpenter and joiner,4030,69225,65865,65817,66358,75201,71900
SA,201,2415,Special needs teacher,1030,69179,68694,65249,66328,72075,71042
SA,202,8212,Concreter,1450,69077,66502,64454,65126,73252,71047
SA,203,1419,Other accommodation or hospitality manager,126,68978,66565,66466,61412,72311,69990
SA,204,2122,"Author, or book or script editor",68,68801,53379,54110,41335,71159,54203
SA,205,8996,Rubbish or recycling collector,197,68436,71301,67303,70640,70827,73142
SA,206,9552,Consultant - insurance (clerical),115,68283,64687,67610,63141,70000,65397
SA,207,2511,Dietician,510,67975,64675,58684,59531,71039,68079
SA,208,2325,Interior designer,537,67824,63092,63290,60700,70799,65838
SA,209,5610,Public servant - administrative service officer - levels 1-2,844,67772,62222,59759,60149,70113,64765
SA,210,5513,Payroll clerk,1211,67759,67871,65452,66584,69704,69392
SA,211,2411,Pre-school or kindergarten teacher,1860,67603,63487,63091,61039,69972,65416
SA,212,4517,Travel attendant,630,67507,62438,63598,61124,70989,66058
SA,213,2112,Music professional,352,67414,52614,44953,30382,71879,56200
SA,214,4516,Tourism or travel adviser,812,67393,62754,62450,61000,70917,65395
SA,215,3113,Primary products inspector,628,66929,65890,64410,65444,69223,68369
SA,216,4234,Special care worker,544,66479,63574,65337,63794,69852,67044
SA,217,3995,Performing arts technician,739,66285,59692,57277,54237,68989,62841
SA,218,1492,Call or contact centre or customer service manager,7596,66171,61600,63113,61508,68414,63603
SA,219,1213,Livestock farmer,1914,66130,60458,56880,59053,71021,64890
SA,220,1421,Retail manager,8836,66127,60235,61778,59794,68630,62259
SA,221,6113,Sales representative,11370,65954,59322,62257,58499,69171,61978
SA,222,3131,IT support technician,2478,65911,63182,63950,63809,67747,65404
SA,223,5994,Human resource clerk,439,65771,60000,60616,57617,67471,61220
SA,224,5911,Purchasing or supply logistics clerk,5280,65428,61663,61015,61425,67583,63764
SA,225,5511,Accounting clerk,6215,64930,60909,60041,59969,67156,62784
SA,226,5993,Debt collector,225,64806,63691,63214,64330,66837,65583
SA,227,2249,Other information and organisation professional,952,64741,58555,53683,49670,67136,61888
SA,228,4512,Driving instructor,80,64588,52948,49065,42927,68176,64079
SA,229,3241,Panel beater,719,64585,64203,62867,65034,67534,66560
SA,230,3311,Bricklayer or stonemason,598,64552,59316,59083,58585,68942,64479
SA,231,3331,Glazier,407,64331,61526,61026,62405,67488,65002
SA,232,7115,Plastics or rubber production machine operator,445,64053,62415,63199,62434,66437,63681
SA,233,5999,Other miscellaneous clerical or administrative worker,1872,63988,58639,51969,52427,67032,60782
SA,234,1491,"Amusement, fitness or sports centre manager",339,63804,60811,57154,58304,67333,63217
SA,235,5212,Secretary,1540,63613,56119,50912,51080,66156,58117
SA,236,3996,Signwriter,189,63601,63434,61745,63232,65986,66288
SA,237,3991,Boat builder or shipwright,92,63305,53380,54132,50762,66724,54382
SA,238,1493,Conference and event organiser,1235,62606,61830,58540,60775,65321,64362
SA,239,3114,Science technician,1517,62532,61634,59965,61066,64031,62587
SA,240,2721,Counsellor,1281,62473,59362,57582,56431,65342,62404
SA,241,3243,Vehicle painter,550,62416,62780,61852,63444,64755,64649
SA,242,3332,Plasterer,927,62352,61145,57366,59463,67599,66391
SA,243,1414,Licensed club manager,69,62227,62798,60642,64459,66681,66429
SA,244,9712,Apprentice or trainee - miner,18,61864,66618,59776,71607,64046,72111
SA,245,4115,Aboriginal and Torres Strait Islander health worker,322,61132,59435,57154,58827,62796,61727
SA,246,5992,Court or legal clerk,904,61108,57286,56761,54745,62989,58486
SA,247,1211,Aquaculture farmer,427,60765,53164,55175,51815,64780,57077
SA,248,3623,Greenkeeper,234,60651,61893,58098,60811,63296,64403
SA,249,7114,Photographic developer and printer,72,60618,55775,54876,53127,62299,58086
SA,250,8394,Timber or wood process worker,1197,60209,56579,58496,57104,61566,58320
SA,251,3321,Floor finisher,269,60166,55554,49427,48133,63383,58500
SA,252,8214,Insulation or home improvement installer,485,59941,58062,58034,58785,63399,61192
SA,253,4422,Security officer or guard,4469,59670,59928,56594,59861,62382,62884
SA,254,3221,"Metal casting, forging or finishing trades worker",88,59661,56705,55039,56705,61721,57966
SA,255,3333,Roof tiler,129,59595,51126,48600,46137,63068,54839
SA,256,3941,Cabinet maker,1348,59373,58524,57580,59018,62368,61759
SA,257,8211,Building or plumbing labourer,6705,59140,55637,56212,55421,62591,59459
SA,258,4314,Hotel service manager,427,59070,60058,56868,60389,60933,62736
SA,259,8391,Metal engineering process worker,872,59012,55494,56967,55260,60721,57043
SA,260,7213,Forklift driver,2612,58901,58494,57566,58959,60889,60348
SA,261,5612,Courier or postal deliverer,1675,58650,61310,54992,61433,60666,63308
SA,262,3993,"Gallery, library or museum technician",525,58630,59254,55599,57627,59876,61140
SA,263,3942,Wood machinist or other wood trades worker,273,58368,56717,56185,56538,59848,58157
SA,264,1412,Caravan park manager,240,58083,52671,50265,50729,60680,54939
SA,265,8994,Motor vehicle parts and accessories fitter,1005,57983,56330,56735,57396,60024,58297
SA,266,3334,Wall and floor tiler,335,57918,57542,49058,54304,61552,61963
SA,267,6215,Retail supervisor,1906,57872,55138,55584,54670,59780,56537
SA,268,5512,Bookkeeper,1957,57820,49237,44002,42765,61473,52889
SA,269,5311,Administration assistant or office worker,19162,57436,51998,47424,47734,59340,53576
SA,270,1411,Café or restaurant manager,3331,57143,52450,50796,50850,59737,54817
SA,271,2114,Visual arts and crafts professional,300,57107,51121,53677,51345,59241,52991
SA,272,3921,"Binder, finisher or screen printer",263,56865,56031,55226,56236,58225,57391
SA,273,4117,Welfare support worker,16469,56775,53978,54336,52598,60813,57722
SA,274,3511,Baker or pastrycook,1378,56610,56643,53269,55898,58272,58320
SA,275,3512,Butcher or smallgoods maker,1103,56180,56639,53645,56945,58079,58404
SA,276,9550,Apprentice or trainee - financial services,41,56151,53066,52358,54359,58926,57723
SA,277,7312,Bus or coach driver,2710,56068,56068,50417,53175,58636,58801
SA,278,2724,Social professionals,644,55927,45368,40673,28952,59305,49542
SA,279,2726,"Welfare, recreation or community arts worker",281,55818,52748,52539,51999,57698,54416
SA,280,4313,Gaming worker,425,55593,56030,53607,56455,57022,57770
SA,281,4114,Enrolled or mothercraft nurse,4405,55591,54730,54352,54621,58309,57519
SA,282,6394,Ticket seller,476,55305,52452,51618,51261,56843,54125
SA,283,2493,Teacher of English to speakers of other languages,213,55258,52415,52729,51251,57724,55551
SA,284,3322,Painting trades worker,1268,55078,54452,50339,53923,59069,58638
SA,285,5411,Call or contact centre worker,4648,54980,53733,52583,53026,56140,54852
SA,286,9323,Apprentice or trainee - mechanical trades engineering trades worker,407,54950,50570,54787,52123,57693,53528
SA,287,5614,Mail sorter,522,54796,54827,51261,53562,56211,55457
SA,288,5321,Keyboard operator,1185,54651,51402,48650,49740,56323,53173
SA,289,3513,Chef,8396,54480,54243,53065,54335,56609,56414
SA,290,3933,Upholsterer,101,54104,54970,52013,54314,56702,57094
SA,291,6395,Window dresser,5,54014,60839,50035,60608,55058,62275
SA,292,8392,Plastics or rubber factory worker,290,53694,52174,51039,51744,54973,53509
SA,293,6392,Retail or wool buyer,434,53512,41099,51658,38850,55748,42268
SA,294,8999,Other miscellaneous labourers,10757,53365,49614,50090,49057,55778,52248
SA,295,8995,Printing assistant or table worker,111,53328,51383,50364,50611,54366,52533
SA,296,3112,Medical technician,2746,53322,49550,49360,48294,55207,51235
SA,297,7411,Storeperson,10647,52801,53200,50214,52702,54242,54472
SA,298,3931,Canvas or leather goods maker,129,52521,50927,50068,51094,54158,51799
SA,299,8213,Fencer,386,52316,51437,48260,50580,55131,52888
SA,300,8312,"Meat boners and slicer, or slaughterer",1247,51935,53795,52886,55967,55923,57550
SA,301,8311,Food or drink factory worker,6019,51873,50140,49759,50093,53592,51971
SA,302,7117,Textile or footwear production machine operator,93,51842,50149,51147,51417,53733,51367
SA,303,9392,Apprentice or trainee - printer or graphic artist,43,51515,50448,51028,51358,52101,51361
SA,304,2113,Photographer,308,51360,45773,36839,31943,53937,48490
SA,305,5611,Betting clerk,58,51164,45556,44479,37760,53346,48867
SA,306,3624,Nurseryperson,568,51000,48176,46274,47613,52592,49756
SA,307,5616,Switchboard operator,134,50561,51535,47814,49190,51526,52021
SA,308,2522,Complementary health therapist,307,50306,47239,43852,41233,52882,49596
SA,309,9341,Apprentice or trainee - electrician,2445,50097,45625,50844,46762,54366,49730
SA,310,8993,Handyperson,1080,49907,46946,43903,44978,52697,49661
SA,311,8991,Caretaker,245,49809,47302,43681,44526,52261,50924
SA,312,8322,Assembly line worker,3070,49415,49941,47190,49709,50793,51195
SA,313,3613,Veterinary nurse,1117,49332,49180,47090,48729,51034,50984
SA,314,8399,Other factory process worker,5094,49091,47774,47079,47546,50701,49298
SA,315,8997,Vending machine attendant,248,48743,51037,46453,49449,49547,51440
SA,316,7211,"Agricultural, forestry or horticultural plant operator",4448,48713,45234,43275,42001,51497,47348
SA,317,9342,Apprentice or trainee - electronics or telecommunications trades worker,543,48638,45302,49175,46346,52526,49193
SA,318,8313,"Meat, poultry or seafood process worker",3572,48177,49298,48257,51628,51598,53079
SA,319,9451,"Consultant, apprentice or trainee - personal service or travel",160,48128,46517,46113,46448,50449,48615
SA,320,6393,Telemarketer,321,47794,45545,42507,44530,49422,47589
SA,321,4231,Aged or disabled carer,22912,47433,43864,44803,41971,50547,46383
SA,322,9899,"Apprentice or trainee - deck or fishing hand, or autoglazier",42,46962,46308,41957,44553,48213,46542
SA,323,9530,Apprentice or trainee - clerical services,63,46439,40542,36579,33920,47813,40542
SA,324,9410,Apprentice or trainee - health and welfare support services,90,46012,43185,41901,40350,48830,45012
SA,325,5619,Other clerical or office support worker,457,45956,42496,39262,38197,47213,43671
SA,326,5613,Filing clerk,45,45853,38614,28550,18530,52819,38837
SA,327,7311,Automobile driver,188,45740,36181,38313,26471,48830,39038
SA,328,4221,Education aide,8459,45669,41971,40527,39282,47214,43199
SA,329,2492,Private teacher or tutor,1303,45608,37400,36207,23749,47517,39134
SA,330,7321,Delivery driver,3658,45416,44649,41397,41054,47200,46428
SA,331,9322,Apprentice or trainee - metal fabrication engineering trades worker,574,45359,42877,45903,43235,47795,44328
SA,332,3621,Florist,287,45314,41731,36285,35158,46529,42369
SA,333,5997,Library assistant,286,45093,46965,42143,42406,46397,47731
SA,334,5421,Receptionist,7813,45002,43254,39686,39822,46468,44326
SA,335,4233,Nursing support or personal care worker,5548,44827,43179,43081,42310,46904,44962
SA,336,9311,Apprentice or trainee - agricultural or medical technician,119,44751,40115,42552,39983,47582,42962
SA,337,9399,Apprentice or trainee - miscellaneous technicians or trades worker,65,44690,42875,41355,40577,46273,45050
SA,338,9321,Apprentice or trainee - automotive mechanic or electrician,1381,44453,40982,45217,42890,47282,44043
SA,339,3611,Animal attendant or trainer,1066,44296,41788,40233,39456,45936,43463
SA,340,9334,Apprentice or trainee - plumber,1129,44226,41323,45112,43310,48570,45765
SA,341,2111,"Actor, dancer or other entertainer",561,44000,33276,26831,14755,47113,37473
SA,342,4232,Dental nurse or assistant,2548,43990,43696,40524,41710,45428,44977
SA,343,9394,Apprentice or trainee - wood trades worker,49,43472,42372,41488,42668,45570,44648
SA,344,8393,Product quality controller,398,43372,39845,39744,37938,44809,41601
SA,345,4514,"Gallery, museum or tour guide",266,43351,42061,36245,35532,45831,45267
SA,346,6217,Street vendor or related salesperson,119,43321,37816,42793,37514,45807,39246
SA,347,4521,Fitness instructor,1276,43187,36241,30825,26013,45362,38623
SA,348,3911,Hairdresser,2445,42978,41336,37435,37726,44794,43077
SA,349,9313,Apprentice or trainee - information technology technician or telecommunications technical specialist,164,42927,40719,41816,40814,44381,41133
SA,350,3932,Clothing trades worker,184,42602,39628,37268,36227,45061,41178
SA,351,9324,Apprentice or trainee - automotive - other,227,42559,39799,43003,40743,44934,41856
SA,352,4523,"Sports coaches, instructors and officials",2272,42437,31835,33438,23475,44508,33071
SA,353,4211,Child carer,11818,42334,41717,39305,39769,43570,42933
SA,354,7116,Sewing machinist,351,42241,44565,38616,43503,43330,45961
SA,355,4113,Diversional therapist,152,41814,39952,39538,39338,43461,41464
SA,356,6391,Model or sales demonstrator,1476,41620,37116,36777,32367,43982,39578
SA,357,8115,Laundry worker,787,41146,42416,39009,41864,42624,44352
SA,358,9351,Apprentice or trainee - food trades worker,866,40952,39808,39056,40307,42282,41597
SA,359,6214,Pharmacy sales assistant,2842,40895,38442,35904,34903,42324,39529
SA,360,9362,Apprentice or trainee - horticultural trades worker,244,40824,38433,39702,37319,42621,40042
SA,361,6219,Other sales assistant or salesperson,6500,40805,36598,35626,32808,41953,37582
SA,362,3514,Cook,2835,40544,39860,37759,37911,42064,41094
SA,363,6216,Service station attendant,395,40481,38947,35072,35086,41873,39727
SA,364,9730,Apprentice or trainee - transport and distribution driver,36,40102,44132,35347,40104,41319,44547
SA,365,4522,Outdoor adventure guide,327,40002,38303,38289,36206,42881,40730
SA,366,9621,Consultant - sales assistant (retail),2254,39762,36284,35798,33279,40849,37399
SA,367,9332,Apprentice or trainee - floor finisher,196,39748,40073,40195,41801,42838,43390
SA,368,8111,Car detailer,1170,39543,41408,36217,39311,40661,42564
SA,369,8321,Packer,4395,39122,38947,37281,37986,40629,40895
SA,370,9331,"Apprentice or trainee - bricklayer, or carpenter and joiner",2091,38966,37181,39786,39202,43470,42076
SA,371,9333,Apprentice or trainee - tiler or plasterer,196,38179,38150,40079,41134,42233,42577
SA,372,8116,Other cleaner,3185,37904,35175,33466,31029,39260,36432
SA,373,6211,Sales assistant - general,27149,37811,34489,33001,30489,38705,35181
SA,374,4311,Bar attendant or barista,6785,37785,35796,34021,32573,38641,36513
SA,375,8512,Pastry cook's assistant,1393,37543,35771,33074,31783,38474,36283
SA,376,8112,Cleaner - commercial,9182,37233,34689,32556,29897,38658,36003
SA,377,9361,"Apprentice or trainee - animal attendant, trainer or shearer",186,36979,37480,36068,37325,38801,38827
SA,378,9452,Apprentice or trainee - sport and recreation,80,36928,27076,25966,22730,38317,28434
SA,379,2722,Religious leader,1301,36916,30041,30655,27545,40543,32648
SA,380,9510,Apprentice or trainee - business services,85,36798,35647,35101,33679,37643,35845
SA,381,4511,Beauty therapist,1564,36710,33388,31193,28768,38029,34329
SA,382,4319,Other hospitality worker,5020,36091,32826,32985,29202,37057,33722
SA,383,4518,Other personal service worker,657,35963,29352,28946,22524,37321,30259
SA,384,9741,Apprentice or trainee - storeperson,60,35910,35437,33914,31823,36514,36498
SA,385,5615,Market research interviewer,137,34557,30048,26171,20746,37838,31289
SA,386,4515,Personal care consultant,41,34511,30386,26483,22399,35688,31515
SA,387,8114,Housekeeper,2679,34233,32712,31242,29470,35158,33607
SA,388,9420,Apprentice or trainee - care and community services,41,33508,29594,29296,27501,35056,31364
SA,389,9811,Apprentice or trainee - cleaning services,225,33488,28837,26403,20759,34756,29051
SA,390,4116,Massage therapist,624,32605,28972,26266,23520,33968,30229
SA,391,6311,Checkout operator or office cashier,16006,30894,28488,28042,24977,31528,29100
SA,392,9391,Apprentice or trainee - hair dresser,461,30884,30488,30031,30593,32241,32148
SA,393,9841,"Apprentice or trainee - farm, forestry or garden worker",130,30296,27105,27745,26287,31562,28019
SA,394,4312,Café worker,4049,30021,26714,24776,21276,30669,27093
SA,395,8113,Cleaner - domestic,1634,29901,27971,23133,19855,31227,29504
SA,396,4315,Waiter,10015,29743,26293,26117,22229,30302,26673
SA,397,9393,"Apprentice or trainee - textile, clothing or footwear trades worker",12,29410,28500,28611,28762,29854,29757
SA,398,8912,Shelf filler,2125,29190,26645,26962,24031,29774,27124
SA,399,8513,Kitchen hand,8925,29188,26734,26428,23022,29891,27274
SA,400,9831,"Apprentice or trainee - food, drink or meat processor",40,28047,24908,27297,21064,30057,24975
SA,401,9431,Apprentice or trainee - hospitality,130,26750,20827,22214,17731,27186,20913
SA,402,8511,Fast food cook,6659,23623,19070,21551,16343,24026,19287
SA,403,6200,Sales assistant - type not specified,23,18639,17182,15559,9136,18714,17182
TAS,1,2535,Surgeon,96,641931,517880,254656,211082,671925,533693
TAS,2,2532,Anaesthetist,123,386542,364364,215032,194569,408158,390046
TAS,3,2533,Internal medicine specialist,242,354969,306887,196408,184179,369851,321612
TAS,4,1333,"Importer, exporter or wholesaler",51,330422,82736,77167,73820,335637,82886
TAS,5,2534,Psychiatrist,65,288748,293881,186780,176355,301907,308038
TAS,6,2539,Other medical practitioners,680,259329,178769,168660,138189,274038,192704
TAS,7,2222,Financial dealer,24,221669,186144,216546,170171,227768,187966
TAS,8,2523,Dental practitioner,181,185519,144571,128158,120000,195467,157907
TAS,9,2712,Judicial or other legal professionals,91,169514,100046,161797,87217,174719,105899
TAS,10,2531,General medical practitioner,1087,158809,130420,115182,102425,169159,141754
TAS,11,2336,Mining engineer,93,157956,144856,148738,138512,160997,146505
TAS,12,1332,Engineering manager,384,152976,135684,136362,128536,157475,138027
TAS,13,1111,Chief executive officer or managing director,3307,143938,88278,92117,72753,149069,93594
TAS,14,2331,Chemical or materials engineer,69,136977,123721,125356,120000,139936,124234
TAS,15,2311,Air transport professionals,191,135878,117119,128282,111280,142040,124312
TAS,16,1343,School principal,342,134936,133242,130773,133459,140072,138596
TAS,17,1335,Production manager,396,130782,111018,118600,106093,134693,113435
TAS,18,2312,Marine transport professional,553,129715,115506,124130,115153,134763,121162
TAS,19,9250,Consultant - medical,26,129435,91952,95687,80016,137082,97571
TAS,20,2713,Solicitor,966,124517,104166,110859,96073,128642,106774
TAS,21,2333,Electrical engineer,548,122931,115788,114618,113743,126513,120130
TAS,22,7122,"Driller, miner or shot firer",993,122260,116348,120208,115650,126338,120118
TAS,23,9222,Consultant - financial investment,28,121891,77926,93138,76492,152263,82257
TAS,24,1351,IT manager,790,121873,114880,116020,110557,125239,118568
TAS,25,9224,Consultant - management,269,121503,108285,100408,96142,126663,110564
TAS,26,9261,Consultant - IT business analyst,130,120576,109095,116198,104852,124129,111202
TAS,27,2223,Financial investment advisor or manager,287,118854,107236,108950,102987,126156,112460
TAS,28,2221,Financial broker,264,118009,92703,105226,90000,123211,96052
TAS,29,3231,Aircraft maintenance engineer,66,117806,103165,102288,90748,121935,105037
TAS,30,2347,Veterinarian,281,117696,97327,90722,90244,124701,102293
TAS,31,9233,Consultant - engineering,117,116560,92912,107909,84764,121002,98644
TAS,32,2243,Economist,67,116178,100585,111609,100808,119350,105758
TAS,33,1323,Human resource manager,461,115821,108452,109752,104733,119367,111312
TAS,34,1112,General manager,4681,115543,91220,96619,84938,120047,95874
TAS,35,1324,Policy and planning manager,1022,115409,111617,108320,108654,117662,113445
TAS,36,1321,Corporate services manager,199,115378,104335,107806,102328,119122,109622
TAS,37,2633,Telecommunications engineering professional,63,114650,110412,111494,108246,116984,113720
TAS,38,2711,Barrister,27,114322,56177,75440,39736,118861,60595
TAS,39,2245,Land economist or valuer,113,114287,100480,100317,100495,123895,110532
TAS,40,2613,Software and applications programmer,1064,113341,100795,106099,98778,116264,103595
TAS,41,2339,Other engineering professional,322,112697,103086,103806,99801,116405,106857
TAS,42,7313,Train or tram driver,77,112628,109540,100634,103288,115653,113107
TAS,43,9133,Consultant - construction manager,20,111961,100422,78380,73557,118176,112561
TAS,44,2332,Civil engineering professional,888,111903,101285,105197,99321,115835,104877
TAS,45,2334,Electronics engineer,81,111630,98051,100501,89286,114227,100358
TAS,46,3422,Electrical distribution trades worker,286,110953,113339,110644,112992,114671,115966
TAS,47,2344,Geologist or geophysicist,294,110501,106409,105103,103945,113349,109294
TAS,48,1391,Commissioned officer - management,205,110141,106773,98282,100459,114359,110555
TAS,49,3129,Other building or engineering technician,515,109287,105242,104864,103034,112443,108727
TAS,50,4421,Prison officer,471,108478,104920,106206,105836,110873,107042
TAS,51,1325,Research and development manager,186,107204,97764,98825,96541,111718,101103
TAS,52,2514,Optometrist or orthoptist,113,106987,100542,84664,92626,113569,108176
TAS,53,6111,"Auctioneer, or stock and station agent",45,106693,89963,104347,96671,110931,93187
TAS,54,2335,"Industrial, mechanical or production engineer",602,106270,101316,102542,99324,109613,103433
TAS,55,1113,Legislator,179,105180,76174,112699,72198,122407,83357
TAS,56,2513,Occupational and environmental health professional,305,104575,93757,96598,91874,108539,96631
TAS,57,3992,"Chemical, gas, petroleum or power generation plant operator",185,104138,92531,99376,92200,107164,95174
TAS,58,4413,Police,1400,103422,103189,101008,103413,107471,107070
TAS,59,4111,Ambulance officer or paramedic,684,103294,107002,101731,106503,107941,111501
TAS,60,1331,Construction manager,1598,102652,90822,90560,87491,107848,96573
TAS,61,2611,IT business or systems analyst,514,102076,98173,97060,95991,104958,99950
TAS,62,4412,Fire or emergency service worker,539,101405,101322,94958,99332,104854,103879
TAS,63,2512,Medical imaging professional,415,101258,101158,95724,98257,104761,104540
TAS,64,2244,Intelligence or policy analyst,524,100862,96870,95403,94425,103556,98446
TAS,65,3123,Electrical engineering draftsperson or technician,332,100678,97404,96572,93209,105017,100439
TAS,66,1392,Senior non-commissioned defence force member,60,100586,99892,69061,76772,102719,102793
TAS,67,1311,Advertising and sales manager,1967,100262,84164,92520,82476,104854,88243
TAS,68,5122,Practice manager,885,99884,84200,87887,79828,104195,87270
TAS,69,1499,"Other hospitality, retail or service manager",597,99790,92587,96960,93582,103937,96494
TAS,70,5996,"Insurance investigator, loss adjuster or risk surveyor",26,99118,82552,93070,79217,103478,83192
TAS,71,2345,Life scientist,546,98462,95472,92164,94071,101787,98357
TAS,72,3411,Electrician,1818,98445,95058,95758,95009,102853,98852
TAS,73,2252,IT sales professional,163,98286,83784,96849,80785,102551,85820
TAS,74,2631,Computer network professional,335,98284,88102,94716,88020,101418,90769
TAS,75,2521,Chiropractor or osteopath,60,98144,72818,76731,62118,103048,79504
TAS,76,1322,Finance manager,1027,98088,79301,89696,77097,101724,82000
TAS,77,2326,Urban and regional planner,243,98058,91999,89507,89301,100462,93026
TAS,78,2212,"Auditor, company secretary or corporate treasurer",267,97694,82510,89367,75618,101671,83855
TAS,79,2322,Cartographer or surveyor,278,97383,87116,85082,83012,100715,89476
TAS,80,1336,Supply and distribution manager,309,97124,85764,92442,85357,101199,89103
TAS,81,2612,Multimedia specialist or web developer,108,96635,89216,90128,85531,99953,92589
TAS,82,2346,Medical laboratory scientist,250,96418,88831,83684,86169,98752,89717
TAS,83,7121,"Crane, hoist or lift operator",122,96060,97101,95047,96576,100456,101800
TAS,84,2349,Other natural or physical science professional,307,95170,83283,85385,80342,99156,89954
TAS,85,2526,Podiatrist,86,95031,87868,76500,73906,100185,90274
TAS,86,2211,Accountant,2347,94781,78574,86895,76159,98864,82465
TAS,87,1334,Manufacturer,450,94756,80265,86381,80276,97418,83581
TAS,88,2621,"Database or systems administrator, or IT security specialist",590,94327,89203,90526,87935,97193,92395
TAS,89,9251,Consultant - occupational health and safety,61,94177,88100,81101,79900,98542,92743
TAS,90,3124,Electronic engineering draftsperson or technician,91,93897,91381,88676,91690,98123,98002
TAS,91,3132,Telecommunications technical specialist,123,93464,96007,87578,89863,96526,97254
TAS,92,8911,Freight or furniture handler,495,93363,88258,92630,91249,98056,93192
TAS,93,1494,Transport services manager,404,93311,82840,85022,79707,96721,86336
TAS,94,6121,Real estate sales agent,1152,93276,66370,88756,67084,102508,72564
TAS,95,9223,Consultant - human resources,194,93204,88776,87674,84644,96532,89854
TAS,96,2247,Management and organisation analyst,223,93170,87887,87481,85541,96324,89052
TAS,97,2254,Technical sales representative,410,92802,81847,87534,80218,97321,86050
TAS,98,3125,Mechanical engineering draftsperson or technician,185,92368,90120,86931,85184,94912,91222
TAS,99,2543,Nursing supervisor or manager,98,91964,86680,84184,86121,95759,91476
TAS,100,3421,Air conditioning and refrigeration mechanic,250,91202,88140,86551,88894,95874,92456
TAS,101,3232,Metal fitter or machinist,1502,90664,87329,88891,87598,94035,91152
TAS,102,2342,"Chemist, or food and wine scientist",235,90525,89156,84992,85234,93129,90879
TAS,103,3126,Safety inspector,160,90111,88040,88241,87703,93675,90856
TAS,104,9254,Consultant - clinical nurse,28,89505,91834,86657,92075,93694,96079
TAS,105,8219,Other construction or mining labourer,426,89400,88023,88092,88353,93187,92614
TAS,106,2341,Agricultural or forestry scientist,529,89238,83216,84302,81618,92251,85687
TAS,107,2253,Public relations officer,421,88397,86990,83746,82182,91121,89078
TAS,108,2241,"Actuary, mathematician or statistician",244,88271,82803,84760,80269,91053,83789
TAS,109,2343,Environmental scientist,988,88160,84874,84204,82793,91240,87825
TAS,110,2723,Psychologist,493,88116,79623,66389,65574,92926,83531
TAS,111,2421,University lecturer or tutor,1474,87486,87306,78244,78160,90928,92662
TAS,112,2515,Pharmacist,766,87485,85622,75038,77862,92165,91012
TAS,113,9234,Consultant - environmental,86,87156,68895,76347,67544,91530,73718
TAS,114,1399,Other specialist manager,641,87117,81325,83128,80377,90492,84153
TAS,115,3121,"Architectural, building or surveying technician",942,86231,77099,78325,76324,89861,80421
TAS,116,8992,Deck or fishing hand,569,85603,76183,83090,77983,89154,80600
TAS,117,5995,Inspector or regulatory officer,327,85569,82157,83105,82746,87819,84395
TAS,118,7129,Other stationary plant operator,580,85234,88237,83549,87687,87723,90957
TAS,119,9612,Consultant - real estate representative,77,85021,55335,82798,54904,92391,59675
TAS,120,3211,Automotive electrician,237,84960,82487,80990,79056,89034,86174
TAS,121,2321,Architect or landscape architect,347,84745,76533,77929,77075,88443,80607
TAS,122,3423,Electronic equipment trades worker,501,83625,75690,78141,74387,86290,78206
TAS,123,9442,"Consultant, apprentice or trainee - security and correctional services",13,83436,87514,87093,92181,85084,88530
TAS,124,2414,Secondary school teacher,3764,83132,86181,78929,85831,86357,89183
TAS,125,7123,Metal press operator,106,82662,88475,75740,80491,84371,90341
TAS,126,4517,Travel attendant,121,82308,83381,79371,80397,85914,87041
TAS,127,5522,Credit or loans officer,111,82196,72003,79945,73625,85146,74050
TAS,128,6213,Motor vehicle and vehicle parts salesperson,236,82094,77608,79962,76938,84867,80155
TAS,129,3424,Telecommunications trades worker,234,82039,79616,76461,80738,85210,82085
TAS,130,2124,Journalist or other writer,324,82001,76977,74520,73929,85136,80449
TAS,131,2413,Middle school teacher,267,81631,81436,72725,80302,84474,84598
TAS,132,7111,"Clay, concrete, glass or stone processing machine operator",105,81555,84849,80357,83449,84738,85638
TAS,133,3234,Toolmaker or engineering patternmaker,11,81335,64599,63952,62845,83056,65269
TAS,134,3341,Plumber,1066,81289,78789,76338,78949,85823,83896
TAS,135,2632,IT support or test engineer,328,80958,70795,78127,67484,83285,72929
TAS,136,8216,Railway track worker,87,80372,79363,78716,80063,86463,88420
TAS,137,1342,Health and welfare services manager,1021,79801,70343,72508,65957,82540,72135
TAS,138,2525,Physiotherapist,596,79160,78170,71666,75005,84129,82357
TAS,139,2524,Occupational therapist,358,79111,72992,67753,69824,82470,76269
TAS,140,2412,Infant or primary school teacher,4376,78479,80904,73891,80110,81571,84486
TAS,141,2527,Speech professional or audiologist,288,77937,75569,69910,71874,81199,79639
TAS,142,1213,Livestock farmer,1104,77841,62184,59946,60381,82283,66799
TAS,143,9599,"Consultant, apprentice or trainee - justice and legal services, insurance claims investigation",12,77546,71442,75680,68047,79068,72147
TAS,144,2251,Advertising and marketing professional,641,77250,70205,70061,67114,80270,74011
TAS,145,2544,Registered nurse,8522,77093,75036,71903,72279,80125,77851
TAS,146,9225,Consultant - marketing and public relations,106,77069,71894,69923,68573,80328,74560
TAS,147,3122,Civil engineering draftsperson or technician,252,76831,73220,74975,73413,79183,74441
TAS,148,2541,Midwife,474,76310,74544,67997,69179,79365,77071
TAS,149,3223,Structural steel or welding trades worker,1886,76254,73139,75092,74267,79901,76571
TAS,150,2542,Nurse educator or researcher,152,76203,77436,69376,70760,80659,80891
TAS,151,1344,Other education manager,421,75900,68866,67985,65763,78789,73026
TAS,152,2121,"Artistic director, media producer or presenter",175,75672,71717,70648,69797,79036,73534
TAS,153,7119,Other machine operator,808,75597,70675,71890,70688,78161,73030
TAS,154,1413,Hotel or motel manager,382,75442,68534,67267,66197,78299,72205
TAS,155,2410,School teacher - type not specified,814,75414,75994,66059,68871,79075,79960
TAS,156,2233,Training and development officer,193,75323,72255,65858,68290,79949,75265
TAS,157,8391,Metal engineering process worker,314,75275,67711,70295,67189,77116,69282
TAS,158,3212,Motor mechanic,2354,75242,70989,74732,71646,79050,74473
TAS,159,4112,"Dental hygienist, technician or therapist",157,74889,70668,71531,71558,78893,74977
TAS,160,7212,Earthmoving plant operator,1121,74404,72361,72729,74399,78422,76832
TAS,161,2422,TAFE teacher or tutor,673,74395,77418,70129,77883,77916,80649
TAS,162,9232,Consultant - urban and regional planner,16,74197,53073,60408,38887,84524,53970
TAS,163,2231,Human resource professional,1136,74195,69566,70868,68457,76534,71388
TAS,164,5412,Inquiry clerk,151,73979,69937,67703,69835,75824,71184
TAS,165,2725,Social worker,1424,73791,72453,69339,70890,76717,75057
TAS,166,5610,Public servant - administrative service officer - levels 1-2,247,73732,63734,63592,61217,75689,66409
TAS,167,7331,Truck driver,4280,73698,73253,72187,74069,76949,75973
TAS,168,5310,Public servant - administrative service officer - levels 3-4,832,73680,72106,70039,70682,75313,73218
TAS,169,5523,"Insurance, money market or statistical clerk",384,73275,69742,71468,68436,75813,71372
TAS,170,2491,Education advisor or reviewer,311,73231,69333,63282,63071,75977,72081
TAS,171,1211,Aquaculture farmer,648,73092,67334,71859,69002,76094,70658
TAS,172,1341,Child care centre director,131,72935,71492,70312,70617,76148,73452
TAS,173,9611,Consultant - sales representative (wholesale),55,72882,63476,63175,67261,78660,72305
TAS,174,8217,Structural steel construction worker,356,72550,66276,68028,66984,77449,72067
TAS,175,5912,Receiving and dispatching clerk,269,72513,68137,70513,69086,74470,71572
TAS,176,3995,Performing arts technician,200,72388,57645,51560,50517,76005,62558
TAS,177,5521,"Bank teller, officer or employee",1060,72287,67303,69378,66231,74428,69129
TAS,178,4411,Defence force member - other ranks,199,71682,67663,57724,59938,73709,69937
TAS,179,2511,Dietician,146,71535,67596,59289,61728,74465,70594
TAS,180,3222,Sheetmetal trades worker,162,70894,66064,68340,67545,73793,68575
TAS,181,3312,Carpenter and joiner,2500,70273,68211,68891,70536,76991,75121
TAS,182,3111,Agricultural technician,183,70209,68278,67674,70103,73005,71359
TAS,183,2324,"Graphic or web designer, or illustrator",448,70197,66716,63232,63306,72682,68434
TAS,184,2123,"Film, television radio or stage director",153,70118,62115,61445,58245,73044,64110
TAS,185,3113,Primary products inspector,211,70030,71917,66311,69798,72563,74353
TAS,186,3923,Printer,68,69892,61520,64936,61459,71738,62906
TAS,187,5111,"Contract, program or project administrator",5421,69819,66284,65886,64927,71646,68171
TAS,188,5513,Payroll clerk,366,69671,70104,67008,69457,71966,72188
TAS,189,3999,Other miscellaneous technician and trades worker,654,69655,66209,66228,65304,73343,69001
TAS,190,5991,Conveyancer or legal executive,143,69538,63768,64240,62151,71691,65303
TAS,191,1414,Licensed club manager,31,68915,66437,65547,65575,71646,66987
TAS,192,2122,"Author, or book or script editor",36,68714,38880,47452,27337,74512,44522
TAS,193,1421,Retail manager,2416,68694,60961,61112,59797,71149,62765
TAS,194,7113,Paper or wood processing machine operator,324,68612,63946,67743,64361,70567,66087
TAS,195,8215,Paving and surfacing labourer,526,68159,66913,66306,67487,70598,69249
TAS,196,2242,"Archivist, curator or records manager",296,68122,64410,63192,61048,70249,65695
TAS,197,2246,Librarian,171,68051,71138,63298,67929,70225,73254
TAS,198,5994,Human resource clerk,110,67803,63406,65197,64154,70000,66377
TAS,199,2323,"Fashion, industrial or jewellery designer",56,67702,60164,62658,56400,70283,61242
TAS,200,5211,Personal assistant,793,67592,65558,62289,64497,70038,67846
TAS,201,3991,Boat builder or shipwright,67,67378,56044,65350,55985,70960,59776
TAS,202,2411,Pre-school or kindergarten teacher,284,67214,65972,64292,65406,70593,69711
TAS,203,6112,Insurance agent or salesperson,130,67139,58401,62150,58560,69395,60910
TAS,204,9552,Consultant - insurance (clerical),25,67033,58886,64689,58542,68248,59562
TAS,205,5121,Office administrator or manager,3778,66899,60452,56431,56712,69154,62400
TAS,206,7112,Industrial spray painter,87,66444,63600,67353,65719,69472,66328
TAS,207,4513,Funeral worker,105,65980,64998,55396,58753,67657,66394
TAS,208,2325,Interior designer,69,65929,54626,54101,50381,67640,57246
TAS,209,3233,Precision metal trades worker,73,65641,63432,60892,62573,68048,64517
TAS,210,2415,Special needs teacher,295,65277,62611,59940,58664,69060,66595
TAS,211,3131,IT support technician,641,65122,64536,62603,64058,66652,66295
TAS,212,3311,Bricklayer or stonemason,219,64970,60281,56431,56445,69390,63673
TAS,213,3241,Panel beater,182,64762,64332,63601,65259,68041,67851
TAS,214,3114,Science technician,437,64746,64948,59729,62602,66118,66781
TAS,215,1492,Call or contact centre or customer service manager,2158,64356,60975,61586,60695,66393,63095
TAS,216,3332,Plasterer,428,64222,62165,58747,60908,69669,68135
TAS,217,8311,Food or drink factory worker,2111,64181,60227,62478,60020,65754,61886
TAS,218,3331,Glazier,371,64095,60661,61976,63261,67218,64486
TAS,219,5511,Accounting clerk,1612,63592,59948,58752,59193,65704,62393
TAS,220,2721,Counsellor,414,62483,62070,57302,59409,65511,64384
TAS,221,2112,Music professional,150,62482,55856,43635,31422,66461,59619
TAS,222,3931,Canvas or leather goods maker,17,62361,53920,48789,55443,68386,56892
TAS,223,5993,Debt collector,33,62273,62799,57610,62953,64842,65480
TAS,224,3243,Vehicle painter,143,61832,61977,62277,63330,64318,64131
TAS,225,1412,Caravan park manager,55,61774,59753,50981,52991,64771,61324
TAS,226,4422,Security officer or guard,1155,61581,60613,58528,60738,64126,63538
TAS,227,7115,Plastics or rubber production machine operator,126,61499,58345,59911,59763,64354,59940
TAS,228,4516,Tourism or travel adviser,241,61414,54939,58988,53488,63986,56731
TAS,229,2519,Other health diagnostic and promotion professionals,87,61183,55279,54271,52938,64186,59328
TAS,230,3941,Cabinet maker,204,61066,60955,58836,60999,64685,63762
TAS,231,2493,Teacher of English to speakers of other languages,39,60973,53928,56758,55226,63372,55368
TAS,232,8212,Concreter,392,60910,58874,58895,60930,64651,64191
TAS,233,5992,Court or legal clerk,306,60783,59723,56024,57215,62448,61453
TAS,234,7213,Forklift driver,610,60756,59188,58228,58524,62288,60624
TAS,235,2113,Photographer,84,60693,54012,47313,43566,64167,57134
TAS,236,4314,Hotel service manager,153,60606,59340,59441,59573,62630,62428
TAS,237,5212,Secretary,500,60418,57438,51593,53576,62429,58410
TAS,238,1493,Conference and event organiser,336,60211,58811,53201,54585,62488,61589
TAS,239,3996,Signwriter,84,60085,56205,55474,55768,62359,58597
TAS,240,6113,Sales representative,3189,60067,56510,56183,55262,62340,58356
TAS,241,1419,Other accommodation or hospitality manager,55,59985,52382,48975,42980,62312,54785
TAS,242,8399,Other factory process worker,1313,59770,54672,56920,54137,61255,55997
TAS,243,6215,Retail supervisor,634,59671,55356,55845,54257,61478,57085
TAS,244,3511,Baker or pastrycook,558,59588,59464,56033,58329,61226,61067
TAS,245,2726,"Welfare, recreation or community arts worker",109,59326,57192,54532,56613,61314,60707
TAS,246,5411,Call or contact centre worker,1494,59192,58801,55454,57774,60445,60144
TAS,247,3321,Floor finisher,155,59030,57995,54222,56148,61707,59936
TAS,248,4114,Enrolled or mothercraft nurse,849,58783,57550,56526,57247,61404,60972
TAS,249,4234,Special care worker,66,58704,51903,55589,52450,60112,53242
TAS,250,9221,Consultant - tax accountant,86,58613,52505,52500,52300,62220,53732
TAS,251,8214,Insulation or home improvement installer,95,58558,58011,52344,58533,60576,61543
TAS,252,5999,Other miscellaneous clerical or administrative worker,606,58538,54613,48404,49003,60982,56525
TAS,253,7219,Other mobile plant operator,216,58405,55212,57177,56322,60860,57744
TAS,254,1411,Café or restaurant manager,1144,58405,53167,51744,52688,60718,55326
TAS,255,4524,Sportsperson,279,58397,34244,49470,26107,61325,34860
TAS,256,3623,Greenkeeper,96,58265,57346,58336,58152,60133,59285
TAS,257,1491,"Amusement, fitness or sports centre manager",88,58212,52808,52728,53006,61965,56798
TAS,258,3994,Jeweller,34,57808,50770,48026,46469,59085,54569
TAS,259,8996,Rubbish or recycling collector,75,57695,59573,56421,59077,59154,60473
TAS,260,3922,Graphic pre-press trades worker,21,57361,54411,54159,51656,58745,54511
TAS,261,3333,Roof tiler,32,57208,54979,57715,56527,59676,58505
TAS,262,4313,Gaming worker,122,56840,59246,56007,59655,58087,60270
TAS,263,3921,"Binder, finisher or screen printer",47,56652,55390,55539,53902,59022,56265
TAS,264,5616,Switchboard operator,55,56626,55674,54296,54706,57738,55674
TAS,265,3513,Chef,2973,56625,56337,55650,57084,58960,58720
TAS,266,3512,Butcher or smallgoods maker,340,56462,54817,53828,54715,58066,56320
TAS,267,8312,"Meat boners and slicer, or slaughterer",267,56288,56914,54747,57462,58175,58151
TAS,268,5911,Purchasing or supply logistics clerk,1463,56142,54542,53650,53967,57791,56567
TAS,269,8394,Timber or wood process worker,592,56110,52437,52662,51709,57266,53516
TAS,270,5321,Keyboard operator,293,56066,54235,48272,51334,58373,55276
TAS,271,4117,Welfare support worker,6011,55568,53401,52824,52296,59165,57290
TAS,272,5311,Administration assistant or office worker,6195,55240,51385,47024,47602,56971,53165
TAS,273,5614,Mail sorter,139,55232,57350,54396,58604,57470,61304
TAS,274,5612,Courier or postal deliverer,694,55119,53657,50948,53417,56760,55938
TAS,275,3112,Medical technician,697,55096,52496,52075,51387,56708,54226
TAS,276,8392,Plastics or rubber factory worker,49,55073,52440,51795,52005,56313,53404
TAS,277,9323,Apprentice or trainee - mechanical trades engineering trades worker,136,54779,50239,56070,51467,57591,54607
TAS,278,3322,Painting trades worker,603,54605,54799,50044,53629,58277,58381
TAS,279,8211,Building or plumbing labourer,2188,54460,53472,51672,52483,57800,57019
TAS,280,4512,Driving instructor,51,54447,56391,50269,55059,56841,57506
TAS,281,4115,Aboriginal and Torres Strait Islander health worker,46,54255,54771,52225,55319,56428,55639
TAS,282,8995,Printing assistant or table worker,22,54115,59083,51867,59846,56053,62548
TAS,283,6212,IT sales assistant,60,53639,47256,50934,49777,55856,50523
TAS,284,4233,Nursing support or personal care worker,1849,53267,52292,51054,51305,55494,54186
TAS,285,3993,"Gallery, library or museum technician",352,53250,51378,50014,50496,55520,53333
TAS,286,5997,Library assistant,86,52828,44855,38709,37410,54097,45874
TAS,287,2724,Social professionals,167,52790,45663,43905,35804,55847,46830
TAS,288,7117,Textile or footwear production machine operator,15,52750,47613,52129,43917,53375,47613
TAS,289,3933,Upholsterer,45,52705,51445,50384,50546,54316,52342
TAS,290,3242,Vehicle body builder or trimmer,8,52555,41203,43699,44327,54894,41933
TAS,291,3334,Wall and floor tiler,101,52457,50071,45471,44865,54952,52948
TAS,292,5512,Bookkeeper,506,51499,45709,41586,39279,54145,47870
TAS,293,3942,Wood machinist or other wood trades worker,98,51430,50346,50371,50645,52977,51490
TAS,294,9451,"Consultant, apprentice or trainee - personal service or travel",77,51394,44458,44109,40652,52725,45295
TAS,295,8994,Motor vehicle parts and accessories fitter,300,51331,52656,51313,54118,53030,54666
TAS,296,9341,Apprentice or trainee - electrician,669,51143,47171,51742,49315,55228,51826
TAS,297,9342,Apprentice or trainee - electronics or telecommunications trades worker,90,50990,46929,52352,48787,54827,50374
TAS,298,7411,Storeperson,2601,50617,52109,48717,51986,51845,53238
TAS,299,8322,Assembly line worker,434,50270,48107,47853,47604,51706,49174
TAS,300,9730,Apprentice or trainee - transport and distribution driver,9,50268,52946,49444,54387,51012,55941
TAS,301,8999,Other miscellaneous labourers,3115,50259,47679,46368,46703,52359,49639
TAS,302,3624,Nurseryperson,292,50155,46820,45093,46727,51970,48121
TAS,303,5619,Other clerical or office support worker,207,50072,49894,48912,50711,51565,52034
TAS,304,9712,Apprentice or trainee - miner,9,49686,42751,47451,48872,54975,48872
TAS,305,8991,Caretaker,89,49486,49906,42607,42521,51396,50712
TAS,306,4231,Aged or disabled carer,6918,49383,46317,46754,45039,52320,48793
TAS,307,3613,Veterinary nurse,313,49320,48766,47229,48231,50598,50449
TAS,308,2249,Other information and organisation professional,403,49094,37179,38047,17736,51740,39853
TAS,309,7312,Bus or coach driver,1029,48573,47755,42466,42285,50350,49767
TAS,310,8213,Fencer,124,48232,44160,43278,45463,50985,47040
TAS,311,6394,Ticket seller,193,47976,46920,45466,44877,49511,48434
TAS,312,8313,"Meat, poultry or seafood process worker",1150,47889,48958,45723,48949,49133,50338
TAS,313,6392,Retail or wool buyer,118,47548,35274,44156,33481,49543,37070
TAS,314,9530,Apprentice or trainee - clerical services,10,47338,49044,44086,43844,48698,50142
TAS,315,2492,Private teacher or tutor,306,47242,38410,37684,28929,49883,42075
TAS,316,5613,Filing clerk,20,47168,46328,34927,35297,48341,47381
TAS,317,4521,Fitness instructor,357,46644,43185,36287,32104,49091,46595
TAS,318,6395,Window dresser,7,46594,54226,46873,54419,47341,54554
TAS,319,4514,"Gallery, museum or tour guide",580,46408,41721,37630,35748,48941,43517
TAS,320,9322,Apprentice or trainee - metal fabrication engineering trades worker,238,46280,43391,46543,45050,48801,45738
TAS,321,9420,Apprentice or trainee - care and community services,21,46208,39191,32179,32506,47899,39544
TAS,322,4232,Dental nurse or assistant,747,46091,45506,43157,44305,47252,46687
TAS,323,9399,Apprentice or trainee - miscellaneous technicians or trades worker,55,46011,41425,45184,43204,48456,45324
TAS,324,9334,Apprentice or trainee - plumber,336,45736,44158,48472,47613,49978,50036
TAS,325,5421,Receptionist,2604,45420,44539,41123,42003,46490,45375
TAS,326,2522,Complementary health therapist,80,45311,41696,38488,33904,47919,44100
TAS,327,6393,Telemarketer,61,44630,42120,39869,42792,46041,45950
TAS,328,7211,"Agricultural, forestry or horticultural plant operator",2305,44413,41660,42031,40337,46768,43709
TAS,329,7321,Delivery driver,1472,43999,45290,41123,42983,45578,46823
TAS,330,5611,Betting clerk,12,43717,41759,39717,38201,44754,42275
TAS,331,3221,"Metal casting, forging or finishing trades worker",14,43584,46564,36037,43595,44415,46745
TAS,332,8993,Handyperson,336,43418,43427,37386,36176,45682,45473
TAS,333,2111,"Actor, dancer or other entertainer",209,43381,32392,26481,13361,46264,33715
TAS,334,3911,Hairdresser,805,43270,40500,36972,35921,44852,42114
TAS,335,3514,Cook,1093,42461,42324,40919,41296,44104,43280
TAS,336,4522,Outdoor adventure guide,220,42456,38878,37873,36317,46387,42849
TAS,337,7311,Automobile driver,70,42225,36147,28287,18761,44700,37501
TAS,338,9313,Apprentice or trainee - information technology technician or telecommunications technical specialist,61,42223,42279,38600,38112,42813,43519
TAS,339,9324,Apprentice or trainee - automotive - other,80,42157,41786,44001,43589,44830,44167
TAS,340,9331,"Apprentice or trainee - bricklayer, or carpenter and joiner",1549,42145,40855,44227,44008,48290,47915
TAS,341,4211,Child carer,2906,41914,41220,39294,39983,43240,42562
TAS,342,9321,Apprentice or trainee - automotive mechanic or electrician,490,41748,39513,43465,42431,44724,43232
TAS,343,9899,"Apprentice or trainee - deck or fishing hand, or autoglazier",39,41739,31819,37833,33051,43548,36367
TAS,344,4523,"Sports coaches, instructors and officials",585,41272,33283,33652,23743,43279,34838
TAS,345,8111,Car detailer,377,41150,44776,39447,44903,42144,45740
TAS,346,9351,Apprentice or trainee - food trades worker,511,40639,41269,39946,41305,41839,42080
TAS,347,6219,Other sales assistant or salesperson,1928,40436,37917,36386,34943,41408,39054
TAS,348,9394,Apprentice or trainee - wood trades worker,14,40344,37508,39820,37834,44130,42351
TAS,349,9410,Apprentice or trainee - health and welfare support services,23,40160,37230,40280,37920,41594,38396
TAS,350,8115,Laundry worker,399,40141,39216,37931,38139,41612,39818
TAS,351,3611,Animal attendant or trainer,381,39968,38281,36913,37034,41478,39412
TAS,352,9361,"Apprentice or trainee - animal attendant, trainer or shearer",67,39763,38005,37681,36851,41641,41314
TAS,353,8112,Cleaner - commercial,3956,39737,37466,35656,34035,41179,38961
TAS,354,2114,Visual arts and crafts professional,49,39494,33718,30998,22269,41660,34478
TAS,355,9393,"Apprentice or trainee - textile, clothing or footwear trades worker",11,39383,37680,39997,35521,40367,37680
TAS,356,7114,Photographic developer and printer,23,39274,37680,40199,39804,42080,39810
TAS,357,6216,Service station attendant,167,39037,38660,33941,32545,39970,38993
TAS,358,8393,Product quality controller,122,38896,33489,35851,32003,40088,35708
TAS,359,6391,Model or sales demonstrator,349,38760,34539,35180,31641,40748,37368
TAS,360,4518,Other personal service worker,172,38549,30935,30513,24035,40175,32596
TAS,361,6214,Pharmacy sales assistant,1016,38476,37212,34471,34296,39397,37816
TAS,362,8997,Vending machine attendant,47,38406,40966,35688,39289,38807,42304
TAS,363,9362,Apprentice or trainee - horticultural trades worker,89,38331,38778,37111,38788,39200,38970
TAS,364,4319,Other hospitality worker,1470,38322,36621,36280,34369,39553,37710
TAS,365,8116,Other cleaner,1078,38287,35438,33565,30267,39541,36703
TAS,366,4515,Personal care consultant,18,38149,28481,26183,19359,38723,29092
TAS,367,6211,Sales assistant - general,9156,38079,35929,34096,32206,39032,36669
TAS,368,9332,Apprentice or trainee - floor finisher,162,38062,38676,38767,41220,41320,42726
TAS,369,4311,Bar attendant or barista,2199,38029,36219,34509,33354,38983,37068
TAS,370,4221,Education aide,3449,37931,36019,33021,33092,39097,37173
TAS,371,8512,Pastry cook's assistant,389,37766,38652,34571,35361,38570,39467
TAS,372,9621,Consultant - sales assistant (retail),771,37761,36176,34630,32656,38639,36928
TAS,373,9333,Apprentice or trainee - tiler or plasterer,148,37708,39723,38325,40266,41796,43639
TAS,374,3932,Clothing trades worker,43,37706,33449,35684,32660,38977,34113
TAS,375,2722,Religious leader,376,37547,32145,30555,29261,41383,34595
TAS,376,4113,Diversional therapist,68,37500,34519,32819,33293,38648,35393
TAS,377,4511,Beauty therapist,377,37269,35294,32771,30792,38317,36562
TAS,378,9831,"Apprentice or trainee - food, drink or meat processor",14,37116,25694,35516,20223,38614,25694
TAS,379,6217,Street vendor or related salesperson,28,36545,31925,32334,31668,37498,32525
TAS,380,7116,Sewing machinist,108,36165,35530,33591,34846,37092,36470
TAS,381,9510,Apprentice or trainee - business services,41,35653,35727,33945,35292,36563,36139
TAS,382,9392,Apprentice or trainee - printer or graphic artist,11,35409,35920,33306,34828,35834,36174
TAS,383,8912,Shelf filler,515,35208,33442,33356,30432,36015,34243
TAS,384,9311,Apprentice or trainee - agricultural or medical technician,26,35089,29904,37336,34581,38574,36077
TAS,385,3621,Florist,82,34754,33828,29982,29458,35568,34316
TAS,386,8114,Housekeeper,1451,34490,33080,31082,28903,35508,33875
TAS,387,4116,Massage therapist,233,34312,31515,30624,27464,36309,34038
TAS,388,9550,Apprentice or trainee - financial services,10,33900,31469,30200,27692,34222,31915
TAS,389,8321,Packer,1030,33594,31689,31349,29805,34673,33437
TAS,390,9841,"Apprentice or trainee - farm, forestry or garden worker",101,33364,27074,30926,26281,35358,28388
TAS,391,4315,Waiter,3410,33143,29568,29699,25778,33853,30266
TAS,392,9391,Apprentice or trainee - hair dresser,167,32236,31110,31223,31110,33571,32074
TAS,393,8513,Kitchen hand,2406,32020,29939,28787,26382,32929,30744
TAS,394,9811,Apprentice or trainee - cleaning services,115,31697,28139,26319,21462,32784,28840
TAS,395,6311,Checkout operator or office cashier,4764,31023,29326,28421,25730,31659,29840
TAS,396,8113,Cleaner - domestic,543,30967,30132,24668,22223,32433,31260
TAS,397,4312,Café worker,1382,30148,27671,26059,22838,30834,28296
TAS,398,9431,Apprentice or trainee - hospitality,78,29085,23574,27757,20476,30464,24752
TAS,399,5615,Market research interviewer,98,28861,25509,19177,12380,31111,25884
TAS,400,9452,Apprentice or trainee - sport and recreation,40,26033,20857,24254,19506,26785,21011
TAS,401,9741,Apprentice or trainee - storeperson,10,25605,17559,23726,12447,25861,17559
TAS,402,8511,Fast food cook,1711,24590,20348,22529,17620,25066,20454
TAS,403,6200,Sales assistant - type not specified,11,22222,24271,21252,19507,22363,24571
VIC,1,2532,Anaesthetist,1046,496756,490731,297074,266795,515446,509711
VIC,2,2535,Surgeon,1307,477943,379357,219599,189764,503598,401504
VIC,3,2533,Internal medicine specialist,3074,327669,281653,225849,195612,344926,300843
VIC,4,2222,Financial dealer,1164,316876,155858,261735,146440,334209,160264
VIC,5,2539,Other medical practitioners,7977,269048,174776,200036,146295,288344,187962
VIC,6,2534,Psychiatrist,1028,258930,233253,202987,184891,270353,245951
VIC,7,2712,Judicial or other legal professionals,1363,191200,121362,168485,107349,196966,124935
VIC,8,2223,Financial investment advisor or manager,5734,187828,116192,153173,112368,196020,123193
VIC,9,2711,Barrister,358,185650,64901,69482,29723,194093,68084
VIC,10,1111,Chief executive officer or managing director,59171,179706,83524,122081,73500,188543,88799
VIC,11,2336,Mining engineer,555,175522,155412,162044,151357,181365,157839
VIC,12,1332,Engineering manager,7200,171662,148455,156563,145585,177544,154044
VIC,13,2311,Air transport professionals,3011,166206,148363,163961,148087,174977,156516
VIC,14,9224,Consultant - management,9051,163791,123536,137587,117889,170769,129273
VIC,15,2252,IT sales professional,6089,161143,130203,153638,130939,167414,136399
VIC,16,1351,IT manager,25104,159941,145808,153427,145451,164810,150359
VIC,17,2531,General medical practitioner,11809,158908,131756,129677,118032,169097,142969
VIC,18,2523,Dental practitioner,2352,157561,117352,88557,69116,168497,124729
VIC,19,2243,Economist,1123,157086,124896,140387,122171,161111,127439
VIC,20,1343,School principal,3422,156900,155307,156850,157865,162957,161081
VIC,21,2713,Solicitor,18521,151450,117494,133132,110220,156308,121473
VIC,22,3992,"Chemical, gas, petroleum or power generation plant operator",1874,150562,134292,144595,131236,154459,138018
VIC,23,9222,Consultant - financial investment,1454,148281,97017,132614,91855,154705,100797
VIC,24,3422,Electrical distribution trades worker,2555,147776,147146,142211,142161,154286,153085
VIC,25,1321,Corporate services manager,3399,146928,118383,133141,116842,152059,122572
VIC,26,1323,Human resource manager,9291,144772,121119,137078,119601,149275,125677
VIC,27,2344,Geologist or geophysicist,943,142636,117376,130591,113035,146636,120384
VIC,28,1335,Production manager,4463,141138,110074,120730,106499,145583,114291
VIC,29,9261,Consultant - IT business analyst,8747,140444,131267,134947,130522,144649,135140
VIC,30,1112,General manager,72075,139933,100159,118933,94034,145551,105099
VIC,31,1322,Finance manager,18700,137134,105332,125851,102170,141998,110097
VIC,32,2312,Marine transport professional,1100,133928,121681,126890,116866,139894,127199
VIC,33,7121,"Crane, hoist or lift operator",1996,133259,126506,128532,125802,141407,133268
VIC,34,2245,Land economist or valuer,1354,132855,105913,124327,108015,142270,113703
VIC,35,1311,Advertising and sales manager,53805,131987,105834,122650,103196,138103,111636
VIC,36,1333,"Importer, exporter or wholesaler",818,131950,80284,85684,75520,136996,84269
VIC,37,1324,Policy and planning manager,7256,131147,120976,125100,119534,134434,123244
VIC,38,1325,Research and development manager,3604,130483,107457,114759,105918,135139,111657
VIC,39,8216,Railway track worker,1836,128473,128157,128486,129752,139143,140170
VIC,40,2633,Telecommunications engineering professional,2775,127961,121930,127570,124668,131878,125240
VIC,41,7313,Train or tram driver,3495,127227,124400,127252,124720,131227,128838
VIC,42,2331,Chemical or materials engineer,2349,126724,114374,120509,112287,130391,117515
VIC,43,2339,Other engineering professional,8621,126210,110686,117884,109584,130766,114692
VIC,44,2613,Software and applications programmer,46508,126206,119887,121472,119683,129461,122969
VIC,45,2631,Computer network professional,10379,126057,116508,122960,117105,130449,120640
VIC,46,2347,Veterinarian,2966,125481,99719,93134,91540,132297,104966
VIC,47,1499,"Other hospitality, retail or service manager",10191,125440,106547,123214,107907,130108,111145
VIC,48,1331,Construction manager,22553,125315,110702,119281,110227,132044,117368
VIC,49,2333,Electrical engineer,7262,123277,114810,119161,115022,127871,119561
VIC,50,5122,Practice manager,15075,122631,94562,107480,90006,127726,99262
VIC,51,9133,Consultant - construction manager,416,122557,102763,115057,102865,129266,110127
VIC,52,2332,Civil engineering professional,17312,122183,107616,118680,108045,126582,111753
VIC,53,1336,Supply and distribution manager,7239,121763,106466,119412,106746,126220,110641
VIC,54,4412,Fire or emergency service worker,5886,121753,117731,115768,114219,127065,122929
VIC,55,2611,IT business or systems analyst,20292,121208,114106,118104,113742,124730,117471
VIC,56,9250,Consultant - medical,393,121035,84336,93730,73649,128308,89521
VIC,57,3231,Aircraft maintenance engineer,1649,120062,107045,117466,109157,125752,112738
VIC,58,7122,"Driller, miner or shot firer",2012,119787,113086,117355,113909,124988,118813
VIC,59,9233,Consultant - engineering,3085,117911,99951,109130,98765,122204,103729
VIC,60,2212,"Auditor, company secretary or corporate treasurer",8179,117707,97096,112588,96662,121454,100944
VIC,61,2221,Financial broker,5423,116364,87284,106540,85208,121576,91633
VIC,62,2334,Electronics engineer,2156,115771,109176,111658,108563,122550,112435
VIC,63,2211,Accountant,52893,115125,94117,107828,92705,119772,98345
VIC,64,5996,"Insurance investigator, loss adjuster or risk surveyor",562,114723,97070,112707,97040,119169,101644
VIC,65,8217,Structural steel construction worker,7729,114079,107511,108700,104687,122608,116645
VIC,66,1391,Commissioned officer - management,2070,113566,103893,101919,94312,117585,107857
VIC,67,2335,"Industrial, mechanical or production engineer",13877,112091,100322,106074,100393,115794,104081
VIC,68,4111,Ambulance officer or paramedic,6971,111364,113440,111584,115741,116298,117903
VIC,69,2326,Urban and regional planner,3248,110736,100413,104218,99456,114076,103246
VIC,70,1392,Senior non-commissioned defence force member,584,110722,106469,98890,106617,114399,110751
VIC,71,2621,"Database or systems administrator, or IT security specialist",9729,109944,99513,105751,98902,113501,102861
VIC,72,2513,Occupational and environmental health professional,3657,109762,99751,106313,101039,114502,104122
VIC,73,4413,Police,17710,109666,106009,93556,91556,113908,110372
VIC,74,2254,Technical sales representative,7132,108134,95588,103720,93709,115712,101627
VIC,75,3126,Safety inspector,1580,108038,101331,103920,100549,113478,106036
VIC,76,2322,Cartographer or surveyor,2651,107577,98986,100694,97225,111542,102051
VIC,77,6111,"Auctioneer, or stock and station agent",540,107039,83025,101319,85690,113802,87074
VIC,78,3411,Electrician,17284,107036,100778,103553,100268,113321,106716
VIC,79,1113,Legislator,983,106865,81554,94836,81329,118443,85218
VIC,80,2612,Multimedia specialist or web developer,2826,106410,96481,100405,94744,109381,99957
VIC,81,3123,Electrical engineering draftsperson or technician,3169,106213,97943,102479,96905,110952,103354
VIC,82,2244,Intelligence or policy analyst,4579,105617,100555,101954,99547,108446,103145
VIC,83,2247,Management and organisation analyst,6856,105498,93112,101278,92225,109345,96738
VIC,84,9442,"Consultant, apprentice or trainee - security and correctional services",364,105230,85692,103780,86332,109202,88866
VIC,85,3132,Telecommunications technical specialist,1493,104800,98214,100516,98158,108346,101725
VIC,86,2121,"Artistic director, media producer or presenter",3314,104777,87275,92842,84027,109829,91183
VIC,87,9225,Consultant - marketing and public relations,2903,102848,83045,91915,78185,107438,86858
VIC,88,2345,Life scientist,5626,102313,91257,91822,90217,105283,93878
VIC,89,2253,Public relations officer,5556,102151,91283,96508,89857,105103,94148
VIC,90,2241,"Actuary, mathematician or statistician",5439,101335,90420,98211,90900,104268,93015
VIC,91,9223,Consultant - human resources,3626,101234,89058,95471,86720,105328,92684
VIC,92,9251,Consultant - occupational health and safety,826,101120,92268,94910,91008,106320,95711
VIC,93,2512,Medical imaging professional,4640,100766,98619,98087,98182,104923,102441
VIC,94,6121,Real estate sales agent,18886,100759,70172,94181,71290,109356,77454
VIC,95,2321,Architect or landscape architect,6968,100632,85440,92199,83444,105927,89386
VIC,96,2632,IT support or test engineer,8272,97022,87524,96349,88249,100317,90598
VIC,97,3232,Metal fitter or machinist,10946,96968,90003,94997,90544,101126,94040
VIC,98,2349,Other natural or physical science professional,2756,96900,87620,91577,85270,100304,91263
VIC,99,7129,Other stationary plant operator,3684,96701,91686,94474,91470,100780,95222
VIC,100,9612,Consultant - real estate representative,990,96518,62542,89334,62277,103323,68196
VIC,101,1494,Transport services manager,6848,96423,87698,93052,88686,100802,91723
VIC,102,3421,Air conditioning and refrigeration mechanic,2912,96378,92465,92908,92533,102080,97408
VIC,103,6213,Motor vehicle and vehicle parts salesperson,3103,96064,86615,91901,86353,99988,90765
VIC,104,2342,"Chemist, or food and wine scientist",5172,95840,87188,90758,87275,99028,89925
VIC,105,3121,"Architectural, building or surveying technician",15573,95393,85125,91260,85395,100071,89249
VIC,106,2421,University lecturer or tutor,20342,95281,88091,87602,84380,99436,92698
VIC,107,3129,Other building or engineering technician,3224,94978,84319,91524,84603,98343,87677
VIC,108,1399,Other specialist manager,10299,94513,83740,91257,84117,98121,87008
VIC,109,2341,Agricultural or forestry scientist,2302,94421,85366,90567,84984,98308,88910
VIC,110,3211,Automotive electrician,2563,94400,86171,90312,84221,99611,90467
VIC,111,5521,"Bank teller, officer or employee",20199,94362,81373,93062,82052,97430,83963
VIC,112,8992,Deck or fishing hand,706,94280,76119,92196,78999,98614,81837
VIC,113,2346,Medical laboratory scientist,4486,93870,87717,90651,86868,97021,90559
VIC,114,5995,Inspector or regulatory officer,4834,93865,90958,92489,91094,97184,94071
VIC,115,2251,Advertising and marketing professional,19872,93758,79817,88884,79034,97349,82946
VIC,116,1413,Hotel or motel manager,2609,93429,69105,72931,68874,97406,72330
VIC,117,8219,Other construction or mining labourer,1727,93027,79658,90589,80461,97161,84391
VIC,118,3423,Electronic equipment trades worker,6816,92982,78848,88273,78570,96373,81832
VIC,119,9232,Consultant - urban and regional planner,278,92848,82919,88128,80230,96224,85999
VIC,120,2231,Human resource professional,17462,92477,78566,88516,77855,95815,81393
VIC,121,3124,Electronic engineering draftsperson or technician,1251,92403,85243,87777,84253,96132,88413
VIC,122,2543,Nursing supervisor or manager,2334,91772,90878,90972,92294,95908,95149
VIC,123,6112,Insurance agent or salesperson,2278,91076,73612,85997,73457,94406,76469
VIC,124,2514,Optometrist or orthoptist,1899,90835,84901,77435,78746,96244,90536
VIC,125,5522,Credit or loans officer,3267,90621,80743,90035,81901,94209,83699
VIC,126,2723,Psychologist,6972,90230,82432,72961,69657,95238,87485
VIC,127,2515,Pharmacist,7932,90224,81577,75953,75915,95355,86261
VIC,128,3125,Mechanical engineering draftsperson or technician,2545,90077,84591,88775,85746,93848,88373
VIC,129,2343,Environmental scientist,6240,89903,82375,85698,81748,93129,85352
VIC,130,3341,Plumber,19228,89852,86558,85425,86883,96726,92464
VIC,131,2233,Training and development officer,2456,89746,83922,85583,82966,93738,87859
VIC,132,4421,Prison officer,5398,89524,89286,88054,90068,92762,92099
VIC,133,7212,Earthmoving plant operator,8089,89415,83007,86496,83472,94741,87712
VIC,134,5523,"Insurance, money market or statistical clerk",7679,89340,76464,85774,76378,92310,79021
VIC,135,8212,Concreter,6862,88702,80761,82573,80000,95228,86811
VIC,136,2124,Journalist or other writer,4402,88279,79776,80583,76045,91809,82939
VIC,137,3122,Civil engineering draftsperson or technician,2203,87918,84579,86855,84694,91073,87665
VIC,138,2414,Secondary school teacher,43687,87478,88888,84292,88613,90933,92309
VIC,139,9234,Consultant - environmental,896,87023,76217,81322,75050,90259,77979
VIC,140,7219,Other mobile plant operator,2449,86399,75755,84353,74633,90509,78241
VIC,141,1334,Manufacturer,8116,86100,77679,81931,77851,89269,80566
VIC,142,3234,Toolmaker or engineering patternmaker,887,85698,82298,80650,81182,88503,84296
VIC,143,2323,"Fashion, industrial or jewellery designer",3450,85533,73851,80077,71969,88401,76119
VIC,144,9254,Consultant - clinical nurse,311,84866,83550,84672,85422,88789,87726
VIC,145,2123,"Film, television radio or stage director",3229,84808,75524,77399,73145,89289,79555
VIC,146,3424,Telecommunications trades worker,2978,84651,79938,81813,79778,88168,83118
VIC,147,2525,Physiotherapist,7790,84168,77540,71760,73401,89098,82091
VIC,148,1414,Licensed club manager,497,84046,75826,82550,77263,87615,79216
VIC,149,6392,Retail or wool buyer,3444,83823,67859,81370,68682,86796,70317
VIC,150,2542,Nurse educator or researcher,2320,83301,83135,80066,82740,87700,87381
VIC,151,3312,Carpenter and joiner,25562,83041,74358,80013,75747,90828,81324
VIC,152,5310,Public servant - administrative service officer - levels 3-4,5388,82794,78605,77912,77436,85074,80511
VIC,153,1341,Child care centre director,2078,82643,76218,75455,76502,86793,80136
VIC,154,2526,Podiatrist,1235,82146,77389,69304,71069,86457,82831
VIC,155,2324,"Graphic or web designer, or illustrator",12593,81774,73344,75260,71249,84393,75779
VIC,156,9221,Consultant - tax accountant,2052,81616,69750,77828,70312,86723,74285
VIC,157,1344,Other education manager,4763,81181,71348,74745,70131,84871,73914
VIC,158,2511,Dietician,1828,81138,71809,67147,66995,84774,75891
VIC,159,3923,Printer,1725,81004,74022,77969,73885,83322,76210
VIC,160,2413,Middle school teacher,2502,80902,82007,76385,80529,84096,85099
VIC,161,8215,Paving and surfacing labourer,3289,79600,76198,78689,76965,83874,80348
VIC,162,3922,Graphic pre-press trades worker,474,79502,72190,73767,69937,81826,73577
VIC,163,1342,Health and welfare services manager,14432,78856,66196,73872,64348,82487,69521
VIC,164,4411,Defence force member - other ranks,2258,78738,76513,71703,74217,81676,79788
VIC,165,3223,Structural steel or welding trades worker,15221,78736,73436,78017,74886,82656,76927
VIC,166,5610,Public servant - administrative service officer - levels 1-2,2524,78717,70957,69989,67779,81620,73491
VIC,167,5211,Personal assistant,11991,78631,76025,73510,74999,81539,78942
VIC,168,2527,Speech professional or audiologist,4085,78486,76390,70025,71477,82447,80245
VIC,169,5912,Receiving and dispatching clerk,5435,78469,71916,75133,72826,81128,74166
VIC,170,2412,Infant or primary school teacher,49367,78299,79701,75082,79982,81141,82423
VIC,171,5111,"Contract, program or project administrator",58584,77726,70223,73680,69328,80315,72716
VIC,172,3242,Vehicle body builder or trimmer,596,77394,66142,69149,66674,80549,68795
VIC,173,8911,Freight or furniture handler,3307,77156,68447,76761,69190,80740,71558
VIC,174,3241,Panel beater,2713,76946,74760,74678,75400,80688,79061
VIC,175,1419,Other accommodation or hospitality manager,336,76778,68593,70819,64731,80735,72588
VIC,176,9611,Consultant - sales representative (wholesale),987,76750,67753,75087,69522,80688,71450
VIC,177,2242,"Archivist, curator or records manager",3612,76731,71147,69258,67405,79615,73795
VIC,178,4112,"Dental hygienist, technician or therapist",1879,76299,68851,68498,66202,79851,72095
VIC,179,7111,"Clay, concrete, glass or stone processing machine operator",1737,76291,71167,74911,72913,79314,74132
VIC,180,3222,Sheetmetal trades worker,1338,76282,71149,74913,71826,79754,74285
VIC,181,2491,Education advisor or reviewer,5224,76179,69007,70756,66630,79707,72786
VIC,182,2524,Occupational therapist,6202,76170,73975,68503,70019,79718,77371
VIC,183,2544,Registered nurse,94135,75841,72724,74105,72785,79258,76043
VIC,184,2521,Chiropractor or osteopath,1632,75765,68506,57340,52667,80323,73617
VIC,185,2541,Midwife,5914,75444,72186,71219,71525,78825,75490
VIC,186,3113,Primary products inspector,1915,75443,73716,74759,74846,78553,76953
VIC,187,2122,"Author, or book or script editor",744,75022,65668,59994,58277,78386,68742
VIC,188,2325,Interior designer,2618,74839,66624,67366,65000,78039,69518
VIC,189,5513,Payroll clerk,4324,74835,72656,72805,72764,77058,75009
VIC,190,9599,"Consultant, apprentice or trainee - justice and legal services, insurance claims investigation",423,74822,71507,73359,71462,78245,74575
VIC,191,6212,IT sales assistant,1237,74779,51704,71315,51331,77134,52944
VIC,192,5412,Inquiry clerk,1071,74701,70168,70198,68259,76991,72332
VIC,193,2410,School teacher - type not specified,9954,74564,71329,67131,67578,78188,75546
VIC,194,7331,Truck driver,38487,74511,73978,73490,74987,79236,78097
VIC,195,7113,Paper or wood processing machine operator,2348,74222,67529,72193,68148,76476,69296
VIC,196,7123,Metal press operator,514,73876,67997,73399,66735,76391,69186
VIC,197,4524,Sportsperson,4650,73779,36697,66845,31572,78468,38288
VIC,198,6113,Sales representative,48529,73772,62711,69609,62216,77228,65497
VIC,199,2725,Social worker,16154,73762,71576,71205,71501,76907,74724
VIC,200,5121,Office administrator or manager,57711,73609,60678,58750,56636,76448,63099
VIC,201,7112,Industrial spray painter,1106,73335,69520,72673,69248,76664,71767
VIC,202,9552,Consultant - insurance (clerical),446,73218,66009,71114,66685,75680,68127
VIC,203,5991,Conveyancer or legal executive,3403,72966,60583,67449,60074,75856,62998
VIC,204,3243,Vehicle painter,1918,72770,71920,73569,74231,75833,75218
VIC,205,4513,Funeral worker,1005,72738,66810,62459,63553,76185,69573
VIC,206,2246,Librarian,2609,72505,70719,67806,68758,75338,73391
VIC,207,5992,Court or legal clerk,5071,72379,66641,68139,65632,74580,68667
VIC,208,2422,TAFE teacher or tutor,6338,72345,72430,67022,70644,75985,76668
VIC,209,3212,Motor mechanic,23430,72142,67803,71283,69382,75923,71620
VIC,210,1412,Caravan park manager,540,72055,55650,55250,52981,75124,58506
VIC,211,2519,Other health diagnostic and promotion professionals,1642,71925,66123,68605,65587,75453,69816
VIC,212,3331,Glazier,1811,71510,67575,68369,68080,75560,71366
VIC,213,8211,Building or plumbing labourer,23493,71287,62347,68359,62737,76443,66821
VIC,214,3995,Performing arts technician,3269,71284,66450,63297,61574,74782,69988
VIC,215,3233,Precision metal trades worker,782,70973,65301,66010,64111,73651,67524
VIC,216,3311,Bricklayer or stonemason,3315,70654,65133,64805,63290,75601,69167
VIC,217,3332,Plasterer,3469,70446,63742,63678,61548,75762,69166
VIC,218,2112,Music professional,1762,70248,60364,54267,46299,74829,64573
VIC,219,3991,Boat builder or shipwright,344,70029,62870,67166,63685,73778,68332
VIC,220,1213,Livestock farmer,5225,70028,60054,58514,59715,75373,64807
VIC,221,7119,Other machine operator,12401,69970,65809,69389,66855,73001,68400
VIC,222,3131,IT support technician,11187,69914,64572,67724,64933,72202,66853
VIC,223,3996,Signwriter,857,69876,66710,64855,65336,72453,69904
VIC,224,8996,Rubbish or recycling collector,1038,69804,73364,68891,74415,72167,76061
VIC,225,5511,Accounting clerk,21761,69556,63107,64882,62824,72100,65272
VIC,226,5994,Human resource clerk,1429,69546,65069,65642,63642,71556,66706
VIC,227,3999,Other miscellaneous technician and trades worker,6488,69536,62496,65732,62342,72450,65204
VIC,228,1493,Conference and event organiser,6057,69189,66320,65424,65786,72156,69163
VIC,229,1491,"Amusement, fitness or sports centre manager",1668,68921,64551,64958,64301,72181,67955
VIC,230,7115,Plastics or rubber production machine operator,1639,68651,64153,67366,64969,71151,66635
VIC,231,7312,Bus or coach driver,8876,68577,71815,65459,70789,71477,74800
VIC,232,3111,Agricultural technician,974,68338,64351,66327,65268,72004,67018
VIC,233,1492,Call or contact centre or customer service manager,35078,68114,62229,65649,62415,70570,64613
VIC,234,3623,Greenkeeper,788,67891,67689,66850,68468,70358,70624
VIC,235,3994,Jeweller,434,67000,56928,53453,51584,69876,59106
VIC,236,4512,Driving instructor,340,66857,65115,57813,60506,70447,67733
VIC,237,4516,Tourism or travel adviser,2522,66711,62130,62053,60546,70169,65008
VIC,238,2721,Counsellor,4901,66696,64136,62080,62601,70366,67704
VIC,239,1421,Retail manager,32350,66382,60254,62016,59970,69076,62650
VIC,240,5212,Secretary,6379,66282,58416,54038,54023,69110,60873
VIC,241,4517,Travel attendant,2449,66039,59759,63491,59534,70344,64283
VIC,242,3321,Floor finisher,1156,65721,60003,56568,54060,69001,63010
VIC,243,3941,Cabinet maker,6143,65675,62331,63316,63704,69500,66076
VIC,244,8214,Insulation or home improvement installer,1866,65557,60786,61148,60170,69806,64835
VIC,245,4422,Security officer or guard,14534,65546,64331,63513,65145,68612,67482
VIC,246,5911,Purchasing or supply logistics clerk,25246,65447,63219,63182,63593,67856,65792
VIC,247,2726,"Welfare, recreation or community arts worker",1921,65374,63651,62882,63559,68395,67044
VIC,248,2415,Special needs teacher,4721,64892,57878,60765,56056,67837,60653
VIC,249,8391,Metal engineering process worker,3082,64546,59377,63125,59853,66625,61228
VIC,250,9712,Apprentice or trainee - miner,16,64538,53280,71280,57108,68434,58349
VIC,251,3114,Science technician,4233,64289,63992,62127,64062,66113,65783
VIC,252,4115,Aboriginal and Torres Strait Islander health worker,333,64087,62786,62335,61537,66754,65642
VIC,253,4313,Gaming worker,2321,63453,63657,61014,63133,64997,65118
VIC,254,7213,Forklift driver,13056,63281,62350,62704,63170,65798,64705
VIC,255,3921,"Binder, finisher or screen printer",1097,63196,58930,60557,58950,65103,60637
VIC,256,8995,Printing assistant or table worker,681,62992,58988,60490,58352,64824,60779
VIC,257,2724,Social professionals,2517,62817,56329,50206,44195,66303,60036
VIC,258,7114,Photographic developer and printer,318,62744,59183,61131,57827,64463,60629
VIC,259,6394,Ticket seller,2344,62323,57539,59994,56805,64351,59191
VIC,260,3221,"Metal casting, forging or finishing trades worker",432,62214,57020,56841,55901,65358,59437
VIC,261,2114,Visual arts and crafts professional,1103,62076,54487,55546,50121,65941,57731
VIC,262,2411,Pre-school or kindergarten teacher,8100,62017,59970,58892,59287,64632,62856
VIC,263,3933,Upholsterer,530,61984,57430,56809,57091,64072,59050
VIC,264,5512,Bookkeeper,10890,61843,51829,47894,44834,64943,54998
VIC,265,3334,Wall and floor tiler,1573,61225,55277,53706,51000,65076,58794
VIC,266,5993,Debt collector,1054,60845,60235,59758,61804,63067,62642
VIC,267,6395,Window dresser,70,60475,53644,57843,54611,64272,56385
VIC,268,1411,Café or restaurant manager,12943,59890,53842,53418,52618,62672,56273
VIC,269,3322,Painting trades worker,4156,59474,54033,52720,51689,63007,57747
VIC,270,5311,Administration assistant or office worker,73533,59398,51302,47538,46032,61439,53182
VIC,271,2111,"Actor, dancer or other entertainer",3803,59315,35662,40115,21467,63958,38507
VIC,272,5999,Other miscellaneous clerical or administrative worker,6741,59160,53040,48251,46408,61762,55500
VIC,273,8393,Product quality controller,963,58565,51920,56650,53218,60845,55222
VIC,274,2113,Photographer,1603,58473,50566,44674,40000,61818,54479
VIC,275,8311,Food or drink factory worker,16932,58287,54358,57395,55159,60615,56888
VIC,276,5612,Courier or postal deliverer,5868,58251,60086,55748,59761,60833,62476
VIC,277,8994,Motor vehicle parts and accessories fitter,2605,58229,56992,56072,57725,60661,59644
VIC,278,8394,Timber or wood process worker,3276,58096,53989,54694,54284,59806,55901
VIC,279,4234,Special care worker,1304,58061,56795,56934,57431,61366,60253
VIC,280,4117,Welfare support worker,41080,57600,54179,54315,52344,61500,57843
VIC,281,3333,Roof tiler,1092,57591,53925,53944,53093,61012,56613
VIC,282,3942,Wood machinist or other wood trades worker,801,57362,55264,54787,55616,59336,57725
VIC,283,3112,Medical technician,10065,57016,52159,54792,52362,59145,54194
VIC,284,2249,Other information and organisation professional,5400,56963,43068,44830,20716,59599,45859
VIC,285,4314,Hotel service manager,1520,56896,57558,55435,57142,58854,59560
VIC,286,6215,Retail supervisor,6856,56668,51873,54038,51500,59060,53563
VIC,287,3993,"Gallery, library or museum technician",1967,56565,55205,53514,53759,58546,57378
VIC,288,5614,Mail sorter,2332,56330,58378,54974,59072,58297,60409
VIC,289,3512,Butcher or smallgoods maker,3122,56207,52760,52123,52063,58579,55110
VIC,290,5613,Filing clerk,179,56042,41573,33414,28218,57350,43401
VIC,291,7117,Textile or footwear production machine operator,551,55975,54257,53027,53409,58072,56473
VIC,292,2493,Teacher of English to speakers of other languages,1086,55955,49952,52150,46644,58341,51667
VIC,293,5321,Keyboard operator,3792,55487,52846,50800,51416,57403,54621
VIC,294,3511,Baker or pastrycook,5637,55326,55152,52129,54425,57059,56909
VIC,295,8213,Fencer,1063,55192,51429,49770,50524,58614,55768
VIC,296,3513,Chef,35742,54957,54652,54188,55285,57212,56917
VIC,297,2522,Complementary health therapist,1426,54793,47840,46254,42929,58043,50488
VIC,298,9550,Apprentice or trainee - financial services,203,54775,50610,50444,49645,57007,52672
VIC,299,5411,Call or contact centre worker,14633,54387,53586,52556,53455,55868,55242
VIC,300,4114,Enrolled or mothercraft nurse,6054,54031,52709,53801,53735,57216,56126
VIC,301,3932,Clothing trades worker,861,53956,51948,49330,49604,56414,54504
VIC,302,8999,Other miscellaneous labourers,39745,53898,48359,50893,47910,56915,51154
VIC,303,9313,Apprentice or trainee - information technology technician or telecommunications technical specialist,484,53824,48071,52842,47376,55599,49457
VIC,304,9323,Apprentice or trainee - mechanical trades engineering trades worker,804,53575,49464,54257,51162,56730,52689
VIC,305,5619,Other clerical or office support worker,1574,53561,46967,48135,44603,55393,49189
VIC,306,9451,"Consultant, apprentice or trainee - personal service or travel",557,53229,46262,48944,45537,56164,50069
VIC,307,3931,Canvas or leather goods maker,162,52964,49885,49037,49742,54731,51201
VIC,308,5616,Switchboard operator,354,52853,51296,48759,49914,54409,52580
VIC,309,8392,Plastics or rubber factory worker,1126,52783,51071,50151,50397,54597,52896
VIC,310,6391,Model or sales demonstrator,6254,52730,45000,48038,41135,55517,47472
VIC,311,3613,Veterinary nurse,3569,52118,50937,48882,49942,53924,52722
VIC,312,1211,Aquaculture farmer,524,51401,39449,47588,41060,54877,43260
VIC,313,5611,Betting clerk,295,51337,45997,47199,44984,53556,48367
VIC,314,3624,Nurseryperson,3018,50990,46786,46248,45643,52896,48398
VIC,315,9342,Apprentice or trainee - electronics or telecommunications trades worker,1146,50977,44886,51531,47284,55511,49651
VIC,316,9341,Apprentice or trainee - electrician,9761,50598,44135,51744,46761,56276,50084
VIC,317,8322,Assembly line worker,14035,50210,50334,49097,51126,52101,52400
VIC,318,8399,Other factory process worker,23020,50178,48301,48393,48576,52179,50369
VIC,319,9392,Apprentice or trainee - printer or graphic artist,119,50103,47619,46834,44805,51004,47971
VIC,320,7411,Storeperson,52154,49551,49592,47706,49427,51243,51359
VIC,321,4231,Aged or disabled carer,45253,49508,45316,45601,42859,52690,48237
VIC,322,9530,Apprentice or trainee - clerical services,131,49314,38165,35546,28677,50331,40658
VIC,323,8312,"Meat boners and slicer, or slaughterer",4116,49314,49952,52491,54395,54179,55849
VIC,324,8993,Handyperson,2851,49106,47920,45005,45296,52029,50959
VIC,325,3611,Animal attendant or trainer,4350,48936,44599,44937,43285,51097,46235
VIC,326,8991,Caretaker,739,48614,45886,43163,42204,51079,47605
VIC,327,9899,"Apprentice or trainee - deck or fishing hand, or autoglazier",107,48163,45794,47037,44381,50008,46009
VIC,328,9322,Apprentice or trainee - metal fabrication engineering trades worker,1053,47801,45106,48466,46672,50824,48131
VIC,329,4521,Fitness instructor,5602,47768,40788,36191,31080,50374,43018
VIC,330,4233,Nursing support or personal care worker,28603,47517,45636,45645,44890,49900,47933
VIC,331,2492,Private teacher or tutor,6765,46833,35794,37794,25341,49234,38123
VIC,332,8313,"Meat, poultry or seafood process worker",8252,46741,47317,48430,50632,50518,51793
VIC,333,4113,Diversional therapist,344,46643,45264,44151,43473,48977,47241
VIC,334,7321,Delivery driver,14075,45505,44077,41891,41600,47574,46180
VIC,335,9334,Apprentice or trainee - plumber,6919,44392,40609,46659,44528,49773,46486
VIC,336,5421,Receptionist,29143,44296,41319,39252,38077,45692,42673
VIC,337,9324,Apprentice or trainee - automotive - other,685,44230,40484,43083,42613,47166,44229
VIC,338,7211,"Agricultural, forestry or horticultural plant operator",9682,44151,39966,42929,40224,47882,43978
VIC,339,4221,Education aide,22968,44124,41726,39029,39125,45835,43154
VIC,340,4522,Outdoor adventure guide,1172,44089,38858,41041,37195,47045,41330
VIC,341,7116,Sewing machinist,1773,43842,44892,41069,45153,44995,46191
VIC,342,8997,Vending machine attendant,964,43753,44810,41454,42504,44852,45551
VIC,343,4232,Dental nurse or assistant,8717,43492,42526,40670,41420,45096,44052
VIC,344,3911,Hairdresser,8076,43479,40735,38443,37009,45248,42484
VIC,345,9311,Apprentice or trainee - agricultural or medical technician,222,43406,40605,44879,41545,46653,44283
VIC,346,4211,Child carer,48304,43263,43245,40928,42029,44745,44773
VIC,347,6217,Street vendor or related salesperson,293,43152,31655,41404,31318,46380,34928
VIC,348,9394,Apprentice or trainee - wood trades worker,245,43108,41928,42236,42637,45634,45182
VIC,349,9410,Apprentice or trainee - health and welfare support services,503,42405,38745,36392,33101,44238,40302
VIC,350,9510,Apprentice or trainee - business services,282,42328,36208,39248,32948,43382,37031
VIC,351,4514,"Gallery, museum or tour guide",811,42214,37637,33753,30281,43978,38880
VIC,352,6393,Telemarketer,992,42187,38480,39009,36403,43409,39268
VIC,353,8115,Laundry worker,3015,42093,41606,39011,40139,43791,43449
VIC,354,3621,Florist,1072,41981,38294,35863,33840,43473,39778
VIC,355,7311,Automobile driver,924,41778,34034,32874,23153,44826,36790
VIC,356,9362,Apprentice or trainee - horticultural trades worker,1250,41687,39784,40651,41166,43905,42444
VIC,357,5997,Library assistant,755,41280,38295,35926,34919,42995,40112
VIC,358,9321,Apprentice or trainee - automotive mechanic or electrician,4002,41131,38881,42112,40947,44112,42257
VIC,359,9730,Apprentice or trainee - transport and distribution driver,141,41048,36458,39671,33871,43910,39121
VIC,360,4523,"Sports coaches, instructors and officials",10654,40897,28404,33530,21618,43005,29637
VIC,361,8111,Car detailer,2526,40881,40695,36636,36930,42176,42364
VIC,362,9331,"Apprentice or trainee - bricklayer, or carpenter and joiner",9885,40445,37146,42182,40719,46152,43493
VIC,363,9621,Consultant - sales assistant (retail),8322,40081,36086,37118,33485,41243,37191
VIC,364,6219,Other sales assistant or salesperson,22330,40063,34977,35710,31182,41219,35919
VIC,365,8116,Other cleaner,10446,39999,37420,36093,33628,41717,38980
VIC,366,9399,Apprentice or trainee - miscellaneous technicians or trades worker,229,39996,37522,39942,41123,42242,41475
VIC,367,6216,Service station attendant,733,39944,38294,36512,34822,41393,39433
VIC,368,5615,Market research interviewer,729,39501,30946,33568,24854,41629,32470
VIC,369,9351,Apprentice or trainee - food trades worker,2802,39166,39422,38808,39498,40551,40883
VIC,370,3514,Cook,9539,39097,37883,37380,36516,40490,39406
VIC,371,9333,Apprentice or trainee - tiler or plasterer,513,38835,38092,39763,40000,42569,41621
VIC,372,8112,Cleaner - commercial,30263,38828,35852,34681,31469,40464,37361
VIC,373,8321,Packer,23340,38392,37016,37229,36460,40234,39244
VIC,374,9332,Apprentice or trainee - floor finisher,616,38225,38097,38343,39536,41010,41826
VIC,375,9361,"Apprentice or trainee - animal attendant, trainer or shearer",468,37749,36266,34926,34975,39792,38279
VIC,376,4511,Beauty therapist,6225,37506,33945,33578,30350,38927,35269
VIC,377,9420,Apprentice or trainee - care and community services,200,37211,35206,34419,30480,38827,36092
VIC,378,9452,Apprentice or trainee - sport and recreation,282,37119,28395,33305,26242,38797,29669
VIC,379,6211,Sales assistant - general,103330,37028,32864,32313,28832,37945,33649
VIC,380,2722,Religious leader,3898,36430,30020,31758,27724,40240,33151
VIC,381,4311,Bar attendant or barista,23107,35678,32858,32653,29992,36507,33621
VIC,382,6214,Pharmacy sales assistant,9960,35597,32909,31937,29862,36732,34012
VIC,383,4319,Other hospitality worker,19389,35479,30560,31880,26738,36422,31398
VIC,384,4518,Other personal service worker,2739,34779,29376,29688,23560,36331,30449
VIC,385,4515,Personal care consultant,270,34118,27499,28868,22424,35591,28495
VIC,386,8512,Pastry cook's assistant,3517,34035,30432,30262,25930,34946,31161
VIC,387,9741,Apprentice or trainee - storeperson,224,33248,27920,30344,25926,34816,29807
VIC,388,8114,Housekeeper,7959,33107,31224,31105,28356,34288,32376
VIC,389,4116,Massage therapist,2725,33082,26973,26303,21062,34453,28305
VIC,390,9393,"Apprentice or trainee - textile, clothing or footwear trades worker",50,32721,32539,34344,33963,35791,35242
VIC,391,8912,Shelf filler,4269,32554,28716,29987,25546,33326,29263
VIC,392,6200,Sales assistant - type not specified,131,32314,24615,29216,21927,34706,27095
VIC,393,9391,Apprentice or trainee - hair dresser,1178,31193,31059,30482,31078,32644,32760
VIC,394,8113,Cleaner - domestic,4314,30817,28407,25064,21174,32292,29883
VIC,395,9811,Apprentice or trainee - cleaning services,1210,30387,27085,25410,19006,31875,28001
VIC,396,6311,Checkout operator or office cashier,50416,30134,26942,27083,23400,30803,27547
VIC,397,8513,Kitchen hand,30458,29425,26430,26982,23078,30216,27159
VIC,398,9841,"Apprentice or trainee - farm, forestry or garden worker",509,29405,26341,29249,25483,32339,28329
VIC,399,4315,Waiter,42812,28127,24045,25005,20690,28743,24482
VIC,400,4312,Café worker,15335,27953,24442,23992,19913,28572,24940
VIC,401,9831,"Apprentice or trainee - food, drink or meat processor",230,26415,22586,26932,21043,28937,25059
VIC,402,9431,Apprentice or trainee - hospitality,688,22627,19990,21485,17817,23894,20934
VIC,403,8511,Fast food cook,23164,22002,17436,20265,15245,22449,17570
WA,1,2535,Surgeon,443,559329,448272,266770,220054,584856,462837
WA,2,2532,Anaesthetist,502,418749,396025,270375,260636,441574,430559
WA,3,2533,Internal medicine specialist,1037,372186,343649,276879,257893,395162,364781
WA,4,2222,Financial dealer,348,298109,169492,230022,142884,309676,177069
WA,5,2534,Psychiatrist,321,296334,285204,250408,226269,311193,295417
WA,6,2539,Other medical practitioners,3190,276956,181078,222367,161542,294426,194974
WA,7,1332,Engineering manager,3875,229001,189619,200437,179696,235138,196463
WA,8,2712,Judicial or other legal professionals,393,218686,157686,203665,128851,224270,162835
WA,9,1111,Chief executive officer or managing director,20673,215683,106324,123896,83200,223174,112001
WA,10,2336,Mining engineer,4711,215496,187036,191082,174119,220166,190832
WA,11,1335,Production manager,3430,198547,169270,173274,156141,203317,173692
WA,12,2344,Geologist or geophysicist,5523,180975,152894,156209,144139,184805,156229
WA,13,2331,Chemical or materials engineer,2290,176575,154193,163488,148717,180359,158689
WA,14,7313,Train or tram driver,1705,171756,155196,148163,136327,175286,158592
WA,15,2531,General medical practitioner,5080,171023,130990,141717,119531,181378,140879
WA,16,9224,Consultant - management,2371,170157,122594,133295,111265,175694,128256
WA,17,2523,Dental practitioner,952,169573,140366,108254,90000,182564,153454
WA,18,2339,Other engineering professional,3923,168379,142915,154929,135888,173074,148177
WA,19,2713,Solicitor,5758,165145,124508,138148,114727,169824,128307
WA,20,3129,Other building or engineering technician,9628,164799,165400,151979,154853,168694,169016
WA,21,3992,"Chemical, gas, petroleum or power generation plant operator",2864,156057,135810,138859,130237,158955,138792
WA,22,2243,Economist,240,155036,125972,136540,122331,158061,127908
WA,23,1351,IT manager,5170,154939,139060,145162,135799,159120,143304
WA,24,9233,Consultant - engineering,1825,154649,137215,139095,129978,159729,142507
WA,25,2335,"Industrial, mechanical or production engineer",9247,153895,141668,144484,137433,157865,146018
WA,26,2332,Civil engineering professional,8337,152793,135411,143953,132372,156997,139200
WA,27,2333,Electrical engineer,5744,152521,146272,143067,141296,156730,150440
WA,28,1112,General manager,26464,150050,108692,124845,99999,155227,113597
WA,29,2223,Financial investment advisor or manager,1563,149330,111928,131720,103199,157502,120998
WA,30,1323,Human resource manager,3017,148316,124394,134744,120599,152140,128220
WA,31,2312,Marine transport professional,2534,147786,133015,135851,122908,153445,139488
WA,32,1321,Corporate services manager,1223,147343,116647,133869,112435,151370,119900
WA,33,1331,Construction manager,7559,146639,130634,138816,127719,152294,136408
WA,34,9222,Consultant - financial investment,260,143845,93445,127559,87218,188490,98483
WA,35,2252,IT sales professional,1348,142913,112327,134043,111276,148806,118326
WA,36,2311,Air transport professionals,2173,141553,124295,138834,121478,148957,130634
WA,37,1333,"Importer, exporter or wholesaler",293,141517,89785,92547,77936,146228,94142
WA,38,9133,Consultant - construction manager,174,140241,121303,133148,112308,147111,127887
WA,39,9261,Consultant - IT business analyst,1341,138609,129509,131341,125731,142546,132893
WA,40,7122,"Driller, miner or shot firer",19935,137628,136104,129689,127643,141100,139567
WA,41,1336,Supply and distribution manager,2442,137236,118790,128864,114616,141152,122313
WA,42,1322,Finance manager,5657,136055,101711,119730,95216,140370,105760
WA,43,9250,Consultant - medical,121,135738,83147,103389,73186,144702,92915
WA,44,3126,Safety inspector,1303,135385,128379,127027,124902,139323,131805
WA,45,2334,Electronics engineer,910,133925,128338,127347,124879,137901,132785
WA,46,3411,Electrician,11816,133245,130672,126149,126113,137803,135676
WA,47,3123,Electrical engineering draftsperson or technician,2576,133225,128018,124700,123258,137370,132031
WA,48,3422,Electrical distribution trades worker,1460,133063,140327,128753,136171,138552,147140
WA,49,7121,"Crane, hoist or lift operator",1908,132850,132510,125249,127819,137902,137971
WA,50,2221,Financial broker,2187,132651,95144,110389,88000,138481,100104
WA,51,3211,Automotive electrician,3146,132273,132098,125539,127643,136918,137091
WA,52,1343,School principal,1705,132223,135691,130731,138915,137689,140658
WA,53,2513,Occupational and environmental health professional,3791,130503,123499,124192,120543,134639,127501
WA,54,2633,Telecommunications engineering professional,621,130480,126654,125568,124736,133879,130033
WA,55,3232,Metal fitter or machinist,13486,129779,129412,124218,126922,133943,133709
WA,56,1392,Senior non-commissioned defence force member,410,129776,123801,103837,108670,133872,128173
WA,57,2349,Other natural or physical science professional,2027,129525,102926,118303,99945,133483,105319
WA,58,3231,Aircraft maintenance engineer,923,128565,116877,127326,116490,133964,121537
WA,59,2631,Computer network professional,3058,127469,115661,121412,114393,131318,119427
WA,60,8216,Railway track worker,1003,126567,124744,121591,125084,131352,132473
WA,61,2322,Cartographer or surveyor,2281,126236,121148,119588,117801,129734,124226
WA,62,5122,Practice manager,4441,125951,95876,108675,89996,130546,99839
WA,63,3125,Mechanical engineering draftsperson or technician,2668,125282,119707,119768,117001,128985,122912
WA,64,2611,IT business or systems analyst,3487,124338,114082,117505,111308,127350,116737
WA,65,2247,Management and organisation analyst,1859,123722,102629,108485,98339,127395,105874
WA,66,5996,"Insurance investigator, loss adjuster or risk surveyor",150,123506,106419,117044,100246,129385,110878
WA,67,6213,Motor vehicle and vehicle parts salesperson,1272,123339,104736,122891,105506,127229,108861
WA,68,2211,Accountant,17571,123013,100081,110294,96084,127449,104061
WA,69,2613,Software and applications programmer,8553,122709,116249,115038,113166,125704,119287
WA,70,1499,"Other hospitality, retail or service manager",3471,122598,110353,117380,109797,126567,113937
WA,71,1311,Advertising and sales manager,13631,122455,100003,112567,96439,127759,104967
WA,72,1325,Research and development manager,913,120652,104931,107765,98858,124916,108639
WA,73,2245,Land economist or valuer,495,119257,106422,117260,105359,127832,114530
WA,74,9251,Consultant - occupational health and safety,672,118216,107595,111147,104631,122562,111191
WA,75,3212,Motor mechanic,19112,118096,114687,114324,113479,122611,119167
WA,76,1391,Commissioned officer - management,1139,117527,113132,103740,105242,121593,116239
WA,77,4412,Fire or emergency service worker,2456,117219,113601,111413,110576,121468,118020
WA,78,1324,Policy and planning manager,3084,116571,111917,110415,107761,118932,113748
WA,79,2212,"Auditor, company secretary or corporate treasurer",2350,115752,91088,106323,88365,119232,94610
WA,80,2514,Optometrist or orthoptist,455,114853,107899,91778,99079,120966,114268
WA,81,2347,Veterinarian,1322,114494,99610,92590,91037,120098,102941
WA,82,3132,Telecommunications technical specialist,609,114394,109371,108490,108929,117786,113265
WA,83,7212,Earthmoving plant operator,9504,114029,115150,106876,109650,117175,118329
WA,84,2326,Urban and regional planner,1354,113937,105141,108292,102634,116757,107462
WA,85,4413,Police,7109,112392,114055,108411,112333,115806,117537
WA,86,3124,Electronic engineering draftsperson or technician,742,111933,102825,105330,99393,115325,105514
WA,87,3121,"Architectural, building or surveying technician",7591,110663,100409,106524,99774,114909,104419
WA,88,7123,Metal press operator,742,109664,114363,106243,111769,112118,117647
WA,89,3223,Structural steel or welding trades worker,15679,108946,106190,107164,107668,113248,111141
WA,90,9232,Consultant - urban and regional planner,94,108760,85453,92157,84535,113317,92194
WA,91,1494,Transport services manager,2477,108447,98211,102969,97315,112627,102133
WA,92,2233,Training and development officer,1436,108296,96683,99050,94774,111910,100281
WA,93,7129,Other stationary plant operator,3805,108238,107517,101326,102510,111066,110191
WA,94,8217,Structural steel construction worker,8748,107801,106284,106304,107243,113739,112697
WA,95,1399,Other specialist manager,3479,107466,91893,100085,90259,111067,95241
WA,96,2621,"Database or systems administrator, or IT security specialist",3295,107401,101438,102609,99022,110221,103747
WA,97,3421,Air conditioning and refrigeration mechanic,2082,107096,102833,102723,102034,112125,108664
WA,98,3423,Electronic equipment trades worker,3313,106632,91060,98977,87653,109907,94369
WA,99,2244,Intelligence or policy analyst,1314,105854,103650,101363,100528,108169,105985
WA,100,6121,Real estate sales agent,7196,105753,73382,99602,73468,114828,79520
WA,101,3122,Civil engineering draftsperson or technician,1868,105426,100223,101707,98761,108189,103132
WA,102,2254,Technical sales representative,2973,104710,95189,100130,93458,110638,100034
WA,103,5995,Inspector or regulatory officer,2192,104408,97216,99224,93690,107477,99670
WA,104,2343,Environmental scientist,5429,104225,91211,94930,87534,106826,93303
WA,105,9612,Consultant - real estate representative,373,104010,72618,99546,70376,112859,77764
WA,106,1113,Legislator,596,103851,80684,87529,70980,126238,85318
WA,107,7112,Industrial spray painter,1312,103390,97789,102898,100048,108026,103127
WA,108,8219,Other construction or mining labourer,10208,103367,100937,99461,99398,106958,104996
WA,109,2342,"Chemist, or food and wine scientist",1382,102558,91438,95811,87839,105763,94357
WA,110,9223,Consultant - human resources,1276,102220,90757,93332,88422,105564,93748
WA,111,2512,Medical imaging professional,1960,101787,103297,97943,101053,105852,106558
WA,112,4111,Ambulance officer or paramedic,1772,100712,100079,100760,99446,105183,104425
WA,113,2421,University lecturer or tutor,6132,99862,95695,88972,90284,103950,99756
WA,114,2321,Architect or landscape architect,1796,99686,87038,89548,83433,103912,90309
WA,115,4421,Prison officer,3707,99301,98667,95963,96974,102204,101546
WA,116,9442,"Consultant, apprentice or trainee - security and correctional services",175,99155,85619,87127,81425,102619,88502
WA,117,2253,Public relations officer,1868,97733,87807,89855,84211,100290,89736
WA,118,3424,Telecommunications trades worker,1634,97590,90600,93643,90404,100885,93250
WA,119,2612,Multimedia specialist or web developer,448,97561,94581,95099,93073,99981,95459
WA,120,3341,Plumber,5619,97070,94155,91429,93289,101950,99372
WA,121,3234,Toolmaker or engineering patternmaker,92,96907,89558,93809,89778,99768,91421
WA,122,7119,Other machine operator,6960,96607,93382,92655,92440,99616,96804
WA,123,2711,Barrister,133,96146,34315,44160,22469,99068,34780
WA,124,2241,"Actuary, mathematician or statistician",1314,95696,89554,92491,88586,98073,91718
WA,125,4411,Defence force member - other ranks,2258,95672,88106,81230,79599,99621,92232
WA,126,8992,Deck or fishing hand,1658,95108,87586,89569,81136,99354,92848
WA,127,2632,IT support or test engineer,2231,94127,81972,89357,81486,97159,85153
WA,128,7111,"Clay, concrete, glass or stone processing machine operator",1082,93909,87148,89529,87026,96725,89349
WA,129,1334,Manufacturer,1620,93884,82890,88446,82387,96915,85916
WA,130,2723,Psychologist,3061,93815,82615,76011,74172,98709,87005
WA,131,9254,Consultant - clinical nurse,184,93543,95280,92283,96678,97179,98259
WA,132,2543,Nursing supervisor or manager,551,93195,89925,91635,91505,96514,94206
WA,133,2341,Agricultural or forestry scientist,1276,92947,88373,86052,84714,96097,91298
WA,134,2414,Secondary school teacher,17124,92920,97497,89577,97383,96010,100635
WA,135,2345,Life scientist,1583,92804,88994,87692,86304,95816,91984
WA,136,3991,Boat builder or shipwright,377,92489,85419,88657,85008,96360,88917
WA,137,7331,Truck driver,22848,92438,90961,90321,91173,97146,95158
WA,138,9225,Consultant - marketing and public relations,774,91638,79739,83430,73098,96118,81853
WA,139,7219,Other mobile plant operator,1571,91404,81419,86731,78924,94852,83804
WA,140,9234,Consultant - environmental,456,91213,76095,83366,74449,94361,79627
WA,141,3222,Sheetmetal trades worker,908,91104,85473,88797,85586,94708,88338
WA,142,2515,Pharmacist,3458,90640,85288,76634,78965,95218,88875
WA,143,2251,Advertising and marketing professional,4759,90622,77130,84799,75454,94177,79913
WA,144,2231,Human resource professional,8102,90319,78751,85971,78248,93091,81595
WA,145,2346,Medical laboratory scientist,1613,88747,87339,85565,86147,91370,89354
WA,146,7115,Plastics or rubber production machine operator,597,88623,80938,87247,81607,91876,83969
WA,147,2526,Podiatrist,341,88568,81297,71926,73489,93358,86119
WA,148,2521,Chiropractor or osteopath,434,88250,76997,65317,60000,93838,83490
WA,149,6112,Insurance agent or salesperson,832,87810,64565,77471,63998,90611,66420
WA,150,2121,"Artistic director, media producer or presenter",658,87542,76044,79992,73217,92011,80125
WA,151,5522,Credit or loans officer,653,87265,79267,83730,78914,90253,82354
WA,152,2124,Journalist or other writer,1179,87158,80395,80528,75789,90564,83904
WA,153,3312,Carpenter and joiner,7060,86991,83428,83080,83086,92441,88984
WA,154,8911,Freight or furniture handler,2028,86743,81483,83844,80770,90042,84647
WA,155,2323,"Fashion, industrial or jewellery designer",465,85889,73840,79514,70939,88744,77048
WA,156,5991,Conveyancer or legal executive,1332,85092,66979,75333,66526,87692,69074
WA,157,2413,Middle school teacher,1444,85035,88874,79322,85660,88571,92232
WA,158,5111,"Contract, program or project administrator",27469,84879,74086,80125,72641,87209,76269
WA,159,5521,"Bank teller, officer or employee",5506,84442,74979,81591,73818,87125,77493
WA,160,3113,Primary products inspector,819,84116,81163,77004,78885,86679,83674
WA,161,1413,Hotel or motel manager,891,83923,70613,74030,69380,87489,72543
WA,162,3999,Other miscellaneous technician and trades worker,3900,83590,72497,79620,71652,86602,75540
WA,163,3111,Agricultural technician,562,83412,72272,77268,72364,86242,75139
WA,164,5310,Public servant - administrative service officer - levels 3-4,2714,83386,81449,79250,78890,85171,82835
WA,165,2249,Other information and organisation professional,1604,82938,75452,74554,71300,85619,78766
WA,166,2542,Nurse educator or researcher,823,82820,80912,78963,80291,87036,85035
WA,167,2410,School teacher - type not specified,3766,82432,77041,68578,67796,86161,81350
WA,168,2525,Physiotherapist,3676,82225,78595,71645,73296,86633,82878
WA,169,6111,"Auctioneer, or stock and station agent",161,82166,71819,72929,67120,86101,72457
WA,170,2412,Infant or primary school teacher,21538,82075,84553,77658,83054,84980,87775
WA,171,2422,TAFE teacher or tutor,2966,81996,83254,75389,80145,85452,86942
WA,172,5523,"Insurance, money market or statistical clerk",2293,81719,72792,77156,72534,84152,74936
WA,173,2524,Occupational therapist,3605,81585,69798,67114,65450,84989,72986
WA,174,5912,Receiving and dispatching clerk,2037,81407,74884,78889,75000,83920,77339
WA,175,9221,Consultant - tax accountant,808,81078,67240,74271,67166,86218,72297
WA,176,8994,Motor vehicle parts and accessories fitter,2016,80503,68863,78238,69440,82965,71234
WA,177,8212,Concreter,2057,80493,76718,75964,74204,84306,80260
WA,178,2112,Music professional,528,80046,51211,49616,36085,84892,56167
WA,179,1342,Health and welfare services manager,5021,79925,68008,75072,65577,83057,70657
WA,180,5412,Inquiry clerk,673,79900,75165,75441,74053,82021,76541
WA,181,8215,Paving and surfacing labourer,1463,79859,76759,78337,77078,83177,80093
WA,182,2544,Registered nurse,34352,79691,76855,76831,75905,82669,79628
WA,183,7117,Textile or footwear production machine operator,57,79685,69040,75104,67920,81108,70550
WA,184,3242,Vehicle body builder or trimmer,402,78587,77605,78099,79142,81825,80262
WA,185,2123,"Film, television radio or stage director",664,78527,70837,68316,66671,81876,74237
WA,186,1341,Child care centre director,740,78425,73399,70480,72535,81916,76734
WA,187,3233,Precision metal trades worker,307,78386,72136,72546,69447,80945,75468
WA,188,2541,Midwife,2341,78266,76207,73025,73026,81543,79211
WA,189,2725,Social worker,4573,78174,76415,73782,74378,81101,79152
WA,190,3994,Jeweller,178,78136,75467,65851,68568,80421,75919
WA,191,5610,Public servant - administrative service officer - levels 1-2,1352,77987,75844,71077,73330,80069,77219
WA,192,2519,Other health diagnostic and promotion professionals,631,77933,71189,72311,67376,80937,73093
WA,193,5211,Personal assistant,4266,76962,73162,69748,71177,79506,75926
WA,194,2527,Speech professional or audiologist,1705,76339,72483,67467,68490,80085,75788
WA,195,3241,Panel beater,994,76267,77601,74982,78697,79896,81171
WA,196,9712,Apprentice or trainee - miner,256,75919,73033,72183,69704,79219,76296
WA,197,2242,"Archivist, curator or records manager",1663,75676,71167,69637,68565,77868,72661
WA,198,9611,Consultant - sales representative (wholesale),360,75489,68293,70237,67332,79420,71103
WA,199,5121,Office administrator or manager,23985,75477,65097,61548,59415,78202,67435
WA,200,4112,"Dental hygienist, technician or therapist",1136,75284,71091,70258,67167,79035,74531
WA,201,4513,Funeral worker,366,75209,65445,59693,63807,77179,67192
WA,202,7113,Paper or wood processing machine operator,557,75130,75657,73760,75764,77540,77425
WA,203,3332,Plasterer,1407,74839,71908,68808,70253,79575,77441
WA,204,1344,Other education manager,2380,74815,66498,67561,63970,77367,68166
WA,205,5992,Court or legal clerk,1322,74511,64743,63876,62323,76252,66614
WA,206,1414,Licensed club manager,138,74338,65422,70645,66830,78246,70446
WA,207,3923,Printer,324,74316,71860,72698,71053,75996,72849
WA,208,5513,Payroll clerk,1909,74163,73219,70956,72441,75873,75356
WA,209,9599,"Consultant, apprentice or trainee - justice and legal services, insurance claims investigation",88,74009,75622,73408,75059,76515,76576
WA,210,2246,Librarian,871,73914,68782,64933,65045,76217,71009
WA,211,3243,Vehicle painter,955,73778,73834,73737,76209,76908,78025
WA,212,5511,Accounting clerk,9894,73727,65572,66333,64221,75892,67443
WA,213,3331,Glazier,1065,73718,69820,69158,70534,76938,73065
WA,214,3114,Science technician,4537,73576,68942,69713,68005,75491,70573
WA,215,2324,"Graphic or web designer, or illustrator",2347,73528,68076,66211,65236,75688,70179
WA,216,2511,Dietician,633,73507,68813,63934,62574,76876,72084
WA,217,4524,Sportsperson,1639,73380,38677,62373,34561,77163,40396
WA,218,9323,Apprentice or trainee - mechanical trades engineering trades worker,1527,71939,63191,71415,64085,75376,67040
WA,219,2411,Pre-school or kindergarten teacher,2248,71393,68575,66413,66566,74393,71448
WA,220,5994,Human resource clerk,711,71229,65751,67677,65456,72993,67411
WA,221,3131,IT support technician,3152,71108,68070,68574,67870,73084,70113
WA,222,5911,Purchasing or supply logistics clerk,10529,70699,66120,67431,65250,72635,67920
WA,223,8214,Insulation or home improvement installer,789,70332,64522,66485,63314,73502,67626
WA,224,5212,Secretary,2704,70195,62477,56137,56096,73026,64882
WA,225,8996,Rubbish or recycling collector,332,69980,71471,67986,71875,71931,74164
WA,226,1419,Other accommodation or hospitality manager,197,69946,63430,65536,62169,73002,68422
WA,227,2325,Interior designer,628,69909,63414,61783,60952,72696,66059
WA,228,3311,Bricklayer or stonemason,1328,69731,66624,64197,65201,73734,70307
WA,229,1213,Livestock farmer,1755,69728,63758,60567,60948,74506,69597
WA,230,3623,Greenkeeper,251,69629,68218,66551,66733,71700,69886
WA,231,4422,Security officer or guard,8671,69277,68437,67314,69118,72136,71384
WA,232,4512,Driving instructor,175,68795,69638,64354,65785,71454,72501
WA,233,6113,Sales representative,17459,68740,59893,64785,58464,71467,62172
WA,234,3321,Floor finisher,336,68516,65163,61173,59267,72020,69656
WA,235,3941,Cabinet maker,1883,68484,67871,65801,67998,71831,70934
WA,236,1421,Retail manager,13185,67953,61852,63509,61265,70479,64107
WA,237,3996,Signwriter,305,67902,67201,64660,67378,69988,68668
WA,238,8391,Metal engineering process worker,974,67895,61436,65140,61906,69799,63640
WA,239,4516,Tourism or travel adviser,1062,67882,61795,60669,58687,71172,64255
WA,240,1491,"Amusement, fitness or sports centre manager",682,67709,62722,62530,62248,70869,66456
WA,241,1492,Call or contact centre or customer service manager,9964,67689,61822,64425,61227,69944,64225
WA,242,8392,Plastics or rubber factory worker,372,67685,60322,65468,59282,69654,61731
WA,243,3221,"Metal casting, forging or finishing trades worker",191,67494,68546,64652,64372,70616,72663
WA,244,1412,Caravan park manager,302,67469,54308,51343,49273,70892,55781
WA,245,3322,Painting trades worker,1944,67280,62917,62236,62364,71269,67859
WA,246,3922,Graphic pre-press trades worker,115,66733,60972,63743,60060,68044,62021
WA,247,2724,Social professionals,808,66421,53434,55280,42448,69818,57839
WA,248,7312,Bus or coach driver,5092,66364,65915,61579,64320,68994,68928
WA,249,2491,Education advisor or reviewer,2274,66121,56895,60698,54742,68712,58726
WA,250,4517,Travel attendant,1362,66062,59519,64037,60298,69030,62181
WA,251,3512,Butcher or smallgoods maker,1328,66049,62878,61173,63064,68423,64731
WA,252,4313,Gaming worker,607,65168,68533,64032,68906,66445,69646
WA,253,5999,Other miscellaneous clerical or administrative worker,2659,65086,58787,53122,52736,67327,60919
WA,254,1211,Aquaculture farmer,255,65086,58887,60863,53596,69272,62400
WA,255,1493,Conference and event organiser,1932,64880,62983,60398,61851,67432,65596
WA,256,5512,Bookkeeper,4453,64655,56298,50686,48541,67818,59402
WA,257,2721,Counsellor,1825,64146,60231,58682,58200,67427,63884
WA,258,4314,Hotel service manager,556,63969,62728,62249,61625,66039,64553
WA,259,8399,Other factory process worker,6629,63705,54177,60633,54080,65516,56060
WA,260,3995,Performing arts technician,988,63647,60157,56340,54470,66336,62389
WA,261,9552,Consultant - insurance (clerical),136,63558,60863,58128,59746,65586,61596
WA,262,7213,Forklift driver,3736,63190,62471,61738,62474,65243,64483
WA,263,2726,"Welfare, recreation or community arts worker",703,62956,60628,60016,60168,65119,63692
WA,264,8999,Other miscellaneous labourers,22751,62676,55107,59402,54143,65374,57896
WA,265,4234,Special care worker,568,61776,56576,57511,55145,63901,58347
WA,266,9550,Apprentice or trainee - financial services,58,61755,52299,48340,45718,63755,52947
WA,267,6215,Retail supervisor,2656,61328,56535,58021,55332,63277,58213
WA,268,5311,Administration assistant or office worker,31061,61232,54484,50578,49562,63087,56203
WA,269,8211,Building or plumbing labourer,10644,61150,52078,58410,51872,64735,55709
WA,270,6212,IT sales assistant,401,60850,47534,58079,46556,62571,48767
WA,271,5993,Debt collector,201,60838,63668,59671,62988,62910,64960
WA,272,3333,Roof tiler,210,60796,54995,55963,53548,63662,59232
WA,273,1411,Café or restaurant manager,5723,60781,54987,54559,54543,63459,57819
WA,274,2122,"Author, or book or script editor",77,60640,47663,38000,31860,63943,52293
WA,275,3513,Chef,14986,60330,58591,59574,59360,62720,61039
WA,276,3942,Wood machinist or other wood trades worker,232,60046,58905,56741,58163,62038,59975
WA,277,3921,"Binder, finisher or screen printer",268,59957,59237,57097,59510,61903,61240
WA,278,9341,Apprentice or trainee - electrician,4914,59847,49518,59082,50388,63823,53833
WA,279,5321,Keyboard operator,1572,59777,54994,54442,53510,61852,57148
WA,280,5612,Courier or postal deliverer,2579,59727,62235,56486,61913,61580,63866
WA,281,3334,Wall and floor tiler,676,59690,56035,55158,54674,62974,59588
WA,282,2415,Special needs teacher,3206,59599,54170,56201,53448,61999,55964
WA,283,4115,Aboriginal and Torres Strait Islander health worker,621,59498,57836,54467,54795,60928,58623
WA,284,8312,"Meat boners and slicer, or slaughterer",1241,58986,58907,59058,59916,61963,61602
WA,285,8213,Fencer,517,58523,52742,55285,50092,60987,53916
WA,286,3511,Baker or pastrycook,1901,57635,58619,54670,57726,59208,59930
WA,287,3112,Medical technician,4871,57480,53211,54646,52151,59399,54983
WA,288,8393,Product quality controller,315,57478,46300,53155,45079,59244,48567
WA,289,6395,Window dresser,28,57448,57267,52189,57402,61060,58897
WA,290,4114,Enrolled or mothercraft nurse,3142,56893,54526,55371,54636,59376,56868
WA,291,9322,Apprentice or trainee - metal fabrication engineering trades worker,1201,56875,50273,57499,52061,59582,53452
WA,292,2493,Teacher of English to speakers of other languages,288,56811,52501,52208,51731,58413,54254
WA,293,9321,Apprentice or trainee - automotive mechanic or electrician,4022,56789,47232,57400,49399,60381,50981
WA,294,8394,Timber or wood process worker,725,56785,53215,53020,52298,58190,54771
WA,295,5614,Mail sorter,857,56707,56555,53880,54726,58008,58085
WA,296,7411,Storeperson,19815,56451,54525,53869,53956,57892,55889
WA,297,9324,Apprentice or trainee - automotive - other,567,56374,47103,56567,48743,59415,50652
WA,298,5616,Switchboard operator,175,56336,50771,52886,50627,57510,51091
WA,299,3624,Nurseryperson,1025,56019,49448,47712,48177,57878,50699
WA,300,3933,Upholsterer,169,55792,56217,55004,56892,57760,57930
WA,301,3931,Canvas or leather goods maker,93,55434,51427,54329,53208,57224,53276
WA,302,7114,Photographic developer and printer,124,55029,51845,50068,49405,56212,52145
WA,303,9313,Apprentice or trainee - information technology technician or telecommunications technical specialist,213,54812,49580,52372,49669,56555,52472
WA,304,5411,Call or contact centre worker,3609,54558,52823,52572,52500,55865,54227
WA,305,3613,Veterinary nurse,1648,53740,53652,50855,53270,55561,55277
WA,306,9399,Apprentice or trainee - miscellaneous technicians or trades worker,203,53739,47080,51389,47485,55856,48765
WA,307,8995,Printing assistant or table worker,116,53631,51230,48315,49839,55892,51718
WA,308,9730,Apprentice or trainee - transport and distribution driver,83,53126,47402,50039,49001,55218,49427
WA,309,3993,"Gallery, library or museum technician",1345,52893,52813,48657,50131,54202,54222
WA,310,4117,Welfare support worker,20687,52676,48739,48997,46213,55948,51953
WA,311,7211,"Agricultural, forestry or horticultural plant operator",6496,52086,43623,47256,40766,55146,46498
WA,312,5613,Filing clerk,138,51930,45572,44483,41267,53189,47202
WA,313,9342,Apprentice or trainee - electronics or telecommunications trades worker,834,51899,46183,51736,48161,55168,50108
WA,314,8993,Handyperson,1435,51767,49890,46188,46431,54160,52307
WA,315,8313,"Meat, poultry or seafood process worker",3134,51548,51370,51181,52791,53834,54218
WA,316,9410,Apprentice or trainee - health and welfare support services,176,51495,45380,44635,37957,53473,47624
WA,317,5611,Betting clerk,142,50995,40069,41556,32793,52521,43113
WA,318,9451,"Consultant, apprentice or trainee - personal service or travel",339,50763,41942,47583,41070,53183,44826
WA,319,2113,Photographer,525,50328,43136,39519,33037,52952,45494
WA,320,9899,"Apprentice or trainee - deck or fishing hand, or autoglazier",109,50252,51595,48986,52510,52129,53374
WA,321,8322,Assembly line worker,1677,49972,49026,48017,48713,51522,50629
WA,322,6394,Ticket seller,831,49909,48213,47686,45712,51402,49299
WA,323,4233,Nursing support or personal care worker,8016,49718,47491,47977,46837,51832,49586
WA,324,2492,Private teacher or tutor,2413,49141,37989,39259,25276,51460,39749
WA,325,4221,Education aide,14739,48943,47822,42796,45348,50570,49381
WA,326,8991,Caretaker,438,48515,46570,43346,41147,50284,48295
WA,327,2522,Complementary health therapist,509,48480,42531,40237,36083,51546,45385
WA,328,9393,"Apprentice or trainee - textile, clothing or footwear trades worker",31,48462,40592,47172,46077,50379,40592
WA,329,6216,Service station attendant,490,47754,40196,40081,39485,48876,41433
WA,330,4231,Aged or disabled carer,25800,47712,44010,45625,42508,50947,46846
WA,331,7311,Automobile driver,276,47655,38543,38535,27300,50228,40732
WA,332,3932,Clothing trades worker,253,47360,43945,41986,40994,49547,45595
WA,333,9311,Apprentice or trainee - agricultural or medical technician,175,47213,42383,46535,42475,49843,43600
WA,334,9510,Apprentice or trainee - business services,112,47158,39040,40162,33939,48740,43349
WA,335,4521,Fitness instructor,2423,47050,40440,35591,30190,49520,42843
WA,336,5619,Other clerical or office support worker,724,46853,43135,41867,39799,48221,44329
WA,337,6392,Retail or wool buyer,694,46702,34692,42804,32069,48187,35350
WA,338,5421,Receptionist,14250,45849,43041,40654,39928,47168,44188
WA,339,4514,"Gallery, museum or tour guide",658,45626,40636,37402,34592,47427,42200
WA,340,7116,Sewing machinist,524,45554,46598,42169,44341,46445,47429
WA,341,4113,Diversional therapist,22,45417,42365,45597,46385,46990,46403
WA,342,9334,Apprentice or trainee - plumber,1392,45390,40698,46180,42923,49032,44512
WA,343,2111,"Actor, dancer or other entertainer",825,45106,34062,31329,21664,48162,36038
WA,344,4232,Dental nurse or assistant,3702,44759,44053,41457,42250,46405,45574
WA,345,2114,Visual arts and crafts professional,235,44586,38572,34423,25875,46145,39087
WA,346,7321,Delivery driver,5978,44494,41016,40362,36525,46237,43128
WA,347,8116,Other cleaner,4601,44488,39975,40953,36671,46152,41228
WA,348,4522,Outdoor adventure guide,334,43862,39456,42465,39636,46626,42420
WA,349,9530,Apprentice or trainee - clerical services,78,43610,38453,38387,35630,44466,39431
WA,350,9362,Apprentice or trainee - horticultural trades worker,296,43601,43675,42699,44802,44844,45598
WA,351,3911,Hairdresser,3949,43596,40754,38275,36944,45417,42853
WA,352,8115,Laundry worker,1428,43331,43432,40946,41694,44700,44822
WA,353,3611,Animal attendant or trainer,1366,42810,37141,38303,34307,44299,38601
WA,354,9351,Apprentice or trainee - food trades worker,1233,42613,42058,41990,42472,43928,43505
WA,355,5997,Library assistant,377,42606,39036,36893,36697,44987,41918
WA,356,9361,"Apprentice or trainee - animal attendant, trainer or shearer",263,42509,40329,41938,39530,44380,42316
WA,357,4523,"Sports coaches, instructors and officials",4291,42218,30258,33706,23094,44127,31589
WA,358,9332,Apprentice or trainee - floor finisher,347,42048,39909,41344,39774,44553,41960
